{
	"credit": "Made with Blockbench",
	"textures": {
		"0": "cmd/red",
		"particle": "cmd/red"
	},
	"elements": [
		{
			"from": [6, 0, 6],
			"to": [10, 16, 10],
			"faces": {
				"north": {"uv": [0, 0, 4, 16], "texture": "#0"},
				"east": {"uv": [0, 0, 4, 16], "texture": "#0"},
				"south": {"uv": [0, 0, 4, 16], "texture": "#0"},
				"west": {"uv": [0, 0, 4, 16], "texture": "#0"},
				"up": {"uv": [0, 0, 4, 4], "texture": "#0"},
				"down": {"uv": [0, 0, 4, 4], "texture": "#0"}
			}
		},
		{
			"from": [7, 8, 0],
			"to": [9, 10, 6],
			"rotation": {"angle": 0, "axis": "y", "origin": [8, 0, 8]},
			"faces": {
				"north": {"uv": [0, 0, 2, 2], "texture": "#0"},
				"east": {"uv": [0, 0, 6, 2], "texture": "#0"},
				"south": {"uv": [0, 0, 2, 2], "texture": "#0"},
				"west": {"uv": [0, 0, 6, 2], "texture": "#0"},
				"up": {"uv": [0, 14, 6, 16], "rotation": 90, "texture": "#0"},
				"down": {"uv": [0, 14, 6, 16], "rotation": 90, "texture": "#0"}
			}
		}
	],
	"display": {
		"fixed": {
			"translation": [0, 11.75, -1],
			"scale": [1.5, 1.5, 1.5]
		}
	}
}