{
    "parent": "minecraft:item/generated",
    "textures": {
        "layer0": "minecraft:item/netherite_leggings"
    },
    "overrides": [
        {
            "predicate": {
                "custom_model_data": 1
            },
            "model": "item/sakura_story/operator_tool/zero_leggings"
        },
        {
            "predicate": {
                "custom_model_data": 2
            },
            "model": "item/sakura_story/amethyst_mosaic/netherite_leggings"
        },
        {
            "predicate": {
                "custom_model_data": 3
            },
            "model": "item/sakura_story/whitemark/netherite_leggings"
        },
        {
            "predicate": {
                "custom_model_data": 8
            },
            "model": "item/sakura_story/ruined_king/netherite_leggings"
        },
        {
            "predicate": {
                "custom_model_data": 9
            },
            "model": "item/sakura_story/whitemark_pink/netherite_leggings"
        },
        {
            "predicate": {
                "custom_model_data": 10
            },
            "model": "item/sakura_story/operator_tool/zero_leggings"
        },
        {
            "predicate": {
                "custom_model_data": 11
            },
            "model": "item/sakura_story/whitemark_iamnothoward/netherite_leggings"
        },
        {
            "predicate": {
                "custom_model_data": 12
            },
            "model": "item/sakura_story/titanium/netherite_leggings"
        },
        {
            "predicate": {
                "custom_model_data": 13
            },
            "model": "item/sakura_story/ares/netherite_leggings"
        },
        {
            "predicate": {
                "custom_model_data": 21
            },
            "model": "item/sakura_story/brave_fighter/leggings"
        }
    ]
}