{
	"credit": "Made with Blockbench",
	"texture_size": [32, 32],
	"textures": {
		"1": "minecraft:item/sakura_story/brave_fighter/sword",
		"2": "minecraft:item/sakura_story/brave_fighter/vfx_1",
		"3": "minecraft:item/sakura_story/brave_fighter/vfx"
	},
	"elements": [
		{
			"from": [7, -15.25, 7],
			"to": [9, -5.25, 9],
			"faces": {
				"north": {"uv": [6, 0, 7, 5], "texture": "#1"},
				"east": {"uv": [4, 6, 5, 11], "texture": "#1"},
				"south": {"uv": [5, 6, 6, 11], "texture": "#1"},
				"west": {"uv": [6, 5, 7, 10], "texture": "#1"},
				"up": {"uv": [9.5, 7, 8.5, 6], "texture": "#1"},
				"down": {"uv": [8, 8.5, 7, 9.5], "texture": "#1"}
			}
		},
		{
			"from": [7.5, -5, 6],
			"to": [8.5, 1, 10],
			"faces": {
				"north": {"uv": [2.5, 8.5, 3, 11.5], "texture": "#1"},
				"east": {"uv": [4, 0, 6, 3], "texture": "#1"},
				"south": {"uv": [3, 8.5, 3.5, 11.5], "texture": "#1"},
				"west": {"uv": [4, 3, 6, 6], "texture": "#1"},
				"up": {"uv": [4, 10.5, 3.5, 8.5], "texture": "#1"},
				"down": {"uv": [9, 4, 8.5, 6], "texture": "#1"}
			}
		},
		{
			"from": [8, 1, 6],
			"to": [8, 15, 10],
			"faces": {
				"north": {"uv": [0, 0, 0, 7], "texture": "#1"},
				"east": {"uv": [0, 0, 2, 7], "texture": "#1"},
				"south": {"uv": [0, 0, 0, 7], "texture": "#1"},
				"west": {"uv": [2, 0, 4, 7], "texture": "#1"},
				"up": {"uv": [0, 2, 0, 0], "texture": "#1"},
				"down": {"uv": [0, 0, 0, 2], "texture": "#1"}
			}
		},
		{
			"from": [7, -6, 4],
			"to": [9, -5, 12],
			"faces": {
				"north": {"uv": [9, 4, 10, 4.5], "texture": "#1"},
				"east": {"uv": [8, 3, 12, 3.5], "texture": "#1"},
				"south": {"uv": [9, 4.5, 10, 5], "texture": "#1"},
				"west": {"uv": [8, 3.5, 12, 4], "texture": "#1"},
				"up": {"uv": [1, 11, 0, 7], "texture": "#1"},
				"down": {"uv": [8, 0, 7, 4], "texture": "#1"}
			}
		},
		{
			"from": [6.5, -6, 9],
			"to": [9.5, -3, 12],
			"rotation": {"angle": 45, "axis": "x", "origin": [8, -2, 8]},
			"faces": {
				"north": {"uv": [7, 4, 8.5, 5.5], "texture": "#1"},
				"east": {"uv": [7, 5.5, 8.5, 7], "texture": "#1"},
				"south": {"uv": [7, 7, 8.5, 8.5], "texture": "#1"},
				"west": {"uv": [8, 0, 9.5, 1.5], "texture": "#1"},
				"up": {"uv": [9.5, 3, 8, 1.5], "texture": "#1"},
				"down": {"uv": [2.5, 8.5, 1, 10], "texture": "#1"}
			}
		},
		{
			"from": [6.5, -14.25, 6.5],
			"to": [9.5, -13.25, 9.5],
			"faces": {
				"north": {"uv": [8.5, 7, 10, 7.5], "texture": "#1"},
				"east": {"uv": [8.5, 7.5, 10, 8], "texture": "#1"},
				"south": {"uv": [8, 8.5, 9.5, 9], "texture": "#1"},
				"west": {"uv": [8.5, 8, 10, 8.5], "texture": "#1"},
				"up": {"uv": [2.5, 8.5, 1, 7], "texture": "#1"},
				"down": {"uv": [4, 7, 2.5, 8.5], "texture": "#1"}
			}
		},
		{
			"from": [5.75, -10.03553, 8.5],
			"to": [5.75, 5.96447, 24.5],
			"rotation": {"angle": 45, "axis": "x", "origin": [8, 6.46447, 8]},
			"faces": {
				"north": {"uv": [0, 0, 0, 8], "texture": "#3"},
				"east": {"uv": [0, 0, 16, 16], "texture": "#3"},
				"south": {"uv": [0, 0, 0, 8], "texture": "#3"},
				"west": {"uv": [0, 0, 16, 16], "texture": "#3"},
				"up": {"uv": [0, 8, 0, 0], "texture": "#3"},
				"down": {"uv": [0, 0, 0, 8], "texture": "#3"}
			}
		},
		{
			"from": [10.25, -10.03553, 8.5],
			"to": [10.25, 5.96447, 24.5],
			"rotation": {"angle": 45, "axis": "x", "origin": [8, 6.46447, 8]},
			"faces": {
				"north": {"uv": [0, 0, 0, 8], "texture": "#2"},
				"east": {"uv": [0, 0, 16, 16], "texture": "#2"},
				"south": {"uv": [0, 0, 0, 8], "texture": "#2"},
				"west": {"uv": [16, 0, 0, 16], "texture": "#2"},
				"up": {"uv": [0, 8, 0, 0], "texture": "#2"},
				"down": {"uv": [0, 0, 0, 8], "texture": "#2"}
			}
		}
	],
	"gui_light": "front",
	"display": {
		"thirdperson_righthand": {
			"translation": [0, 16.5, 1.5]
		},
		"thirdperson_lefthand": {
			"translation": [0, 16.5, 1.5]
		},
		"firstperson_righthand": {
			"rotation": [12, 4, 0],
			"translation": [8.5, 10.5, -3.75]
		},
		"firstperson_lefthand": {
			"rotation": [12, 4, 0],
			"translation": [8.5, 10.25, -3.75]
		},
		"ground": {
			"rotation": [45, 0, 0],
			"translation": [0, 4, 1.75],
			"scale": [0.35, 0.35, 0.35]
		},
		"gui": {
			"rotation": [-90, 135, 90],
			"translation": [3.5, 3.75, 0],
			"scale": [0.6, 0.6, 0.6]
		},
		"fixed": {
			"rotation": [90, -45, 90],
			"translation": [-4.25, 4.25, -0.5],
			"scale": [0.7, 0.7, 0.7]
		}
	},
	"groups": [
		0,
		1,
		2,
		3,
		4,
		5,
		{
			"name": "group",
			"origin": [8, 10, 8],
			"color": 0,
			"children": [6, 7]
		}
	]
}