{
	"credit": "Made with Blockbench",
	"texture_size": [64, 64],
	"textures": {
		"1": "minecraft:item/sakura_story/brave_fighter/bow",
		"2": "minecraft:item/sakura_story/brave_fighter/vfx_1",
		"3": "minecraft:item/sakura_story/brave_fighter/vfx"
	},
	"elements": [
		{
			"from": [7, 11.51142, 5.98235],
			"to": [9, 13.51142, 17.98235],
			"rotation": {"angle": -45, "axis": "x", "origin": [7, 9.46636, 6.9443]},
			"faces": {
				"north": {"uv": [5.5, 8.5, 6, 9], "texture": "#1"},
				"east": {"uv": [3, 5, 6, 5.5], "texture": "#1"},
				"south": {"uv": [8, 8.5, 8.5, 9], "texture": "#1"},
				"west": {"uv": [3, 5.5, 6, 6], "texture": "#1"},
				"up": {"uv": [3.5, 9, 3, 6], "texture": "#1"},
				"down": {"uv": [4, 6, 3.5, 9], "texture": "#1"}
			}
		},
		{
			"from": [6.5, 11.01142, 15.98235],
			"to": [9.5, 14.01142, 16.98235],
			"rotation": {"angle": -45, "axis": "x", "origin": [7, 9.46636, 6.9443]},
			"faces": {
				"north": {"uv": [8.25, 5.25, 9, 6], "texture": "#1"},
				"east": {"uv": [7.25, 4.25, 7.5, 5], "texture": "#1"},
				"south": {"uv": [6, 8.25, 6.75, 9], "texture": "#1"},
				"west": {"uv": [5, 9, 5.25, 9.75], "texture": "#1"},
				"up": {"uv": [9.5, 8.5, 8.75, 8.25], "texture": "#1"},
				"down": {"uv": [6, 9, 5.25, 9.25], "texture": "#1"}
			}
		},
		{
			"from": [7, 9.51142, 5.98235],
			"to": [9, 11.51142, 7.98235],
			"rotation": {"angle": -45, "axis": "x", "origin": [7, 9.46636, 6.9443]},
			"faces": {
				"north": {"uv": [9, 0, 9.5, 0.5], "texture": "#1"},
				"east": {"uv": [9, 0.5, 9.5, 1], "texture": "#1"},
				"south": {"uv": [1.5, 9, 2, 9.5], "texture": "#1"},
				"west": {"uv": [2, 9, 2.5, 9.5], "texture": "#1"},
				"up": {"uv": [3, 9.5, 2.5, 9], "texture": "#1"},
				"down": {"uv": [3.5, 9, 3, 9.5], "texture": "#1"}
			}
		},
		{
			"from": [7, -10.41342, -3.38109],
			"to": [9, 1.58658, -1.38109],
			"rotation": {"angle": -45, "axis": "x", "origin": [6.5, 7.12463, 6.41397]},
			"faces": {
				"north": {"uv": [4, 6, 4.5, 9], "texture": "#1"},
				"east": {"uv": [4.5, 6, 5, 9], "texture": "#1"},
				"south": {"uv": [5, 6, 5.5, 9], "texture": "#1"},
				"west": {"uv": [6, 5, 6.5, 8], "texture": "#1"},
				"up": {"uv": [9, 9, 8.5, 8.5], "texture": "#1"},
				"down": {"uv": [9.25, 7.75, 8.75, 8.25], "texture": "#1"}
			}
		},
		{
			"from": [6.5, -9.41342, -3.88109],
			"to": [9.5, -8.41342, -0.88109],
			"rotation": {"angle": -45, "axis": "x", "origin": [6.5, 7.12463, 6.41397]},
			"faces": {
				"north": {"uv": [9, 5.25, 9.75, 5.5], "texture": "#1"},
				"east": {"uv": [9, 5.5, 9.75, 5.75], "texture": "#1"},
				"south": {"uv": [9, 5.75, 9.75, 6], "texture": "#1"},
				"west": {"uv": [6, 9, 6.75, 9.25], "texture": "#1"},
				"up": {"uv": [9, 6.75, 8.25, 6], "texture": "#1"},
				"down": {"uv": [9, 6.75, 8.25, 7.5], "texture": "#1"}
			}
		},
		{
			"from": [7, -0.41342, -1.38109],
			"to": [9, 1.58658, 0.61891],
			"rotation": {"angle": -45, "axis": "x", "origin": [6.5, 7.12463, 6.41397]},
			"faces": {
				"north": {"uv": [3.5, 9, 4, 9.5], "texture": "#1"},
				"east": {"uv": [9, 3.75, 9.5, 4.25], "texture": "#1"},
				"south": {"uv": [4, 9, 4.5, 9.5], "texture": "#1"},
				"west": {"uv": [9, 4.25, 9.5, 4.75], "texture": "#1"},
				"up": {"uv": [5, 9.5, 4.5, 9], "texture": "#1"},
				"down": {"uv": [9.5, 4.75, 9, 5.25], "texture": "#1"}
			}
		},
		{
			"from": [7, -1.25, 7],
			"to": [9, 8.75, 9],
			"rotation": {"angle": 0, "axis": "y", "origin": [0, 14, 16]},
			"faces": {
				"north": {"uv": [5.5, 6, 6, 8.5], "texture": "#1"},
				"east": {"uv": [6.5, 5, 7, 7.5], "texture": "#1"},
				"south": {"uv": [7, 5, 7.5, 7.5], "texture": "#1"},
				"west": {"uv": [7.25, 0, 7.75, 2.5], "texture": "#1"},
				"up": {"uv": [8.25, 4.25, 7.75, 3.75], "texture": "#1"},
				"down": {"uv": [3, 8.5, 2.5, 9], "texture": "#1"}
			}
		},
		{
			"from": [6.5, 8, 4],
			"to": [9.5, 11, 7],
			"rotation": {"angle": -45, "axis": "x", "origin": [8, 12, 8]},
			"faces": {
				"north": {"uv": [7.5, 6.25, 8.25, 7], "texture": "#1"},
				"east": {"uv": [6.5, 7.5, 7.25, 8.25], "texture": "#1"},
				"south": {"uv": [7.5, 7, 8.25, 7.75], "texture": "#1"},
				"west": {"uv": [7.75, 0, 8.5, 0.75], "texture": "#1"},
				"up": {"uv": [8.5, 1.5, 7.75, 0.75], "texture": "#1"},
				"down": {"uv": [8.5, 1.5, 7.75, 2.25], "texture": "#1"}
			}
		},
		{
			"from": [6.5, 14, 4],
			"to": [9.5, 16, 8],
			"rotation": {"angle": -45, "axis": "x", "origin": [8, 12, 8]},
			"faces": {
				"north": {"uv": [8.5, 3.25, 9.25, 3.75], "texture": "#1"},
				"east": {"uv": [8.5, 1, 9.5, 1.5], "texture": "#1"},
				"south": {"uv": [7.25, 8.5, 8, 9], "texture": "#1"},
				"west": {"uv": [1.5, 8.5, 2.5, 9], "texture": "#1"},
				"up": {"uv": [8.25, 5.25, 7.5, 4.25], "texture": "#1"},
				"down": {"uv": [8.25, 5.25, 7.5, 6.25], "texture": "#1"}
			}
		},
		{
			"from": [7, 7.46447, 4.12132],
			"to": [9, 8.46447, 11.12132],
			"rotation": {"angle": 0, "axis": "y", "origin": [-0.5, 13.96447, 15.12132]},
			"faces": {
				"north": {"uv": [6, 8, 6.5, 8.25], "texture": "#1"},
				"east": {"uv": [8.25, 7.5, 10, 7.75], "texture": "#1"},
				"south": {"uv": [9, 6, 9.5, 6.25], "texture": "#1"},
				"west": {"uv": [8.5, 1.5, 10.25, 1.75], "texture": "#1"},
				"up": {"uv": [7.75, 4.25, 7.25, 2.5], "texture": "#1"},
				"down": {"uv": [0.5, 7.5, 0, 9.25], "texture": "#1"}
			}
		},
		{
			"from": [6.5, -1, 4],
			"to": [9.5, 2, 7],
			"rotation": {"angle": -45, "axis": "x", "origin": [8, 3, 8]},
			"faces": {
				"north": {"uv": [7.75, 2.25, 8.5, 3], "texture": "#1"},
				"east": {"uv": [7.75, 3, 8.5, 3.75], "texture": "#1"},
				"south": {"uv": [7.25, 7.75, 8, 8.5], "texture": "#1"},
				"west": {"uv": [8, 7.75, 8.75, 8.5], "texture": "#1"},
				"up": {"uv": [9, 4.5, 8.25, 3.75], "texture": "#1"},
				"down": {"uv": [9, 4.5, 8.25, 5.25], "texture": "#1"}
			}
		},
		{
			"from": [6.5, -2, -1],
			"to": [9.5, 2, 1],
			"rotation": {"angle": -45, "axis": "x", "origin": [8, 3, 8]},
			"faces": {
				"north": {"uv": [1.5, 7.5, 2.25, 8.5], "texture": "#1"},
				"east": {"uv": [6.75, 8.25, 7.25, 9.25], "texture": "#1"},
				"south": {"uv": [2.25, 7.5, 3, 8.5], "texture": "#1"},
				"west": {"uv": [8.5, 0, 9, 1], "texture": "#1"},
				"up": {"uv": [9.25, 2.75, 8.5, 2.25], "texture": "#1"},
				"down": {"uv": [9.25, 2.75, 8.5, 3.25], "texture": "#1"}
			}
		},
		{
			"from": [7, -0.53553, 4.12132],
			"to": [9, 0.46447, 11.12132],
			"rotation": {"angle": 0, "axis": "y", "origin": [-0.5, 4.96447, 15.12132]},
			"faces": {
				"north": {"uv": [9, 6.25, 9.5, 6.5], "texture": "#1"},
				"east": {"uv": [8.5, 1.75, 10.25, 2], "texture": "#1"},
				"south": {"uv": [9, 6.5, 9.5, 6.75], "texture": "#1"},
				"west": {"uv": [8.5, 2, 10.25, 2.25], "texture": "#1"},
				"up": {"uv": [1, 9.25, 0.5, 7.5], "texture": "#1"},
				"down": {"uv": [1.5, 7.5, 1, 9.25], "texture": "#1"}
			}
		},
		{
			"name": "1",
			"from": [8, -11, 11.75],
			"to": [8, 19, 17.75],
			"rotation": {"angle": 0, "axis": "y", "origin": [0, 14, 16]},
			"faces": {
				"north": {"uv": [0, 0, 0, 7.5], "texture": "#1"},
				"east": {"uv": [3, 0, 1.5, 7.5], "texture": "#1"},
				"south": {"uv": [0, 0, 0, 7.5], "texture": "#1"},
				"west": {"uv": [1.5, 0, 3, 7.5], "texture": "#1"},
				"up": {"uv": [0, 1.5, 0, 0], "texture": "#1"},
				"down": {"uv": [0, 0, 0, 1.5], "texture": "#1"}
			}
		},
		{
			"from": [5.75, -0.03553, -1.5],
			"to": [5.75, 15.96447, 14.5],
			"rotation": {"angle": 45, "axis": "x", "origin": [8, 6.46447, 8]},
			"faces": {
				"north": {"uv": [0, 0, 0, 4], "texture": "#3"},
				"east": {"uv": [0, 0, 16, 16], "texture": "#3"},
				"south": {"uv": [0, 0, 0, 4], "texture": "#3"},
				"west": {"uv": [0, 0, 16, 16], "texture": "#3"},
				"up": {"uv": [0, 4, 0, 0], "texture": "#3"},
				"down": {"uv": [0, 0, 0, 4], "texture": "#3"}
			}
		},
		{
			"from": [10.25, -0.03553, -1.5],
			"to": [10.25, 15.96447, 14.5],
			"rotation": {"angle": 45, "axis": "x", "origin": [8, 6.46447, 8]},
			"faces": {
				"north": {"uv": [0, 0, 0, 4], "texture": "#3"},
				"east": {"uv": [0, 0, 16, 16], "texture": "#3"},
				"south": {"uv": [0, 0, 0, 4], "texture": "#3"},
				"west": {"uv": [16, 0, 0, 16], "texture": "#3"},
				"up": {"uv": [0, 4, 0, 0], "texture": "#3"},
				"down": {"uv": [0, 0, 0, 4], "texture": "#3"}
			}
		},
		{
			"from": [5.75, -6.28553, 4.75],
			"to": [5.75, 9.71447, 20.75],
			"rotation": {"angle": 45, "axis": "x", "origin": [8, 6.46447, 8]},
			"faces": {
				"north": {"uv": [0, 0, 0, 4], "texture": "#2"},
				"east": {"uv": [0, 0, 16, 16], "texture": "#2"},
				"south": {"uv": [0, 0, 0, 4], "texture": "#2"},
				"west": {"uv": [0, 0, 16, 16], "texture": "#2"},
				"up": {"uv": [0, 4, 0, 0], "texture": "#2"},
				"down": {"uv": [0, 0, 0, 4], "texture": "#2"}
			}
		},
		{
			"from": [10.25, -6.28553, 4.75],
			"to": [10.25, 9.71447, 20.75],
			"rotation": {"angle": 45, "axis": "x", "origin": [8, 6.46447, 8]},
			"faces": {
				"north": {"uv": [0, 0, 0, 4], "texture": "#2"},
				"east": {"uv": [0, 0, 16, 16], "texture": "#2"},
				"south": {"uv": [0, 0, 0, 4], "texture": "#2"},
				"west": {"uv": [16, 0, 0, 16], "texture": "#2"},
				"up": {"uv": [0, 4, 0, 0], "texture": "#2"},
				"down": {"uv": [0, 0, 0, 4], "texture": "#2"}
			}
		}
	],
	"gui_light": "front",
	"display": {
		"thirdperson_righthand": {
			"translation": [0, 2, 1.5]
		},
		"thirdperson_lefthand": {
			"translation": [0, 2, 1.5]
		},
		"firstperson_righthand": {
			"rotation": [12, 4, 0],
			"translation": [8.5, 9.25, -3.75]
		},
		"firstperson_lefthand": {
			"rotation": [12, 4, 0],
			"translation": [8.5, 9.25, -3.75]
		},
		"ground": {
			"rotation": [45, 0, 0],
			"translation": [0, 4, 0.25],
			"scale": [0.35, 0.35, 0.35]
		},
		"gui": {
			"rotation": [-90, 135, 90],
			"translation": [0.25, 3.25, 0],
			"scale": [0.6, 0.6, 0.6]
		},
		"fixed": {
			"rotation": [90, -45, 90],
			"translation": [-0.25, 3.75, -0.5],
			"scale": [0.7, 0.7, 0.7]
		}
	},
	"groups": [
		{
			"name": "group",
			"origin": [0, 0, 0],
			"color": 0,
			"children": [
				{
					"name": "group",
					"origin": [7, 14.94975, 16.46396],
					"color": 0,
					"children": [0, 1, 2, 3, 4, 5]
				},
				6,
				7,
				8,
				9,
				10,
				11,
				12
			]
		},
		{
			"name": "group",
			"origin": [0, 14, 16],
			"color": 0,
			"children": [13]
		},
		{
			"name": "group",
			"origin": [8, 10, 8],
			"color": 0,
			"children": [14, 15]
		},
		{
			"name": "group",
			"origin": [8, 10, 8],
			"color": 0,
			"children": [16, 17]
		}
	]
}