{
	"credit": "Made with Blockbench",
	"texture_size": [64, 64],
	"textures": {
		"1": "minecraft:item/sakura_story/brave_fighter/vfx_bow",
		"3": "minecraft:item/sakura_story/brave_fighter/crossbow",
		"particle": "minecraft:item/sakura_story/brave_fighter/vfx_bow"
	},
	"elements": [
		{
			"from": [6.5, 2, -3],
			"to": [9.5, 4, 16],
			"faces": {
				"north": {"uv": [8.75, 5.25, 9.5, 5.75], "texture": "#3"},
				"east": {"uv": [4.75, 2.5, 9.5, 3], "texture": "#3"},
				"south": {"uv": [8.75, 5.75, 9.5, 6.25], "texture": "#3"},
				"west": {"uv": [4.75, 3, 9.5, 3.5], "texture": "#3"},
				"up": {"uv": [0.75, 10, 0, 5.25], "texture": "#3"},
				"down": {"uv": [1.5, 5.25, 0.75, 10], "texture": "#3"}
			}
		},
		{
			"from": [-1.5, 4.2, 3.25],
			"to": [17.5, 4.2, 11.25],
			"faces": {
				"north": {"uv": [0, 0, 4.75, 0], "texture": "#3"},
				"east": {"uv": [0, 0, 2, 0], "texture": "#3"},
				"south": {"uv": [0, 0, 4.75, 0], "texture": "#3"},
				"west": {"uv": [0, 0, 2, 0], "texture": "#3"},
				"up": {"uv": [15.5, 4.25, 10.75, 2.25], "texture": "#3"},
				"down": {"uv": [15.5, 2.25, 10.75, 4.25], "texture": "#3"}
			}
		},
		{
			"from": [6, 1, -4],
			"to": [10, 3, 1],
			"faces": {
				"north": {"uv": [8.5, 4.75, 9.5, 5.25], "texture": "#3"},
				"east": {"uv": [4.5, 7.25, 5.75, 7.75], "texture": "#3"},
				"south": {"uv": [3, 8.75, 4, 9.25], "texture": "#3"},
				"west": {"uv": [5.75, 7.25, 7, 7.75], "texture": "#3"},
				"up": {"uv": [4, 6.5, 3, 5.25], "texture": "#3"},
				"down": {"uv": [5, 5.25, 4, 6.5], "texture": "#3"}
			}
		},
		{
			"from": [5, 1, -6],
			"to": [6, 3, -3],
			"faces": {
				"north": {"uv": [9.5, 5, 9.75, 5.5], "texture": "#3"},
				"east": {"uv": [9, 0.5, 9.75, 1], "texture": "#3"},
				"south": {"uv": [9.5, 5.5, 9.75, 6], "texture": "#3"},
				"west": {"uv": [9, 1, 9.75, 1.5], "texture": "#3"},
				"up": {"uv": [2.5, 10.25, 2.25, 9.5], "texture": "#3"},
				"down": {"uv": [9.75, 2.25, 9.5, 3], "texture": "#3"}
			}
		},
		{
			"from": [10, 1, -6],
			"to": [11, 3, -3],
			"faces": {
				"north": {"uv": [9.5, 8, 9.75, 8.5], "texture": "#3"},
				"east": {"uv": [1.5, 9, 2.25, 9.5], "texture": "#3"},
				"south": {"uv": [9.5, 8.5, 9.75, 9], "texture": "#3"},
				"west": {"uv": [9, 1.5, 9.75, 2], "texture": "#3"},
				"up": {"uv": [2.75, 10.25, 2.5, 9.5], "texture": "#3"},
				"down": {"uv": [4.25, 9.5, 4, 10.25], "texture": "#3"}
			}
		},
		{
			"from": [5, 1, -7],
			"to": [11, 3, -6],
			"faces": {
				"north": {"uv": [7, 6.25, 8.5, 6.75], "texture": "#3"},
				"east": {"uv": [9, 9.5, 9.25, 10], "texture": "#3"},
				"south": {"uv": [7, 6.75, 8.5, 7.25], "texture": "#3"},
				"west": {"uv": [9.5, 9, 9.75, 9.5], "texture": "#3"},
				"up": {"uv": [10.25, 4, 8.75, 3.75], "texture": "#3"},
				"down": {"uv": [10.5, 2, 9, 2.25], "texture": "#3"}
			}
		},
		{
			"from": [6.5, 0, -3],
			"to": [9.5, 2, 4],
			"rotation": {"angle": 0, "axis": "y", "origin": [0, 1, -1]},
			"faces": {
				"north": {"uv": [6.75, 8.75, 7.5, 9.25], "texture": "#3"},
				"east": {"uv": [7, 5.25, 8.75, 5.75], "texture": "#3"},
				"south": {"uv": [7.5, 8.75, 8.25, 9.25], "texture": "#3"},
				"west": {"uv": [7, 5.75, 8.75, 6.25], "texture": "#3"},
				"up": {"uv": [2.25, 7, 1.5, 5.25], "texture": "#3"},
				"down": {"uv": [3, 5.25, 2.25, 7], "texture": "#3"}
			}
		},
		{
			"from": [7, 0.27973, 6.26637],
			"to": [9, 1.27973, 13.26637],
			"rotation": {"angle": 0, "axis": "y", "origin": [0, 0.77973, -7.73363]},
			"faces": {
				"north": {"uv": [4.5, 7, 5, 7.25], "texture": "#3"},
				"east": {"uv": [8.5, 7.75, 10.25, 8], "texture": "#3"},
				"south": {"uv": [9, 2.25, 9.5, 2.5], "texture": "#3"},
				"west": {"uv": [8.75, 3.5, 10.5, 3.75], "texture": "#3"},
				"up": {"uv": [4, 8.75, 3.5, 7], "texture": "#3"},
				"down": {"uv": [4.5, 7, 4, 8.75], "texture": "#3"}
			}
		},
		{
			"from": [7, 0.26717, 5.23604],
			"to": [9, 2.26717, 6.23604],
			"rotation": {"angle": -45, "axis": "x", "origin": [8, 1.51717, 5.73604]},
			"faces": {
				"north": {"uv": [9.25, 7.25, 9.75, 7.75], "texture": "#3"},
				"east": {"uv": [9.5, 3, 9.75, 3.5], "texture": "#3"},
				"south": {"uv": [7.5, 9.25, 8, 9.75], "texture": "#3"},
				"west": {"uv": [4.25, 9.5, 4.5, 10], "texture": "#3"},
				"up": {"uv": [9.75, 4.75, 9.25, 4.5], "texture": "#3"},
				"down": {"uv": [10, 4.75, 9.5, 5], "texture": "#3"}
			}
		},
		{
			"from": [6.501, -0.26156, 3.13488],
			"to": [9.499, 2.73644, 5.13288],
			"rotation": {"angle": 45, "axis": "x", "origin": [8, 1.23744, 4.88388]},
			"faces": {
				"north": {"uv": [8.5, 4, 9.25, 4.75], "texture": "#3"},
				"east": {"uv": [3, 7.5, 3.5, 8.25], "texture": "#3"},
				"south": {"uv": [4.5, 8.5, 5.25, 9.25], "texture": "#3"},
				"west": {"uv": [4, 8.75, 4.5, 9.5], "texture": "#3"},
				"up": {"uv": [9, 9.25, 8.25, 8.75], "texture": "#3"},
				"down": {"uv": [9.75, 0, 9, 0.5], "texture": "#3"}
			}
		},
		{
			"from": [4.5, 2, -2],
			"to": [6.5, 4, 0],
			"faces": {
				"north": {"uv": [3, 8.25, 3.5, 8.75], "texture": "#3"},
				"east": {"uv": [2.25, 9, 2.75, 9.5], "texture": "#3"},
				"south": {"uv": [9, 8, 9.5, 8.5], "texture": "#3"},
				"west": {"uv": [9, 8.5, 9.5, 9], "texture": "#3"},
				"up": {"uv": [9.5, 9.5, 9, 9], "texture": "#3"},
				"down": {"uv": [3.25, 9.25, 2.75, 9.75], "texture": "#3"}
			}
		},
		{
			"from": [2, 1.5, -2],
			"to": [5, 4.5, 1],
			"rotation": {"angle": 45, "axis": "y", "origin": [3, 3, -1]},
			"faces": {
				"north": {"uv": [7, 7.25, 7.75, 8], "texture": "#3"},
				"east": {"uv": [1.5, 7.5, 2.25, 8.25], "texture": "#3"},
				"south": {"uv": [2.25, 7.5, 3, 8.25], "texture": "#3"},
				"west": {"uv": [4.5, 7.75, 5.25, 8.5], "texture": "#3"},
				"up": {"uv": [6, 8.5, 5.25, 7.75], "texture": "#3"},
				"down": {"uv": [6.75, 7.75, 6, 8.5], "texture": "#3"}
			}
		},
		{
			"from": [-4, 1.5, -2],
			"to": [-3, 4.5, 1],
			"rotation": {"angle": 45, "axis": "y", "origin": [3, 3, -1]},
			"faces": {
				"north": {"uv": [3.75, 9.25, 4, 10], "texture": "#3"},
				"east": {"uv": [5.25, 8.5, 6, 9.25], "texture": "#3"},
				"south": {"uv": [8, 9.25, 8.25, 10], "texture": "#3"},
				"west": {"uv": [6, 8.5, 6.75, 9.25], "texture": "#3"},
				"up": {"uv": [8.5, 10, 8.25, 9.25], "texture": "#3"},
				"down": {"uv": [8.75, 9.25, 8.5, 10], "texture": "#3"}
			}
		},
		{
			"from": [-4.38388, 2, -0.09835],
			"to": [3.61612, 4, 1.90165],
			"rotation": {"angle": 45, "axis": "y", "origin": [2.11612, 3.5, 1.65165]},
			"faces": {
				"north": {"uv": [4.75, 3.5, 6.75, 4], "texture": "#3"},
				"east": {"uv": [3.25, 9.25, 3.75, 9.75], "texture": "#3"},
				"south": {"uv": [5, 5.25, 7, 5.75], "texture": "#3"},
				"west": {"uv": [9.25, 4, 9.75, 4.5], "texture": "#3"},
				"up": {"uv": [7, 6.25, 5, 5.75], "texture": "#3"},
				"down": {"uv": [7, 6.25, 5, 6.75], "texture": "#3"}
			}
		},
		{
			"from": [9.5, 2, -2],
			"to": [11.5, 4, 0],
			"rotation": {"angle": 0, "axis": "y", "origin": [16, 0, 0]},
			"faces": {
				"north": {"uv": [4.5, 9.25, 5, 9.75], "texture": "#3"},
				"east": {"uv": [5, 9.25, 5.5, 9.75], "texture": "#3"},
				"south": {"uv": [5.5, 9.25, 6, 9.75], "texture": "#3"},
				"west": {"uv": [6, 9.25, 6.5, 9.75], "texture": "#3"},
				"up": {"uv": [9.75, 6.75, 9.25, 6.25], "texture": "#3"},
				"down": {"uv": [7, 9.25, 6.5, 9.75], "texture": "#3"}
			}
		},
		{
			"from": [11, 1.5, -2],
			"to": [14, 4.5, 1],
			"rotation": {"angle": -45, "axis": "y", "origin": [13, 3, -1]},
			"faces": {
				"north": {"uv": [7.75, 7.25, 8.5, 8], "texture": "#3"},
				"east": {"uv": [6.75, 8, 7.5, 8.75], "texture": "#3"},
				"south": {"uv": [7.5, 8, 8.25, 8.75], "texture": "#3"},
				"west": {"uv": [1.5, 8.25, 2.25, 9], "texture": "#3"},
				"up": {"uv": [3, 9, 2.25, 8.25], "texture": "#3"},
				"down": {"uv": [9, 8, 8.25, 8.75], "texture": "#3"}
			}
		},
		{
			"from": [19, 1.5, -2],
			"to": [20, 4.5, 1],
			"rotation": {"angle": -45, "axis": "y", "origin": [13, 3, -1]},
			"faces": {
				"north": {"uv": [8.75, 9.25, 9, 10], "texture": "#3"},
				"east": {"uv": [8.5, 6.25, 9.25, 7], "texture": "#3"},
				"south": {"uv": [1.5, 9.5, 1.75, 10.25], "texture": "#3"},
				"west": {"uv": [8.5, 7, 9.25, 7.75], "texture": "#3"},
				"up": {"uv": [2, 10.25, 1.75, 9.5], "texture": "#3"},
				"down": {"uv": [2.25, 9.5, 2, 10.25], "texture": "#3"}
			}
		},
		{
			"from": [12.38388, 2, -0.09835],
			"to": [20.38388, 4, 1.90165],
			"rotation": {"angle": -45, "axis": "y", "origin": [13.88388, 3.5, 1.65165]},
			"faces": {
				"north": {"uv": [3, 6.5, 5, 7], "texture": "#3"},
				"east": {"uv": [9.25, 6.75, 9.75, 7.25], "texture": "#3"},
				"south": {"uv": [6.75, 3.5, 8.75, 4], "texture": "#3"},
				"west": {"uv": [7, 9.25, 7.5, 9.75], "texture": "#3"},
				"up": {"uv": [7, 7.25, 5, 6.75], "texture": "#3"},
				"down": {"uv": [3.5, 7, 1.5, 7.5], "texture": "#3"}
			}
		},
		{
			"from": [13.25, 0.71447, 0.75],
			"to": [21.25, 0.71447, 8.75],
			"rotation": {"angle": 45, "axis": "y", "origin": [8, 6.46447, 8]},
			"faces": {
				"north": {"uv": [0, 0, 0, 4], "rotation": 90, "texture": "#1"},
				"east": {"uv": [0, 0, 0, 4], "rotation": 270, "texture": "#1"},
				"south": {"uv": [0, 0, 0, 4], "rotation": 270, "texture": "#1"},
				"west": {"uv": [0, 4, 0, 0], "rotation": 270, "texture": "#1"},
				"up": {"uv": [8, 0, 16, 8], "rotation": 270, "texture": "#1"},
				"down": {"uv": [8, 0, 16, 8], "rotation": 270, "texture": "#1"}
			}
		},
		{
			"from": [13.25, 5.21447, 0.75],
			"to": [21.25, 5.21447, 8.75],
			"rotation": {"angle": 45, "axis": "y", "origin": [8, 6.46447, 8]},
			"faces": {
				"north": {"uv": [0, 0, 0, 4], "rotation": 90, "texture": "#1"},
				"east": {"uv": [0, 0, 0, 4], "rotation": 270, "texture": "#1"},
				"south": {"uv": [0, 0, 0, 4], "rotation": 270, "texture": "#1"},
				"west": {"uv": [0, 4, 0, 0], "rotation": 270, "texture": "#1"},
				"up": {"uv": [8, 0, 16, 8], "rotation": 270, "texture": "#1"},
				"down": {"uv": [16, 0, 8, 8], "rotation": 270, "texture": "#1"}
			}
		},
		{
			"from": [-5.25, 0.71447, 0.75],
			"to": [2.75, 0.71447, 8.75],
			"rotation": {"angle": -45, "axis": "y", "origin": [8, 6.46447, 8]},
			"faces": {
				"north": {"uv": [0, 4, 0, 0], "rotation": 90, "texture": "#1"},
				"east": {"uv": [0, 0, 0, 4], "rotation": 270, "texture": "#1"},
				"south": {"uv": [0, 4, 0, 0], "rotation": 270, "texture": "#1"},
				"west": {"uv": [0, 4, 0, 0], "rotation": 270, "texture": "#1"},
				"up": {"uv": [8, 8, 16, 0], "rotation": 270, "texture": "#1"},
				"down": {"uv": [8, 8, 16, 0], "rotation": 270, "texture": "#1"}
			}
		},
		{
			"from": [-5.25, 5.21447, 0.75],
			"to": [2.75, 5.21447, 8.75],
			"rotation": {"angle": -45, "axis": "y", "origin": [8, 6.46447, 8]},
			"faces": {
				"north": {"uv": [0, 4, 0, 0], "rotation": 90, "texture": "#1"},
				"east": {"uv": [0, 0, 0, 4], "rotation": 270, "texture": "#1"},
				"south": {"uv": [0, 4, 0, 0], "rotation": 270, "texture": "#1"},
				"west": {"uv": [0, 4, 0, 0], "rotation": 270, "texture": "#1"},
				"up": {"uv": [8, 8, 16, 0], "rotation": 270, "texture": "#1"},
				"down": {"uv": [16, 8, 8, 0], "rotation": 270, "texture": "#1"}
			}
		}
	],
	"gui_light": "front",
	"display": {
		"thirdperson_righthand": {
			"translation": [0, 5.75, 1.5]
		},
		"thirdperson_lefthand": {
			"translation": [0, 5.75, 1.5]
		},
		"firstperson_righthand": {
			"rotation": [0, 4, 0],
			"translation": [8.5, 8, -3.75]
		},
		"firstperson_lefthand": {
			"rotation": [0, 4, 0],
			"translation": [8.5, 8, -3.75]
		},
		"ground": {
			"rotation": [45, 0, 0],
			"translation": [0, 4, 1.75],
			"scale": [0.35, 0.35, 0.35]
		},
		"gui": {
			"rotation": [-90, 135, 180],
			"translation": [1.75, -1.75, 0],
			"scale": [0.6, 0.6, 0.6]
		},
		"fixed": {
			"rotation": [90, -45, 180],
			"translation": [-2, -1.5, -4.5],
			"scale": [0.7, 0.7, 0.7]
		}
	},
	"groups": [
		0,
		1,
		2,
		3,
		4,
		5,
		6,
		7,
		8,
		9,
		{
			"name": "group",
			"origin": [2.11612, 3.5, 1.65165],
			"color": 0,
			"children": [10, 11, 12, 13]
		},
		{
			"name": "group",
			"origin": [2.11612, 3.5, 1.65165],
			"color": 0,
			"children": [14, 15, 16, 17]
		},
		{
			"name": "vfx",
			"origin": [8, 10, 8],
			"color": 0,
			"children": [
				{
					"name": "group",
					"origin": [8, 10, 8],
					"color": 0,
					"children": [18, 19]
				},
				{
					"name": "group",
					"origin": [8, 10, 8],
					"color": 0,
					"children": [20, 21]
				}
			]
		}
	]
}