{
	"credit": "Made with Blockbench",
	"texture_size": [32, 32],
	"textures": {
		"0": "minecraft:item/sakura_story/icarus/netherite_sword",
		"1": "minecraft:item/sakura_story/icarus/icarus_vfx_l",
		"2": "minecraft:item/sakura_story/icarus/icarus_vfx_s"
	},
	"elements": [
		{
			"from": [7.24975, -6, 7.25],
			"to": [8.74975, 0.5, 8.75],
			"rotation": {"angle": 0, "axis": "y", "origin": [8, 5.04105, 8]},
			"faces": {
				"north": {"uv": [7, 7.5, 7.75, 10.75], "texture": "#0"},
				"east": {"uv": [7.75, 7.5, 8.5, 10.75], "texture": "#0"},
				"south": {"uv": [4.5, 8, 5.25, 11.25], "texture": "#0"},
				"west": {"uv": [5.25, 8, 6, 11.25], "texture": "#0"},
				"up": {"uv": [11, 9, 10.25, 8.25], "texture": "#0"},
				"down": {"uv": [11, 9, 10.25, 9.75], "texture": "#0"}
			}
		},
		{
			"from": [6.99975, -1, 6.75],
			"to": [8.99975, -0.5, 9.25],
			"rotation": {"angle": 0, "axis": "y", "origin": [8, 5.04105, 8]},
			"faces": {
				"north": {"uv": [8.5, 4.75, 9.5, 5], "texture": "#0"},
				"east": {"uv": [10.5, 7, 11.75, 7.25], "texture": "#0"},
				"south": {"uv": [11, 9.5, 12, 9.75], "texture": "#0"},
				"west": {"uv": [7.5, 10.75, 8.75, 11], "texture": "#0"},
				"up": {"uv": [4.5, 10, 3.5, 8.75], "texture": "#0"},
				"down": {"uv": [10.25, 0, 9.25, 1.25], "texture": "#0"}
			}
		},
		{
			"from": [7.99675, 1.997, 5.747],
			"to": [8.00275, 19.503, 10.253],
			"rotation": {"angle": 0, "axis": "y", "origin": [8, 5.04105, 8]},
			"faces": {
				"north": {"uv": [0, 0, 0, 8.75], "texture": "#0"},
				"east": {"uv": [0, 0, 2.25, 8.75], "texture": "#0"},
				"south": {"uv": [0, 0, 0, 8.75], "texture": "#0"},
				"west": {"uv": [2.25, 0, 4.5, 8.75], "texture": "#0"},
				"up": {"uv": [0, 2.25, 0, 0], "texture": "#0"},
				"down": {"uv": [0, 0, 0, 2.25], "texture": "#0"}
			}
		},
		{
			"from": [7.12475, -6.125, 7.125],
			"to": [8.87475, 0.625, 8.875],
			"rotation": {"angle": 0, "axis": "y", "origin": [8, 5.04105, 8]},
			"faces": {
				"north": {"uv": [6, 8, 6.75, 11.25], "texture": "#0"},
				"east": {"uv": [8.5, 0, 9.25, 3.25], "texture": "#0"},
				"south": {"uv": [8.5, 7.5, 9.25, 10.75], "texture": "#0"},
				"west": {"uv": [0, 8.75, 0.75, 12], "texture": "#0"},
				"up": {"uv": [11, 10.5, 10.25, 9.75], "texture": "#0"},
				"down": {"uv": [11.25, 4.75, 10.5, 5.5], "texture": "#0"}
			}
		},
		{
			"from": [7.49975, -7.5, 7.5],
			"to": [8.49975, -6, 8.5],
			"rotation": {"angle": 0, "axis": "y", "origin": [8, 5.04105, 8]},
			"faces": {
				"north": {"uv": [2.75, 10.75, 3.25, 11.5], "texture": "#0"},
				"east": {"uv": [10.75, 3.25, 11.25, 4], "texture": "#0"},
				"south": {"uv": [10.75, 4, 11.25, 4.75], "texture": "#0"},
				"west": {"uv": [7, 10.75, 7.5, 11.5], "texture": "#0"},
				"up": {"uv": [10.25, 11.5, 9.75, 11], "texture": "#0"},
				"down": {"uv": [11.5, 9.75, 11, 10.25], "texture": "#0"}
			}
		},
		{
			"from": [7.99975, -4.94553, 15.98658],
			"to": [7.99975, -2.94553, 17.98658],
			"rotation": {"angle": 45, "axis": "x", "origin": [8, 5.04105, 8]},
			"faces": {
				"north": {"uv": [0, 0, 0, 1], "texture": "#0"},
				"east": {"uv": [3.5, 10, 4.5, 11], "texture": "#0"},
				"south": {"uv": [0, 0, 0, 1], "texture": "#0"},
				"west": {"uv": [9.25, 10, 10.25, 11], "texture": "#0"},
				"up": {"uv": [0, 1, 0, 0], "texture": "#0"},
				"down": {"uv": [0, 0, 0, 1], "texture": "#0"}
			}
		},
		{
			"from": [6.99975, 1.23537, 4.19432],
			"to": [8.99975, 3.73537, 6.69432],
			"rotation": {"angle": -45, "axis": "x", "origin": [8, 5.04105, 8]},
			"faces": {
				"north": {"uv": [9.25, 1.25, 10.25, 2.5], "texture": "#0"},
				"east": {"uv": [0.75, 8.75, 2, 10], "texture": "#0"},
				"south": {"uv": [9.25, 7.5, 10.25, 8.75], "texture": "#0"},
				"west": {"uv": [2, 8.75, 3.25, 10], "texture": "#0"},
				"up": {"uv": [10.25, 10, 9.25, 8.75], "texture": "#0"},
				"down": {"uv": [10.5, 4.75, 9.5, 6], "texture": "#0"}
			}
		},
		{
			"from": [6.99975, -6.5, 6.75],
			"to": [8.99975, -6, 9.25],
			"rotation": {"angle": 0, "axis": "y", "origin": [8, 5.04105, 8]},
			"faces": {
				"north": {"uv": [11, 10.25, 12, 10.5], "texture": "#0"},
				"east": {"uv": [7.5, 11, 8.75, 11.25], "texture": "#0"},
				"south": {"uv": [11, 10.5, 12, 10.75], "texture": "#0"},
				"west": {"uv": [11, 8.25, 12.25, 8.5], "texture": "#0"},
				"up": {"uv": [10.5, 7.25, 9.5, 6], "texture": "#0"},
				"down": {"uv": [1.75, 10, 0.75, 11.25], "texture": "#0"}
			}
		},
		{
			"from": [7.74975, 2.5, 7.25],
			"to": [8.24975, 13.5, 8.75],
			"rotation": {"angle": 0, "axis": "y", "origin": [8, 5.04105, 8]},
			"faces": {
				"north": {"uv": [3.5, 8.75, 3.25, 14.25], "texture": "#0"},
				"east": {"uv": [5.25, 0, 4.5, 5.5], "texture": "#0"},
				"south": {"uv": [7, 8, 6.75, 13.5], "texture": "#0"},
				"west": {"uv": [6, 0, 5.25, 5.5], "texture": "#0"},
				"up": {"uv": [4.5, 11, 4.25, 11.75], "texture": "#0"},
				"down": {"uv": [11.25, 11.5, 11, 10.75], "texture": "#0"}
			}
		},
		{
			"from": [8.99975, 1.73537, 4.69432],
			"to": [6.99975, 3.23537, 6.19432],
			"rotation": {"angle": -45, "axis": "x", "origin": [8, 5.04105, 8]},
			"faces": {
				"north": {"uv": [9.25, 2.5, 10.25, 3.25], "texture": "#0"},
				"east": {"uv": [10.5, 5.5, 11.25, 6.25], "texture": "#0"},
				"south": {"uv": [10.25, 0, 11.25, 0.75], "texture": "#0"},
				"west": {"uv": [10.5, 6.25, 11.25, 7], "texture": "#0"},
				"up": {"uv": [11.25, 1.5, 10.25, 0.75], "texture": "#0"},
				"down": {"uv": [11.25, 1.5, 10.25, 2.25], "texture": "#0"}
			}
		},
		{
			"from": [7.74975, 2.23537, 5.19432],
			"to": [8.24975, 2.73537, 5.69432],
			"rotation": {"angle": -45, "axis": "x", "origin": [8, 5.04105, 8]},
			"faces": {
				"north": {"uv": [9.5, 7.25, 9.75, 7.5], "texture": "#0"},
				"east": {"uv": [9.75, 7.25, 10, 7.5], "texture": "#0"},
				"south": {"uv": [10, 7.25, 10.25, 7.5], "texture": "#0"},
				"west": {"uv": [11.25, 1, 11.5, 1.25], "texture": "#0"},
				"up": {"uv": [1.5, 11.5, 1.25, 11.25], "texture": "#0"},
				"down": {"uv": [11.5, 1.25, 11.25, 1.5], "texture": "#0"}
			}
		},
		{
			"from": [8.49975, 1.97021, 4.92916],
			"to": [7.49975, 2.97021, 5.92916],
			"rotation": {"angle": -45, "axis": "x", "origin": [8, 5.04105, 8]},
			"faces": {
				"north": {"uv": [6, 5, 6.5, 5.5], "texture": "#0"},
				"east": {"uv": [6.5, 5, 7, 5.5], "texture": "#0"},
				"south": {"uv": [3.75, 11, 4.25, 11.5], "texture": "#0"},
				"west": {"uv": [11, 8.5, 11.5, 9], "texture": "#0"},
				"up": {"uv": [11.5, 9.5, 11, 9], "texture": "#0"},
				"down": {"uv": [9.75, 11, 9.25, 11.5], "texture": "#0"}
			}
		},
		{
			"from": [7.49975, 0, 5.75],
			"to": [8.49975, 1.5, 10.25],
			"rotation": {"angle": 0, "axis": "y", "origin": [8, 5.04105, 8]},
			"faces": {
				"north": {"uv": [2.75, 10, 3.25, 10.75], "texture": "#0"},
				"east": {"uv": [8.5, 3.25, 10.75, 4], "texture": "#0"},
				"south": {"uv": [10.25, 10.5, 10.75, 11.25], "texture": "#0"},
				"west": {"uv": [8.5, 4, 10.75, 4.75], "texture": "#0"},
				"up": {"uv": [2.25, 12.25, 1.75, 10], "texture": "#0"},
				"down": {"uv": [2.75, 10, 2.25, 12.25], "texture": "#0"}
			}
		},
		{
			"from": [7.99975, 2, 5.75],
			"to": [7.99975, 19.5, 10.25],
			"rotation": {"angle": 0, "axis": "y", "origin": [8, 5.04105, 8]},
			"faces": {
				"north": {"uv": [0, 0, 0, 8.75], "texture": "#0"},
				"east": {"uv": [0, 0, 2.25, 8.75], "texture": "#0"},
				"south": {"uv": [0, 0, 0, 8.75], "texture": "#0"},
				"west": {"uv": [2.25, 0, 4.5, 8.75], "texture": "#0"},
				"up": {"uv": [0, 2.25, 0, 0], "texture": "#0"},
				"down": {"uv": [0, 0, 0, 2.25], "texture": "#0"}
			}
		},
		{
			"from": [7.99975, 0.62459, 9.32858],
			"to": [7.99975, 5.62459, 11.82858],
			"rotation": {"angle": 22.5, "axis": "x", "origin": [7.99975, 1.16474, 9.76679]},
			"faces": {
				"north": {"uv": [0, 0, 0, 5], "texture": "#2"},
				"east": {"uv": [6, 0, 8.5, 5], "texture": "#2"},
				"south": {"uv": [0, 0, 0, 5], "texture": "#2"},
				"west": {"uv": [6, 5, 8.5, 10], "texture": "#2"},
				"up": {"uv": [0, 2.5, 0, 0], "texture": "#2"},
				"down": {"uv": [0, 0, 0, 2.5], "texture": "#2"}
			}
		},
		{
			"from": [7.99975, 0.62459, 4.17142],
			"to": [7.99975, 5.62459, 6.67142],
			"rotation": {"angle": -22.5, "axis": "x", "origin": [7.99975, 1.16474, 6.23321]},
			"faces": {
				"north": {"uv": [0, 0, 0, 5], "texture": "#2"},
				"east": {"uv": [9, 0, 11.5, 5], "texture": "#2"},
				"south": {"uv": [0, 0, 0, 5], "texture": "#2"},
				"west": {"uv": [9, 5, 11.5, 10], "texture": "#2"},
				"up": {"uv": [0, 2.5, 0, 0], "texture": "#2"},
				"down": {"uv": [0, 0, 0, 2.5], "texture": "#2"}
			}
		},
		{
			"from": [7.99975, 0.62459, 9.32858],
			"to": [7.99975, 5.62459, 11.82858],
			"rotation": {"angle": 0, "axis": "y", "origin": [7.99975, 1.16474, 9.76679]},
			"faces": {
				"north": {"uv": [0, 0, 0, 5], "texture": "#2"},
				"east": {"uv": [0, 0, 2.5, 5], "texture": "#2"},
				"south": {"uv": [0, 0, 0, 5], "texture": "#2"},
				"west": {"uv": [3, 0, 5.5, 5], "texture": "#2"},
				"up": {"uv": [0, 2.5, 0, 0], "texture": "#2"},
				"down": {"uv": [0, 0, 0, 2.5], "texture": "#2"}
			}
		},
		{
			"from": [7.99975, 0.62459, 4.17142],
			"to": [7.99975, 5.62459, 6.67142],
			"rotation": {"angle": 0, "axis": "y", "origin": [7.99975, 1.16474, 6.23321]},
			"faces": {
				"north": {"uv": [0, 0, 0, 5], "texture": "#2"},
				"east": {"uv": [0, 5, 2.5, 10], "texture": "#2"},
				"south": {"uv": [0, 0, 0, 5], "texture": "#2"},
				"west": {"uv": [3, 5, 5.5, 10], "texture": "#2"},
				"up": {"uv": [0, 2.5, 0, 0], "texture": "#2"},
				"down": {"uv": [0, 0, 0, 2.5], "texture": "#2"}
			}
		},
		{
			"from": [7.99975, 0.62459, 9.32858],
			"to": [7.99975, 5.62459, 11.82858],
			"rotation": {"angle": 45, "axis": "x", "origin": [7.99975, 1.16474, 9.76679]},
			"faces": {
				"north": {"uv": [0, 0, 0, 5], "texture": "#2"},
				"east": {"uv": [0, 10, 2.5, 15], "texture": "#2"},
				"south": {"uv": [0, 0, 0, 5], "texture": "#2"},
				"west": {"uv": [3, 10, 5.5, 15], "texture": "#2"},
				"up": {"uv": [0, 2.5, 0, 0], "texture": "#2"},
				"down": {"uv": [0, 0, 0, 2.5], "texture": "#2"}
			}
		},
		{
			"from": [7.99975, 0.62459, 4.17142],
			"to": [7.99975, 5.62459, 6.67142],
			"rotation": {"angle": -45, "axis": "x", "origin": [7.99975, 1.16474, 6.23321]},
			"faces": {
				"north": {"uv": [0, 0, 0, 5], "texture": "#2"},
				"east": {"uv": [6, 10, 8.5, 15], "texture": "#2"},
				"south": {"uv": [0, 0, 0, 5], "texture": "#2"},
				"west": {"uv": [9, 10, 11.5, 15], "texture": "#2"},
				"up": {"uv": [0, 2.5, 0, 0], "texture": "#2"},
				"down": {"uv": [0, 0, 0, 2.5], "texture": "#2"}
			}
		},
		{
			"from": [7.74975, -0.15965, 9.03024],
			"to": [8.24975, 0.84035, 11.53024],
			"rotation": {"angle": -22.5, "axis": "x", "origin": [7.99975, 0.34803, 9.85636]},
			"faces": {
				"north": {"uv": [6.5, 4, 6.75, 4.5], "texture": "#1"},
				"east": {"uv": [2.5, 6, 3.75, 6.5], "texture": "#1"},
				"south": {"uv": [6.5, 4.5, 6.75, 5], "texture": "#1"},
				"west": {"uv": [6.5, 0, 7.75, 0.5], "texture": "#1"},
				"up": {"uv": [5.25, 7.75, 5, 6.5], "texture": "#1"},
				"down": {"uv": [5.75, 6.5, 5.5, 7.75], "texture": "#1"}
			}
		},
		{
			"from": [7.99975, -1.65965, 8.78024],
			"to": [7.99975, 0.84035, 13.78024],
			"rotation": {"angle": -22.5, "axis": "x", "origin": [7.99975, 0.34803, 9.85636]},
			"faces": {
				"north": {"uv": [0, 0, 0, 1.25], "texture": "#1"},
				"east": {"uv": [0, 0, 2.5, 1.25], "texture": "#1"},
				"south": {"uv": [0, 0, 0, 1.25], "texture": "#1"},
				"west": {"uv": [0, 1.5, 2.5, 2.75], "texture": "#1"},
				"up": {"uv": [0, 2.5, 0, 0], "texture": "#1"},
				"down": {"uv": [0, 0, 0, 2.5], "texture": "#1"}
			}
		},
		{
			"from": [7.75025, -0.15965, 4.46976],
			"to": [8.25025, 0.84035, 6.96976],
			"rotation": {"angle": 22.5, "axis": "x", "origin": [8, 0.34803, 6.14364]},
			"faces": {
				"north": {"uv": [7, 4, 7.25, 4.5], "texture": "#1"},
				"east": {"uv": [6.5, 0.5, 7.75, 1], "texture": "#1"},
				"south": {"uv": [7, 4.5, 7.25, 5], "texture": "#1"},
				"west": {"uv": [6.5, 1, 7.75, 1.5], "texture": "#1"},
				"up": {"uv": [6.25, 7.75, 6, 6.5], "texture": "#1"},
				"down": {"uv": [6.75, 6.5, 6.5, 7.75], "texture": "#1"}
			}
		},
		{
			"from": [7.99975, -1.65965, 2.21976],
			"to": [7.99975, 0.84035, 7.21976],
			"rotation": {"angle": 22.5, "axis": "x", "origin": [8, 0.34803, 6.14364]},
			"faces": {
				"north": {"uv": [0, 0, 0, 1.25], "texture": "#1"},
				"east": {"uv": [2.5, 0, 5, 1.25], "texture": "#1"},
				"south": {"uv": [0, 0, 0, 1.25], "texture": "#1"},
				"west": {"uv": [2.5, 1.5, 5, 2.75], "texture": "#1"},
				"up": {"uv": [0, 2.5, 0, 0], "texture": "#1"},
				"down": {"uv": [0, 0, 0, 2.5], "texture": "#1"}
			}
		},
		{
			"from": [7.74975, -0.15965, 9.03024],
			"to": [8.24975, 0.84035, 11.53024],
			"rotation": {"angle": 0, "axis": "y", "origin": [7.99975, 0.34803, 9.85636]},
			"faces": {
				"north": {"uv": [2, 7.5, 2.25, 8], "texture": "#1"},
				"east": {"uv": [6.5, 1.5, 7.75, 2], "texture": "#1"},
				"south": {"uv": [4, 7.5, 4.25, 8], "texture": "#1"},
				"west": {"uv": [6.5, 2, 7.75, 2.5], "texture": "#1"},
				"up": {"uv": [2.75, 8.25, 2.5, 7], "texture": "#1"},
				"down": {"uv": [3.25, 7, 3, 8.25], "texture": "#1"}
			}
		},
		{
			"from": [7.99975, -1.65965, 8.78024],
			"to": [7.99975, 0.84035, 13.78024],
			"rotation": {"angle": 0, "axis": "y", "origin": [7.99975, 0.34803, 9.85636]},
			"faces": {
				"north": {"uv": [0, 0, 0, 1.25], "texture": "#1"},
				"east": {"uv": [0, 3, 2.5, 4.25], "texture": "#1"},
				"south": {"uv": [0, 0, 0, 1.25], "texture": "#1"},
				"west": {"uv": [2.5, 3, 5, 4.25], "texture": "#1"},
				"up": {"uv": [0, 2.5, 0, 0], "texture": "#1"},
				"down": {"uv": [0, 0, 0, 2.5], "texture": "#1"}
			}
		},
		{
			"from": [7.75025, -0.15965, 4.46976],
			"to": [8.25025, 0.84035, 6.96976],
			"rotation": {"angle": 0, "axis": "y", "origin": [8, 0.34803, 6.14364]},
			"faces": {
				"north": {"uv": [7.5, 4, 7.75, 4.5], "texture": "#1"},
				"east": {"uv": [2.5, 6.5, 3.75, 7], "texture": "#1"},
				"south": {"uv": [4.5, 7.5, 4.75, 8], "texture": "#1"},
				"west": {"uv": [6.5, 2.5, 7.75, 3], "texture": "#1"},
				"up": {"uv": [3.75, 8.25, 3.5, 7], "texture": "#1"},
				"down": {"uv": [7.25, 6.5, 7, 7.75], "texture": "#1"}
			}
		},
		{
			"from": [7.99975, -1.65965, 2.21976],
			"to": [7.99975, 0.84035, 7.21976],
			"rotation": {"angle": 0, "axis": "y", "origin": [8, 0.34803, 6.14364]},
			"faces": {
				"north": {"uv": [0, 0, 0, 1.25], "texture": "#1"},
				"east": {"uv": [0, 4.5, 2.5, 5.75], "texture": "#1"},
				"south": {"uv": [0, 0, 0, 1.25], "texture": "#1"},
				"west": {"uv": [2.5, 4.5, 5, 5.75], "texture": "#1"},
				"up": {"uv": [0, 2.5, 0, 0], "texture": "#1"},
				"down": {"uv": [0, 0, 0, 2.5], "texture": "#1"}
			}
		},
		{
			"from": [7.74975, -0.47809, 9.36405],
			"to": [8.24975, 2.02191, 10.36405],
			"rotation": {"angle": 45, "axis": "x", "origin": [7.99975, 0.34803, 9.85636]},
			"faces": {
				"north": {"uv": [0, 7.5, 0.25, 8.75], "texture": "#1"},
				"east": {"uv": [4, 6, 4.5, 7.25], "texture": "#1"},
				"south": {"uv": [0.5, 7.5, 0.75, 8.75], "texture": "#1"},
				"west": {"uv": [4.5, 6, 5, 7.25], "texture": "#1"},
				"up": {"uv": [7.75, 5, 7.5, 4.5], "texture": "#1"},
				"down": {"uv": [7.75, 5, 7.5, 5.5], "texture": "#1"}
			}
		},
		{
			"from": [7.99975, -0.72809, 9.36405],
			"to": [7.99975, 4.27191, 11.86405],
			"rotation": {"angle": 45, "axis": "x", "origin": [7.99975, 0.34803, 9.85636]},
			"faces": {
				"north": {"uv": [0, 0, 0, 2.5], "texture": "#1"},
				"east": {"uv": [5, 0, 6.25, 2.5], "texture": "#1"},
				"south": {"uv": [0, 0, 0, 2.5], "texture": "#1"},
				"west": {"uv": [5, 2.5, 6.25, 5], "texture": "#1"},
				"up": {"uv": [0, 1.25, 0, 0], "texture": "#1"},
				"down": {"uv": [0, 0, 0, 1.25], "texture": "#1"}
			}
		},
		{
			"from": [7.75025, -0.15965, 4.46976],
			"to": [8.25025, 0.84035, 6.96976],
			"rotation": {"angle": 45, "axis": "x", "origin": [8, 0.34803, 6.14364]},
			"faces": {
				"north": {"uv": [7.5, 5.5, 7.75, 6], "texture": "#1"},
				"east": {"uv": [6.5, 3, 7.75, 3.5], "texture": "#1"},
				"south": {"uv": [7.5, 6, 7.75, 6.5], "texture": "#1"},
				"west": {"uv": [6.5, 3.5, 7.75, 4], "texture": "#1"},
				"up": {"uv": [1.25, 8.75, 1, 7.5], "texture": "#1"},
				"down": {"uv": [1.75, 7.5, 1.5, 8.75], "texture": "#1"}
			}
		},
		{
			"from": [7.99975, -1.65965, 2.21976],
			"to": [7.99975, 0.84035, 7.21976],
			"rotation": {"angle": 45, "axis": "x", "origin": [8, 0.34803, 6.14364]},
			"faces": {
				"north": {"uv": [0, 0, 0, 1.25], "texture": "#1"},
				"east": {"uv": [5, 5, 7.5, 6.25], "texture": "#1"},
				"south": {"uv": [0, 0, 0, 1.25], "texture": "#1"},
				"west": {"uv": [0, 6, 2.5, 7.25], "texture": "#1"},
				"up": {"uv": [0, 2.5, 0, 0], "texture": "#1"},
				"down": {"uv": [0, 0, 0, 2.5], "texture": "#1"}
			}
		}
	],
	"gui_light": "front",
	"display": {
		"thirdperson_righthand": {
			"translation": [0, 9.5, 1.5]
		},
		"thirdperson_lefthand": {
			"translation": [0, 9.5, 1.5]
		},
		"firstperson_righthand": {
			"rotation": [-12, 4, 0],
			"translation": [8.5, 10.75, -6.75],
			"scale": [1.5, 1.5, 1.5]
		},
		"firstperson_lefthand": {
			"rotation": [-12, 4, 0],
			"translation": [8.5, 10.75, -6.75],
			"scale": [1.5, 1.5, 1.5]
		},
		"ground": {
			"rotation": [45, 0, 0],
			"translation": [0, 9.75, 1.75],
			"scale": [0.9, 0.9, 0.9]
		},
		"gui": {
			"rotation": [-90, 135, 90],
			"translation": [1.25, 1.25, 0],
			"scale": [0.7, 0.7, 0.7]
		},
		"fixed": {
			"rotation": [90, -45, 90],
			"translation": [-1.5, 1.75, -0.5],
			"scale": [0.9, 0.9, 0.9]
		}
	},
	"groups": [
		{
			"name": "group",
			"origin": [8, 5.04105, 8],
			"color": 0,
			"children": [0, 1, 2, 3, 4, 5, 6, 7, 8, 9, 10, 11, 12, 13]
		},
		{
			"name": "small_wing_0",
			"origin": [7.99975, 1.16474, 9.76679],
			"color": 0,
			"children": [
				{
					"name": "left_wing_s",
					"origin": [7.99975, 1.16474, 9.76679],
					"color": 0,
					"children": [14]
				},
				{
					"name": "right_wing_s",
					"origin": [7.99975, 1.16474, 6.23321],
					"color": 0,
					"children": [15]
				}
			]
		},
		{
			"name": "small_wing_1",
			"origin": [7.99975, 1.16474, 9.76679],
			"color": 0,
			"children": [
				{
					"name": "left_wing_s",
					"origin": [7.99975, 1.16474, 9.76679],
					"color": 0,
					"children": [16]
				},
				{
					"name": "right_wing_s",
					"origin": [7.99975, 1.16474, 6.23321],
					"color": 0,
					"children": [17]
				}
			]
		},
		{
			"name": "small_wing_2",
			"origin": [7.99975, 1.16474, 9.76679],
			"color": 0,
			"children": [
				{
					"name": "left_wing_s",
					"origin": [7.99975, 1.16474, 9.76679],
					"color": 0,
					"children": [18]
				},
				{
					"name": "right_wing_s",
					"origin": [7.99975, 1.16474, 6.23321],
					"color": 0,
					"children": [19]
				}
			]
		},
		{
			"name": "large_wing_0",
			"origin": [8, 8, 8],
			"color": 0,
			"children": [
				{
					"name": "left_wing_l",
					"origin": [8, 5.04105, 8],
					"color": 0,
					"children": [20, 21]
				},
				{
					"name": "right_wing_l",
					"origin": [8, 8, 8],
					"color": 0,
					"children": [22, 23]
				}
			]
		},
		{
			"name": "large_wing_1",
			"origin": [8, 8, 8],
			"color": 0,
			"children": [
				{
					"name": "left_wing_l",
					"origin": [8, 5.04105, 8],
					"color": 0,
					"children": [24, 25]
				},
				{
					"name": "right_wing_l",
					"origin": [8, 8, 8],
					"color": 0,
					"children": [26, 27]
				}
			]
		},
		{
			"name": "large_wing_2",
			"origin": [8, 8, 8],
			"color": 0,
			"children": [
				{
					"name": "left_wing_l",
					"origin": [8, 5.04105, 8],
					"color": 0,
					"children": [28, 29]
				},
				{
					"name": "right_wing_l",
					"origin": [8, 8, 8],
					"color": 0,
					"children": [30, 31]
				}
			]
		}
	]
}