{
	"credit": "Made with Blockbench",
	"textures": {
		"0": "block/crimson_planks",
		"particle": "block/crimson_planks"
	},
	"elements": [
		{
			"from": [6, 14, 8],
			"to": [10, 16, 16],
			"rotation": {"angle": 0, "axis": "x", "origin": [8, 8, 9]},
			"faces": {
				"north": {"uv": [0, 0, 2, 4], "rotation": 270, "texture": "#0"},
				"east": {"uv": [0, 0, 8, 2], "texture": "#0"},
				"south": {"uv": [0, 0, 2, 4], "rotation": 270, "texture": "#0"},
				"west": {"uv": [0, 0, 2, 8], "rotation": 270, "texture": "#0"},
				"up": {"uv": [0, 0, 8, 4], "rotation": 270, "texture": "#0"},
				"down": {"uv": [0, 0, 8, 4], "rotation": 90, "texture": "#0"}
			}
		},
		{
			"from": [6, 14, 0],
			"to": [10, 16, 8],
			"rotation": {"angle": 0, "axis": "y", "origin": [8, 8, 9]},
			"faces": {
				"north": {"uv": [8, 8, 16, 12], "rotation": 270, "texture": "#0"},
				"east": {"uv": [8, 10, 16, 12], "texture": "#0"},
				"south": {"uv": [8, 8, 16, 12], "rotation": 270, "texture": "#0"},
				"west": {"uv": [8, 8, 16, 12], "rotation": 270, "texture": "#0"},
				"up": {"uv": [0, 8, 8, 12], "rotation": 270, "texture": "#0"},
				"down": {"uv": [8, 8, 16, 12], "rotation": 270, "texture": "#0"}
			}
		}
	],
	"display": {
		"thirdperson_righthand": {
			"rotation": [90, -180, 0],
			"translation": [-6, -2, 8.75]
		},
		"thirdperson_lefthand": {
			"rotation": [90, -180, 0],
			"translation": [-6, -2, 8.75]
		},
		"firstperson_righthand": {
			"scale": [0.5, 0.5, 0.5]
		},
		"firstperson_lefthand": {
			"rotation": [61, -180, -6],
			"translation": [-1.25, 6.25, 3.25],
			"scale": [0.5, 0.5, 0.5]
		},
		"ground": {
			"rotation": [-25, 0, 0],
			"translation": [0, 5.5, 0],
			"scale": [0.5, 0.5, 0.5]
		},
		"gui": {
			"scale": [0.5, 0.5, 0.5]
		},
		"head": {
			"rotation": [0, 180, 0],
			"translation": [0, -30, 0],
			"scale": [1.6, 1.6, 1.6]
		},
		"fixed": {
			"rotation": [-90, 0, 0],
			"translation": [0, -2.75, -6]
		}
	}
}