{
	"credit": "Made with Blockbench",
	"texture_size": [64, 64],
	"textures": {
		"1": "item/sakura_shiro/3d/absolute_excalibur_vfx",
		"2": "item/sakura_shiro/3d/absolute_excalibur_vfx_big",
		"3": "item/sakura_shiro/3d/absolute_excalibur"
	},
	"elements": [
		{
			"from": [7.5, 0, 4],
			"to": [8.5, 1.5, 12],
			"rotation": {"angle": 0, "axis": "y", "origin": [4, 0.5, 12.5]},
			"faces": {
				"north": {"uv": [4.75, 7.5, 5.25, 8.25], "texture": "#3"},
				"east": {"uv": [2.5, 0, 6.5, 0.75], "texture": "#3"},
				"south": {"uv": [3.25, 7.75, 3.75, 8.5], "texture": "#3"},
				"west": {"uv": [2.5, 0.75, 6.5, 1.5], "texture": "#3"},
				"up": {"uv": [5.75, 8.5, 5.25, 4.5], "texture": "#3"},
				"down": {"uv": [2.75, 5.5, 2.25, 9.5], "texture": "#3"}
			}
		},
		{
			"from": [7.75, 1, 5.5],
			"to": [8.25, 2, 8],
			"rotation": {"angle": 22.5, "axis": "x", "origin": [8, 2.25, 8]},
			"faces": {
				"north": {"uv": [4, 8.5, 4.25, 9], "texture": "#3"},
				"east": {"uv": [8, 1, 9.25, 1.5], "texture": "#3"},
				"south": {"uv": [4.25, 8.5, 4.5, 9], "texture": "#3"},
				"west": {"uv": [8, 1.5, 9.25, 2], "texture": "#3"},
				"up": {"uv": [1, 9.75, 0.75, 8.5], "texture": "#3"},
				"down": {"uv": [1.25, 8.5, 1, 9.75], "texture": "#3"}
			}
		},
		{
			"from": [7.75, 1, 8],
			"to": [8.25, 2, 10.5],
			"rotation": {"angle": -22.5, "axis": "x", "origin": [8, 2.25, 8]},
			"faces": {
				"north": {"uv": [2.25, 5, 2.5, 5.5], "texture": "#3"},
				"east": {"uv": [7.5, 6.5, 8.75, 7], "texture": "#3"},
				"south": {"uv": [3.75, 8.5, 4, 9], "texture": "#3"},
				"west": {"uv": [7.75, 7, 9, 7.5], "texture": "#3"},
				"up": {"uv": [0.5, 9.75, 0.25, 8.5], "texture": "#3"},
				"down": {"uv": [0.75, 8.5, 0.5, 9.75], "texture": "#3"}
			}
		},
		{
			"from": [8.05, 1, 5.5],
			"to": [8.05, 2, 8],
			"rotation": {"angle": 45, "axis": "x", "origin": [7.75, 2.25, 8]},
			"faces": {
				"north": {"uv": [0, 0, 0, 0.5], "texture": "#3"},
				"east": {"uv": [8, 2, 9.25, 2.5], "texture": "#3"},
				"south": {"uv": [0, 0, 0, 0.5], "texture": "#3"},
				"west": {"uv": [5.75, 8, 7, 8.5], "texture": "#3"},
				"up": {"uv": [0, 1.25, 0, 0], "texture": "#3"},
				"down": {"uv": [0, 0, 0, 1.25], "texture": "#3"}
			}
		},
		{
			"from": [8.05, 1, 8],
			"to": [8.05, 2, 10.5],
			"rotation": {"angle": -45, "axis": "x", "origin": [7.75, 2.25, 8]},
			"faces": {
				"north": {"uv": [0, 0, 0, 0.5], "texture": "#3"},
				"east": {"uv": [7.75, 7.5, 9, 8], "texture": "#3"},
				"south": {"uv": [0, 0, 0, 0.5], "texture": "#3"},
				"west": {"uv": [0, 8, 1.25, 8.5], "texture": "#3"},
				"up": {"uv": [0, 1.25, 0, 0], "texture": "#3"},
				"down": {"uv": [0, 0, 0, 1.25], "texture": "#3"}
			}
		},
		{
			"from": [7.95, 1, 5.5],
			"to": [7.95, 2, 8],
			"rotation": {"angle": 45, "axis": "x", "origin": [7.75, 2.25, 8]},
			"faces": {
				"north": {"uv": [0, 0, 0, 0.5], "texture": "#3"},
				"east": {"uv": [8, 2, 9.25, 2.5], "texture": "#3"},
				"south": {"uv": [0, 0, 0, 0.5], "texture": "#3"},
				"west": {"uv": [5.75, 8, 7, 8.5], "texture": "#3"},
				"up": {"uv": [0, 1.25, 0, 0], "texture": "#3"},
				"down": {"uv": [0, 0, 0, 1.25], "texture": "#3"}
			}
		},
		{
			"from": [7.95, 1, 8],
			"to": [7.95, 2, 10.5],
			"rotation": {"angle": -45, "axis": "x", "origin": [7.75, 2.25, 8]},
			"faces": {
				"north": {"uv": [0, 0, 0, 0.5], "texture": "#3"},
				"east": {"uv": [7.75, 7.5, 9, 8], "texture": "#3"},
				"south": {"uv": [0, 0, 0, 0.5], "texture": "#3"},
				"west": {"uv": [0, 8, 1.25, 8.5], "texture": "#3"},
				"up": {"uv": [0, 1.25, 0, 0], "texture": "#3"},
				"down": {"uv": [0, 0, 0, 1.25], "texture": "#3"}
			}
		},
		{
			"from": [7.7495, 1.4995, 6.7495],
			"to": [8.2505, 11.5005, 9.2505],
			"rotation": {"angle": 0, "axis": "y", "origin": [4, 0.5, 12.5]},
			"faces": {
				"north": {"uv": [2.75, 5.5, 3, 10.5], "texture": "#3"},
				"east": {"uv": [0, 0, 1.25, 5], "texture": "#3"},
				"south": {"uv": [3, 5.5, 3.25, 10.5], "texture": "#3"},
				"west": {"uv": [1.25, 0, 2.5, 5], "texture": "#3"},
				"up": {"uv": [2.25, 9.25, 2, 8], "texture": "#3"},
				"down": {"uv": [0.25, 8.5, 0, 9.75], "texture": "#3"}
			}
		},
		{
			"from": [7, 0.3, 5.55],
			"to": [9, 2.8, 8.05],
			"rotation": {"angle": -45, "axis": "x", "origin": [8, 2.75, 8]},
			"faces": {
				"north": {"uv": [6, 1.5, 7, 2.75], "texture": "#3"},
				"east": {"uv": [5.75, 4.5, 7, 5.75], "texture": "#3"},
				"south": {"uv": [6, 2.75, 7, 4], "texture": "#3"},
				"west": {"uv": [5.75, 5.75, 7, 7], "texture": "#3"},
				"up": {"uv": [7.5, 1.25, 6.5, 0], "texture": "#3"},
				"down": {"uv": [8, 1.25, 7, 2.5], "texture": "#3"}
			}
		},
		{
			"from": [8.05, 11.5, 6.75],
			"to": [8.05, 15.5, 9.25],
			"rotation": {"angle": 0, "axis": "y", "origin": [4, 0.5, 12.5]},
			"faces": {
				"north": {"uv": [0, 0, 0, 2], "texture": "#3"},
				"east": {"uv": [2.5, 1.5, 3.75, 3.5], "texture": "#3"},
				"south": {"uv": [0, 0, 0, 2], "texture": "#3"},
				"west": {"uv": [2.5, 3.5, 3.75, 5.5], "texture": "#3"},
				"up": {"uv": [0, 1.25, 0, 0], "texture": "#3"},
				"down": {"uv": [0, 0, 0, 1.25], "texture": "#3"}
			}
		},
		{
			"from": [7.95, 11.5, 6.75],
			"to": [7.95, 15.5, 9.25],
			"rotation": {"angle": 0, "axis": "y", "origin": [4, 0.5, 12.5]},
			"faces": {
				"north": {"uv": [0, 0, 0, 2], "texture": "#3"},
				"east": {"uv": [2.5, 1.5, 3.75, 3.5], "texture": "#3"},
				"south": {"uv": [0, 0, 0, 2], "texture": "#3"},
				"west": {"uv": [2.5, 3.5, 3.75, 5.5], "texture": "#3"},
				"up": {"uv": [0, 1.25, 0, 0], "texture": "#3"},
				"down": {"uv": [0, 0, 0, 1.25], "texture": "#3"}
			}
		},
		{
			"from": [7, -7, 7.25],
			"to": [9, -5, 9.25],
			"rotation": {"angle": -45, "axis": "x", "origin": [8, -6.25, 8]},
			"faces": {
				"north": {"uv": [5.75, 7, 6.75, 8], "texture": "#3"},
				"east": {"uv": [6.75, 7, 7.75, 8], "texture": "#3"},
				"south": {"uv": [7.5, 0, 8.5, 1], "texture": "#3"},
				"west": {"uv": [3.75, 7.5, 4.75, 8.5], "texture": "#3"},
				"up": {"uv": [8.5, 5.5, 7.5, 4.5], "texture": "#3"},
				"down": {"uv": [8.5, 5.5, 7.5, 6.5], "texture": "#3"}
			}
		},
		{
			"from": [7.25, -5.5, 7.25],
			"to": [8.75, 0.5, 8.75],
			"rotation": {"angle": 0, "axis": "y", "origin": [4, 0, 12]},
			"faces": {
				"north": {"uv": [0, 5, 0.75, 8], "texture": "#3"},
				"east": {"uv": [0.75, 5, 1.5, 8], "texture": "#3"},
				"south": {"uv": [1.5, 5, 2.25, 8], "texture": "#3"},
				"west": {"uv": [5.25, 1.5, 6, 4.5], "texture": "#3"},
				"up": {"uv": [8.5, 8.75, 7.75, 8], "texture": "#3"},
				"down": {"uv": [9, 2.5, 8.25, 3.25], "texture": "#3"}
			}
		},
		{
			"from": [6.75, -0.75, 7],
			"to": [9.25, -0.25, 9],
			"rotation": {"angle": 0, "axis": "y", "origin": [4, 0, 12]},
			"faces": {
				"north": {"uv": [8.5, 0, 9.75, 0.25], "texture": "#3"},
				"east": {"uv": [6, 4, 7, 4.25], "texture": "#3"},
				"south": {"uv": [8.5, 0.25, 9.75, 0.5], "texture": "#3"},
				"west": {"uv": [6, 4.25, 7, 4.5], "texture": "#3"},
				"up": {"uv": [8.25, 3.5, 7, 2.5], "texture": "#3"},
				"down": {"uv": [8.25, 3.5, 7, 4.5], "texture": "#3"}
			}
		},
		{
			"from": [7.125, -5.625, 7.125],
			"to": [8.875, 0.625, 8.875],
			"rotation": {"angle": 0, "axis": "y", "origin": [4, 0, 12]},
			"faces": {
				"north": {"uv": [3.75, 1.5, 4.5, 4.5], "texture": "#3"},
				"east": {"uv": [4.5, 1.5, 5.25, 4.5], "texture": "#3"},
				"south": {"uv": [3.75, 4.5, 4.5, 7.5], "texture": "#3"},
				"west": {"uv": [4.5, 4.5, 5.25, 7.5], "texture": "#3"},
				"up": {"uv": [2, 8.75, 1.25, 8], "texture": "#3"},
				"down": {"uv": [7.75, 8, 7, 8.75], "texture": "#3"}
			}
		},
		{
			"from": [7.5, -6.125, 5.75],
			"to": [8.5, -5.625, 10.25],
			"rotation": {"angle": 0, "axis": "y", "origin": [4, 0, 12]},
			"faces": {
				"north": {"uv": [6.5, 1.25, 7, 1.5], "texture": "#3"},
				"east": {"uv": [8.25, 3.25, 10.5, 3.5], "texture": "#3"},
				"south": {"uv": [7, 6.75, 7.5, 7], "texture": "#3"},
				"west": {"uv": [8.25, 3.5, 10.5, 3.75], "texture": "#3"},
				"up": {"uv": [3.75, 7.75, 3.25, 5.5], "texture": "#3"},
				"down": {"uv": [7.5, 4.5, 7, 6.75], "texture": "#3"}
			}
		},
		{
			"from": [7.5, -8, 7.75],
			"to": [8.5, -6.5, 8.25],
			"rotation": {"angle": 0, "axis": "y", "origin": [4, 0, 12]},
			"faces": {
				"north": {"uv": [8.25, 3.75, 8.75, 4.5], "texture": "#3"},
				"east": {"uv": [3.25, 8.5, 3.5, 9.25], "texture": "#3"},
				"south": {"uv": [4.75, 8.25, 5.25, 9], "texture": "#3"},
				"west": {"uv": [3.5, 8.5, 3.75, 9.25], "texture": "#3"},
				"up": {"uv": [8, 1.25, 7.5, 1], "texture": "#3"},
				"down": {"uv": [9, 0.5, 8.5, 0.75], "texture": "#3"}
			}
		},
		{
			"from": [8, 1.5, 0],
			"to": [8, 17.5, 16],
			"rotation": {"angle": 0, "axis": "y", "origin": [4, 0, 4]},
			"faces": {
				"north": {"uv": [0, 0, 0, 8], "texture": "#2"},
				"east": {"uv": [16, 0, 0, 16], "texture": "#2"},
				"south": {"uv": [0, 0, 0, 8], "texture": "#2"},
				"west": {"uv": [0, 0, 16, 16], "texture": "#2"},
				"up": {"uv": [0, 8, 0, 0], "texture": "#2"},
				"down": {"uv": [0, 0, 0, 8], "texture": "#2"}
			}
		},
		{
			"from": [9.05, 1, 6.5],
			"to": [9.05, 4.5, 9.5],
			"rotation": {"angle": 0, "axis": "y", "origin": [4, 0, 4]},
			"faces": {
				"north": {"uv": [0, 0, 0, 1.75], "texture": "#1"},
				"east": {"uv": [0, 0, 6, 7], "texture": "#1"},
				"south": {"uv": [0, 0, 0, 1.75], "texture": "#1"},
				"west": {"uv": [6, 0, 0, 7], "texture": "#1"},
				"up": {"uv": [0, 0, 0, 1.5], "texture": "#1"},
				"down": {"uv": [0, 0, 0, 1.5], "texture": "#1"}
			}
		},
		{
			"from": [6.95, 1, 6.5],
			"to": [6.95, 4.5, 9.5],
			"rotation": {"angle": 0, "axis": "y", "origin": [4, 0, 4]},
			"faces": {
				"north": {"uv": [0, 0, 0, 1.75], "texture": "#1"},
				"east": {"uv": [0, 0, 6, 7], "texture": "#1"},
				"south": {"uv": [0, 0, 0, 1.75], "texture": "#1"},
				"west": {"uv": [6, 0, 0, 7], "texture": "#1"},
				"up": {"uv": [0, 0, 0, 1.5], "texture": "#1"},
				"down": {"uv": [0, 0, 0, 1.5], "texture": "#1"}
			}
		}
	],
	"gui_light": "front",
	"display": {
		"thirdperson_righthand": {
			"translation": [0, 9, 1.5]
		},
		"thirdperson_lefthand": {
			"translation": [0, 9, 1.5]
		},
		"firstperson_righthand": {
			"rotation": [-12, 4, 0],
			"translation": [8.5, 10.75, -6.75],
			"scale": [1.5, 1.5, 1.5]
		},
		"firstperson_lefthand": {
			"rotation": [-12, 4, 0],
			"translation": [8.5, 10.75, -6.75],
			"scale": [1.5, 1.5, 1.5]
		},
		"ground": {
			"rotation": [45, 0, 0],
			"translation": [0, 9.75, 1.75],
			"scale": [0.9, 0.9, 0.9]
		},
		"gui": {
			"rotation": [-90, 135, 90],
			"translation": [1.75, 1.75, 0],
			"scale": [0.8, 0.8, 0.8]
		},
		"fixed": {
			"rotation": [90, -45, 90],
			"translation": [-1.5, 1.75, -0.5],
			"scale": [0.9, 0.9, 0.9]
		}
	},
	"groups": [
		{
			"name": "group",
			"origin": [7, 5.51805, -8.13787],
			"color": 0,
			"children": [
				0,
				1,
				2,
				{
					"name": "group",
					"origin": [7.75, 2.25, 8],
					"color": 0,
					"children": [3, 4]
				},
				{
					"name": "group",
					"origin": [7.75, 2.25, 8],
					"color": 0,
					"children": [5, 6]
				},
				7,
				8,
				9,
				10,
				{
					"name": "group",
					"origin": [8, 9.15894, 1.21814],
					"color": 0,
					"children": [
						{
							"name": "group",
							"origin": [8, 1.88329, 8.31176],
							"color": 0,
							"children": []
						},
						{
							"name": "group",
							"origin": [8, 1.88329, 8.31176],
							"color": 0,
							"children": []
						}
					]
				}
			]
		},
		{
			"name": "group",
			"origin": [8, -5, 8],
			"color": 0,
			"children": [11, 12, 13, 14, 15, 16]
		},
		17,
		18,
		19
	]
}