{
	"credit": "Made with Blockbench",
	"texture_size": [64, 64],
	"textures": {
		"1": "minecraft:item/sakura_story/titanium/netherite_pickaxe"
	},
	"elements": [
		{
			"from": [6.5, -12, 6.5],
			"to": [9.5, 15, 9.5],
			"rotation": {"angle": 0, "axis": "y", "origin": [0, 1, 16]},
			"faces": {
				"north": {"uv": [3, 0, 3.75, 6.75], "texture": "#1"},
				"east": {"uv": [3.75, 0, 4.5, 6.75], "texture": "#1"},
				"south": {"uv": [4.5, 0, 5.25, 6.75], "texture": "#1"},
				"west": {"uv": [5.25, 0, 6, 6.75], "texture": "#1"},
				"up": {"uv": [5.25, 8, 4.5, 7.25], "texture": "#1"},
				"down": {"uv": [7.75, 7.5, 7, 8.25], "texture": "#1"}
			}
		},
		{
			"from": [6.2, -12.3, 6.2],
			"to": [9.8, 15.3, 9.8],
			"rotation": {"angle": 0, "axis": "y", "origin": [0, 1, 16]},
			"faces": {
				"north": {"uv": [0, 0, 0.75, 6.75], "texture": "#1"},
				"east": {"uv": [0.75, 0, 1.5, 6.75], "texture": "#1"},
				"south": {"uv": [1.5, 0, 2.25, 6.75], "texture": "#1"},
				"west": {"uv": [2.25, 0, 3, 6.75], "texture": "#1"},
				"up": {"uv": [3.75, 8, 3, 7.25], "texture": "#1"},
				"down": {"uv": [4.5, 7.25, 3.75, 8], "texture": "#1"}
			}
		},
		{
			"from": [7, -15, 7],
			"to": [9, -12, 9],
			"rotation": {"angle": 0, "axis": "y", "origin": [0, 1, 16]},
			"faces": {
				"north": {"uv": [6.25, 7.75, 6.75, 8.5], "texture": "#1"},
				"east": {"uv": [7.75, 7.5, 8.25, 8.25], "texture": "#1"},
				"south": {"uv": [2, 8, 2.5, 8.75], "texture": "#1"},
				"west": {"uv": [2.5, 8, 3, 8.75], "texture": "#1"},
				"up": {"uv": [3.5, 8.5, 3, 8], "texture": "#1"},
				"down": {"uv": [8.5, 3, 8, 3.5], "texture": "#1"}
			}
		},
		{
			"from": [7, 15, 7],
			"to": [9, 17, 9],
			"rotation": {"angle": 0, "axis": "y", "origin": [0, 1, 16]},
			"faces": {
				"north": {"uv": [4.5, 8, 5, 8.5], "texture": "#1"},
				"east": {"uv": [8, 6.5, 8.5, 7], "texture": "#1"},
				"south": {"uv": [8, 7, 8.5, 7.5], "texture": "#1"},
				"west": {"uv": [0, 8.25, 0.5, 8.75], "texture": "#1"},
				"up": {"uv": [1, 8.75, 0.5, 8.25], "texture": "#1"},
				"down": {"uv": [1.5, 8.25, 1, 8.75], "texture": "#1"}
			}
		},
		{
			"from": [7.5, -13, 4.5],
			"to": [8.5, -11, 11.5],
			"rotation": {"angle": 0, "axis": "y", "origin": [0, 1, 16]},
			"faces": {
				"north": {"uv": [7, 8.25, 7.25, 8.75], "texture": "#1"},
				"east": {"uv": [2, 6.75, 3.75, 7.25], "texture": "#1"},
				"south": {"uv": [7.25, 8.25, 7.5, 8.75], "texture": "#1"},
				"west": {"uv": [3.75, 6.75, 5.5, 7.25], "texture": "#1"},
				"up": {"uv": [5.5, 9, 5.25, 7.25], "texture": "#1"},
				"down": {"uv": [6.25, 7.75, 6, 9.5], "texture": "#1"}
			}
		},
		{
			"from": [7.5, 9, 2],
			"to": [8.5, 13, 14],
			"rotation": {"angle": 0, "axis": "y", "origin": [0, 2, 17]},
			"faces": {
				"north": {"uv": [6.75, 7.75, 7, 8.75], "texture": "#1"},
				"east": {"uv": [6, 0, 9, 1], "texture": "#1"},
				"south": {"uv": [3.5, 8, 3.75, 9], "texture": "#1"},
				"west": {"uv": [6, 1, 9, 2], "texture": "#1"},
				"up": {"uv": [5.75, 9.75, 5.5, 6.75], "texture": "#1"},
				"down": {"uv": [6, 6.75, 5.75, 9.75], "texture": "#1"}
			}
		},
		{
			"from": [7.501, 7.29848, -0.81497],
			"to": [8.499, 10.29648, 3.18303],
			"rotation": {"angle": -22.5, "axis": "x", "origin": [8, 9.04748, -2.31597]},
			"faces": {
				"north": {"uv": [5, 8, 5.25, 8.75], "texture": "#1"},
				"east": {"uv": [7, 3, 8, 3.75], "texture": "#1"},
				"south": {"uv": [1.5, 8.25, 1.75, 9], "texture": "#1"},
				"west": {"uv": [7, 3.75, 8, 4.5], "texture": "#1"},
				"up": {"uv": [8.25, 4.5, 8, 3.5], "texture": "#1"},
				"down": {"uv": [4, 8, 3.75, 9], "texture": "#1"}
			}
		},
		{
			"from": [7.501, 7.29848, 12.81697],
			"to": [8.499, 10.29648, 16.81497],
			"rotation": {"angle": 22.5, "axis": "x", "origin": [8, 9.04748, 18.31597]},
			"faces": {
				"north": {"uv": [1.75, 8.25, 2, 9], "texture": "#1"},
				"east": {"uv": [6, 7, 7, 7.75], "texture": "#1"},
				"south": {"uv": [8.25, 3.5, 8.5, 4.25], "texture": "#1"},
				"west": {"uv": [7, 6, 8, 6.75], "texture": "#1"},
				"up": {"uv": [4.25, 9, 4, 8], "texture": "#1"},
				"down": {"uv": [4.5, 8, 4.25, 9], "texture": "#1"}
			}
		},
		{
			"from": [8, 7.58181, 16.29239],
			"to": [8, 9.58181, 20.29239],
			"rotation": {"angle": 45, "axis": "x", "origin": [7, 8.83181, 18.29239]},
			"faces": {
				"north": {"uv": [0, 0, 0, 0.75], "texture": "#1"},
				"east": {"uv": [7, 4.5, 8, 5], "texture": "#1"},
				"south": {"uv": [0, 0, 0, 0.75], "texture": "#1"},
				"west": {"uv": [7, 5.25, 8, 5.75], "texture": "#1"},
				"up": {"uv": [0, 1, 0, 0], "texture": "#1"},
				"down": {"uv": [0, 0, 0, 1], "texture": "#1"}
			}
		},
		{
			"from": [8, 7.58181, -4.29239],
			"to": [8, 9.58181, -0.29239],
			"rotation": {"angle": -45, "axis": "x", "origin": [7, 8.83181, -2.29239]},
			"faces": {
				"north": {"uv": [0, 0, 0, 0.75], "texture": "#1"},
				"east": {"uv": [7, 6.75, 8, 7.25], "texture": "#1"},
				"south": {"uv": [0, 0, 0, 0.75], "texture": "#1"},
				"west": {"uv": [2, 7.25, 3, 7.75], "texture": "#1"},
				"up": {"uv": [0, 1, 0, 0], "texture": "#1"},
				"down": {"uv": [0, 0, 0, 1], "texture": "#1"}
			}
		},
		{
			"from": [6, 10, 5],
			"to": [10, 12, 11],
			"rotation": {"angle": 0, "axis": "y", "origin": [0, 2, 17]},
			"faces": {
				"north": {"uv": [0, 7.75, 1, 8.25], "texture": "#1"},
				"east": {"uv": [7, 2, 8.5, 2.5], "texture": "#1"},
				"south": {"uv": [1, 7.75, 2, 8.25], "texture": "#1"},
				"west": {"uv": [7, 2.5, 8.5, 3], "texture": "#1"},
				"up": {"uv": [7, 3.5, 6, 2], "texture": "#1"},
				"down": {"uv": [7, 3.5, 6, 5], "texture": "#1"}
			}
		},
		{
			"from": [6, 6, 6],
			"to": [10, 7, 10],
			"rotation": {"angle": 0, "axis": "y", "origin": [0, 2, 17]},
			"faces": {
				"north": {"uv": [8, 4.5, 9, 4.75], "texture": "#1"},
				"east": {"uv": [8, 4.75, 9, 5], "texture": "#1"},
				"south": {"uv": [8, 5, 9, 5.25], "texture": "#1"},
				"west": {"uv": [8, 5.25, 9, 5.5], "texture": "#1"},
				"up": {"uv": [7, 6, 6, 5], "texture": "#1"},
				"down": {"uv": [7, 6, 6, 7], "texture": "#1"}
			}
		},
		{
			"from": [6, -1, 6],
			"to": [10, 0, 10],
			"rotation": {"angle": 0, "axis": "y", "origin": [0, 2, 17]},
			"faces": {
				"north": {"uv": [8, 5.5, 9, 5.75], "texture": "#1"},
				"east": {"uv": [8, 5.75, 9, 6], "texture": "#1"},
				"south": {"uv": [8, 6, 9, 6.25], "texture": "#1"},
				"west": {"uv": [8, 6.25, 9, 6.5], "texture": "#1"},
				"up": {"uv": [1, 7.75, 0, 6.75], "texture": "#1"},
				"down": {"uv": [2, 6.75, 1, 7.75], "texture": "#1"}
			}
		}
	],
	"gui_light": "front",
	"display": {
		"thirdperson_righthand": {
			"translation": [0, 5, 1.5],
			"scale": [0.5, 0.5, 0.5]
		},
		"thirdperson_lefthand": {
			"translation": [0, 5, 1.5],
			"scale": [0.5, 0.5, 0.5]
		},
		"firstperson_righthand": {
			"rotation": [-10, 5, 0],
			"translation": [4, 4.75, -2.25],
			"scale": [0.6, 0.6, 0.6]
		},
		"firstperson_lefthand": {
			"rotation": [-10, 5, 0],
			"translation": [4, 4.75, -2.25],
			"scale": [0.6, 0.6, 0.6]
		},
		"ground": {
			"rotation": [-45, 0, 0],
			"translation": [0, 8.25, 0.25],
			"scale": [0.5, 0.5, 0.5]
		},
		"gui": {
			"rotation": [-90, -45, -90],
			"translation": [1.75, 1.75, 0],
			"scale": [0.55, 0.55, 0.55]
		},
		"fixed": {
			"rotation": [-90, 45, 90],
			"translation": [-2.75, 2.5, -0.5],
			"scale": [0.7, 0.7, 0.7]
		}
	},
	"groups": [
		{
			"name": "pickaxe",
			"origin": [7, 5.51805, -8.13787],
			"color": 0,
			"children": [
				{
					"name": "group",
					"origin": [8, -5, 8],
					"color": 0,
					"children": [0, 1, 2, 3, 4]
				},
				5,
				6,
				7,
				8,
				9,
				10,
				11,
				12
			]
		}
	]
}