{
	"credit": "Made with Blockbench",
	"texture_size": [64, 64],
	"textures": {
		"2": "minecraft:item/sakura_story/titanium/netherite_axe",
		"particle": "minecraft:item/sakura_story/titanium/netherite_axe"
	},
	"elements": [
		{
			"from": [7.5, 9, -1],
			"to": [8.5, 13, 12],
			"rotation": {"angle": 0, "axis": "y", "origin": [8, 11, 6.5]},
			"faces": {
				"north": {"uv": [6.75, 8.5, 7, 9.5], "texture": "#2"},
				"east": {"uv": [6, 0, 9.25, 1], "texture": "#2"},
				"south": {"uv": [8.75, 3.5, 9, 4.5], "texture": "#2"},
				"west": {"uv": [6, 1, 9.25, 2], "texture": "#2"},
				"up": {"uv": [5.25, 3.25, 5, 0], "texture": "#2"},
				"down": {"uv": [5.5, 8, 5.25, 11.25], "texture": "#2"}
			}
		},
		{
			"from": [8, 7, 12],
			"to": [8, 15, 18],
			"rotation": {"angle": 0, "axis": "y", "origin": [0, 2, 17]},
			"faces": {
				"north": {"uv": [0, 0, 0, 2], "texture": "#2"},
				"east": {"uv": [6, 2, 7.5, 4], "texture": "#2"},
				"south": {"uv": [0, 0, 0, 2], "texture": "#2"},
				"west": {"uv": [6, 4, 7.5, 6], "texture": "#2"},
				"up": {"uv": [0, 1.5, 0, 0], "texture": "#2"},
				"down": {"uv": [0, 0, 0, 1.5], "texture": "#2"}
			}
		},
		{
			"from": [8, 2, -5],
			"to": [8, 17, 5],
			"rotation": {"angle": 0, "axis": "y", "origin": [0, 2, 17]},
			"faces": {
				"north": {"uv": [0, 0, 0, 3.75], "texture": "#2"},
				"east": {"uv": [0, 0, 2.5, 3.75], "texture": "#2"},
				"south": {"uv": [0, 0, 0, 3.75], "texture": "#2"},
				"west": {"uv": [2.5, 0, 5, 3.75], "texture": "#2"},
				"up": {"uv": [0, 2.5, 0, 0], "texture": "#2"},
				"down": {"uv": [0, 0, 0, 2.5], "texture": "#2"}
			}
		},
		{
			"from": [6, 10, 5],
			"to": [10, 12, 11],
			"rotation": {"angle": 0, "axis": "y", "origin": [0, 2, 17]},
			"faces": {
				"north": {"uv": [8.5, 2, 9.5, 2.5], "texture": "#2"},
				"east": {"uv": [5.5, 8, 7, 8.5], "texture": "#2"},
				"south": {"uv": [8.5, 2.5, 9.5, 3], "texture": "#2"},
				"west": {"uv": [8, 6, 9.5, 6.5], "texture": "#2"},
				"up": {"uv": [7, 7.5, 6, 6], "texture": "#2"},
				"down": {"uv": [8, 6, 7, 7.5], "texture": "#2"}
			}
		},
		{
			"from": [6, 6, 6],
			"to": [10, 7, 10],
			"rotation": {"angle": 0, "axis": "y", "origin": [0, 2, 17]},
			"faces": {
				"north": {"uv": [8, 7.25, 9, 7.5], "texture": "#2"},
				"east": {"uv": [8.75, 4.5, 9.75, 4.75], "texture": "#2"},
				"south": {"uv": [8.75, 6.5, 9.75, 6.75], "texture": "#2"},
				"west": {"uv": [8.75, 6.75, 9.75, 7], "texture": "#2"},
				"up": {"uv": [8.5, 3, 7.5, 2], "texture": "#2"},
				"down": {"uv": [8.5, 3, 7.5, 4], "texture": "#2"}
			}
		},
		{
			"from": [6, -1, 6],
			"to": [10, 0, 10],
			"rotation": {"angle": 0, "axis": "y", "origin": [0, 2, 17]},
			"faces": {
				"north": {"uv": [7, 8.75, 8, 9], "texture": "#2"},
				"east": {"uv": [8.75, 7, 9.75, 7.25], "texture": "#2"},
				"south": {"uv": [8.75, 7.5, 9.75, 7.75], "texture": "#2"},
				"west": {"uv": [8.75, 7.75, 9.75, 8], "texture": "#2"},
				"up": {"uv": [8.5, 5, 7.5, 4], "texture": "#2"},
				"down": {"uv": [8.5, 5, 7.5, 6], "texture": "#2"}
			}
		},
		{
			"from": [6.5, -12, 6.5],
			"to": [9.5, 15, 9.5],
			"rotation": {"angle": 0, "axis": "y", "origin": [0, 1, 16]},
			"faces": {
				"north": {"uv": [0, 3.75, 0.75, 10.5], "texture": "#2"},
				"east": {"uv": [0.75, 3.75, 1.5, 10.5], "texture": "#2"},
				"south": {"uv": [1.5, 3.75, 2.25, 10.5], "texture": "#2"},
				"west": {"uv": [2.25, 3.75, 3, 10.5], "texture": "#2"},
				"up": {"uv": [6, 7.5, 5.25, 6.75], "texture": "#2"},
				"down": {"uv": [8.75, 6.5, 8, 7.25], "texture": "#2"}
			}
		},
		{
			"from": [6.2, -12.3, 6.2],
			"to": [9.8, 15.3, 9.8],
			"rotation": {"angle": 0, "axis": "y", "origin": [0, 1, 16]},
			"faces": {
				"north": {"uv": [3, 3.75, 3.75, 10.5], "texture": "#2"},
				"east": {"uv": [3.75, 3.75, 4.5, 10.5], "texture": "#2"},
				"south": {"uv": [4.5, 3.75, 5.25, 10.5], "texture": "#2"},
				"west": {"uv": [5.25, 0, 6, 6.75], "texture": "#2"},
				"up": {"uv": [7.75, 8.75, 7, 8], "texture": "#2"},
				"down": {"uv": [8.5, 8, 7.75, 8.75], "texture": "#2"}
			}
		},
		{
			"from": [7, -15, 7],
			"to": [9, -12, 9],
			"rotation": {"angle": 0, "axis": "y", "origin": [0, 1, 16]},
			"faces": {
				"north": {"uv": [8.5, 4.75, 9, 5.5], "texture": "#2"},
				"east": {"uv": [5.75, 8.5, 6.25, 9.25], "texture": "#2"},
				"south": {"uv": [6.25, 8.5, 6.75, 9.25], "texture": "#2"},
				"west": {"uv": [8.5, 8, 9, 8.75], "texture": "#2"},
				"up": {"uv": [9, 6, 8.5, 5.5], "texture": "#2"},
				"down": {"uv": [9.25, 3, 8.75, 3.5], "texture": "#2"}
			}
		},
		{
			"from": [7, 15, 7],
			"to": [9, 17, 9],
			"rotation": {"angle": 0, "axis": "y", "origin": [0, 1, 16]},
			"faces": {
				"north": {"uv": [8, 8.75, 8.5, 9.25], "texture": "#2"},
				"east": {"uv": [8.5, 8.75, 9, 9.25], "texture": "#2"},
				"south": {"uv": [9, 3.5, 9.5, 4], "texture": "#2"},
				"west": {"uv": [9, 4, 9.5, 4.5], "texture": "#2"},
				"up": {"uv": [9.5, 5.25, 9, 4.75], "texture": "#2"},
				"down": {"uv": [9.5, 5.25, 9, 5.75], "texture": "#2"}
			}
		},
		{
			"from": [7.5, -13, 4.5],
			"to": [8.5, -11, 11.5],
			"rotation": {"angle": 0, "axis": "y", "origin": [0, 1, 16]},
			"faces": {
				"north": {"uv": [5, 3.25, 5.25, 3.75], "texture": "#2"},
				"east": {"uv": [5.25, 7.5, 7, 8], "texture": "#2"},
				"south": {"uv": [7, 9, 7.25, 9.5], "texture": "#2"},
				"west": {"uv": [7, 7.5, 8.75, 8], "texture": "#2"},
				"up": {"uv": [8.75, 4.75, 8.5, 3], "texture": "#2"},
				"down": {"uv": [5.75, 8.5, 5.5, 10.25], "texture": "#2"}
			}
		}
	],
	"gui_light": "front",
	"display": {
		"thirdperson_righthand": {
			"translation": [0, 5, 1.5],
			"scale": [0.5, 0.5, 0.5]
		},
		"thirdperson_lefthand": {
			"translation": [0, 5, 1.5],
			"scale": [0.5, 0.5, 0.5]
		},
		"firstperson_righthand": {
			"rotation": [-10, 5, 0],
			"translation": [4, 4.75, -2.25],
			"scale": [0.6, 0.6, 0.6]
		},
		"firstperson_lefthand": {
			"rotation": [-10, 5, 0],
			"translation": [4, 4.75, -2.25],
			"scale": [0.6, 0.6, 0.6]
		},
		"ground": {
			"rotation": [-45, 0, 0],
			"translation": [0, 8.25, 0.25],
			"scale": [0.5, 0.5, 0.5]
		},
		"gui": {
			"rotation": [90, 45, -90],
			"translation": [1, 1, 0],
			"scale": [0.5, 0.5, 0.5]
		},
		"fixed": {
			"rotation": [90, -45, 90],
			"translation": [-2.5, 2.5, -0.5],
			"scale": [0.6, 0.6, 0.6]
		}
	},
	"groups": [
		{
			"name": "group",
			"origin": [7, 5.51805, -8.13787],
			"color": 0,
			"children": [0, 1, 2, 3, 4, 5]
		},
		{
			"name": "group",
			"origin": [8, -5, 8],
			"color": 0,
			"children": [6, 7, 8, 9, 10]
		}
	]
}