{
	"credit": "Made with Blockbench",
	"texture_size": [32, 32],
	"textures": {
		"1": "minecraft:item/sakura_story/brave_fighter/dagger",
		"2": "minecraft:item/sakura_story/brave_fighter/vfx",
		"3": "minecraft:item/sakura_story/brave_fighter/vfx_1"
	},
	"elements": [
		{
			"from": [7, -15.25, 7],
			"to": [9, -5.25, 9],
			"faces": {
				"north": {"uv": [3, 0, 4, 5], "texture": "#1"},
				"east": {"uv": [4, 0, 5, 5], "texture": "#1"},
				"south": {"uv": [0, 4.5, 1, 9.5], "texture": "#1"},
				"west": {"uv": [1, 4.5, 2, 9.5], "texture": "#1"},
				"up": {"uv": [8.5, 3.5, 7.5, 2.5], "texture": "#1"},
				"down": {"uv": [8.5, 3.5, 7.5, 4.5], "texture": "#1"}
			}
		},
		{
			"from": [6.5, -14.25, 6.5],
			"to": [9.5, -13.25, 9.5],
			"faces": {
				"north": {"uv": [8, 0, 9.5, 0.5], "texture": "#1"},
				"east": {"uv": [8, 0.5, 9.5, 1], "texture": "#1"},
				"south": {"uv": [8, 1, 9.5, 1.5], "texture": "#1"},
				"west": {"uv": [3.5, 8, 5, 8.5], "texture": "#1"},
				"up": {"uv": [6, 6.5, 4.5, 5], "texture": "#1"},
				"down": {"uv": [7.5, 2, 6, 3.5], "texture": "#1"}
			}
		},
		{
			"from": [6.5, -6, 9],
			"to": [9.5, -3, 12],
			"rotation": {"angle": 45, "axis": "x", "origin": [8, -2, 8]},
			"faces": {
				"north": {"uv": [6, 3.5, 7.5, 5], "texture": "#1"},
				"east": {"uv": [6, 5, 7.5, 6.5], "texture": "#1"},
				"south": {"uv": [6.5, 0, 8, 1.5], "texture": "#1"},
				"west": {"uv": [4.5, 6.5, 6, 8], "texture": "#1"},
				"up": {"uv": [7.5, 8, 6, 6.5], "texture": "#1"},
				"down": {"uv": [3.5, 7, 2, 8.5], "texture": "#1"}
			}
		},
		{
			"from": [7.5, -5, 6.5],
			"to": [8.5, -1, 9.5],
			"faces": {
				"north": {"uv": [7.5, 4.5, 8, 6.5], "texture": "#1"},
				"east": {"uv": [5, 0, 6.5, 2], "texture": "#1"},
				"south": {"uv": [7.5, 6.5, 8, 8.5], "texture": "#1"},
				"west": {"uv": [2, 5, 3.5, 7], "texture": "#1"},
				"up": {"uv": [8.5, 6, 8, 4.5], "texture": "#1"},
				"down": {"uv": [5.5, 8, 5, 9.5], "texture": "#1"}
			}
		},
		{
			"from": [7, -6, 5],
			"to": [9, -5, 11],
			"faces": {
				"north": {"uv": [2, 4.5, 3, 5], "texture": "#1"},
				"east": {"uv": [6.5, 1.5, 9.5, 2], "texture": "#1"},
				"south": {"uv": [5.5, 8, 6.5, 8.5], "texture": "#1"},
				"west": {"uv": [7.5, 2, 10.5, 2.5], "texture": "#1"},
				"up": {"uv": [6, 5, 5, 2], "texture": "#1"},
				"down": {"uv": [4.5, 5, 3.5, 8], "texture": "#1"}
			}
		},
		{
			"from": [8, -1, 6.5],
			"to": [8, 8, 9.5],
			"faces": {
				"north": {"uv": [0, 0, 0, 4.5], "texture": "#1"},
				"east": {"uv": [0, 0, 1.5, 4.5], "texture": "#1"},
				"south": {"uv": [0, 0, 0, 4.5], "texture": "#1"},
				"west": {"uv": [1.5, 0, 3, 4.5], "texture": "#1"},
				"up": {"uv": [0, 1.5, 0, 0], "texture": "#1"},
				"down": {"uv": [0, 0, 0, 1.5], "texture": "#1"}
			}
		},
		{
			"from": [5.75, -10.03553, 8.5],
			"to": [5.75, 5.96447, 24.5],
			"rotation": {"angle": 45, "axis": "x", "origin": [8, 6.46447, 8]},
			"faces": {
				"north": {"uv": [0, 0, 0, 8], "texture": "#2"},
				"east": {"uv": [0, 0, 16, 16], "texture": "#2"},
				"south": {"uv": [0, 0, 0, 8], "texture": "#2"},
				"west": {"uv": [0, 0, 16, 16], "texture": "#2"},
				"up": {"uv": [0, 8, 0, 0], "texture": "#2"},
				"down": {"uv": [0, 0, 0, 8], "texture": "#2"}
			}
		},
		{
			"from": [10.25, -10.03553, 8.5],
			"to": [10.25, 5.96447, 24.5],
			"rotation": {"angle": 45, "axis": "x", "origin": [8, 6.46447, 8]},
			"faces": {
				"north": {"uv": [0, 0, 0, 8], "texture": "#3"},
				"east": {"uv": [0, 0, 16, 16], "texture": "#3"},
				"south": {"uv": [0, 0, 0, 8], "texture": "#3"},
				"west": {"uv": [16, 0, 0, 16], "texture": "#3"},
				"up": {"uv": [0, 8, 0, 0], "texture": "#3"},
				"down": {"uv": [0, 0, 0, 8], "texture": "#3"}
			}
		}
	],
	"gui_light": "front",
	"display": {
		"thirdperson_righthand": {
			"translation": [0, 16.5, 1.5]
		},
		"thirdperson_lefthand": {
			"translation": [0, 16.5, 1.5]
		},
		"firstperson_righthand": {
			"rotation": [12, 4, 0],
			"translation": [8.5, 10.5, -3.75]
		},
		"firstperson_lefthand": {
			"rotation": [12, 4, 0],
			"translation": [8.5, 10.25, -3.75]
		},
		"ground": {
			"rotation": [45, 0, 0],
			"translation": [0, 4, 1.75],
			"scale": [0.35, 0.35, 0.35]
		},
		"gui": {
			"rotation": [-90, 135, 90],
			"translation": [4, 4, 0],
			"scale": [0.6, 0.6, 0.6]
		},
		"fixed": {
			"rotation": [90, -45, 90],
			"translation": [-4.25, 4.25, -0.5],
			"scale": [0.7, 0.7, 0.7]
		}
	},
	"groups": [
		{
			"name": "group",
			"origin": [0, 0, 0],
			"color": 0,
			"children": [0, 1, 2, 3, 4, 5]
		},
		{
			"name": "group",
			"origin": [8, 10, 8],
			"color": 0,
			"children": [6, 7]
		}
	]
}