	{	
	"credit": "Made By DreamCity",
    "parent": "item/handheld",
    "textures": {
        "layer0": "item/apple"
    },
        "overrides": [
                {"predicate": {"custom_model_data":1}, "model": "item/cmd/baked_potato"},
				{"predicate": {"custom_model_data":2}, "model": "item/cmd/cooked_bear"},
				{"predicate": {"custom_model_data":3}, "model": "item/cooked_mutton"},
				{"predicate": {"custom_model_data":4}, "model": "item/cooked_beef"},
				{"predicate": {"custom_model_data":5}, "model": "item/cmd/stew"},
				{"predicate": {"custom_model_data":6}, "model": "item/cmd/beef_platter"},
				{"predicate": {"custom_model_data":7}, "model": "item/cmd/"},
				{"predicate": {"custom_model_data":8}, "model": "item/cmd/"},
				{"predicate": {"custom_model_data":9}, "model": "item/cmd/"},
				{"predicate": {"custom_model_data":10}, "model": "item/cmd/"},
				{"predicate": {"custom_model_data":11}, "model": "item/cmd/"},
				{"predicate": {"custom_model_data":12}, "model": "item/cmd/carrot_slices"},
				{"predicate": {"custom_model_data":13}, "model": "item/cmd/"},
				{"predicate": {"custom_model_data":14}, "model": "item/cmd/"},
				{"predicate": {"custom_model_data":15}, "model": "item/cmd/honey_candy"},
				{"predicate": {"custom_model_data":16}, "model": "item/cmd/"},
				{"predicate": {"custom_model_data":17}, "model": "item/cmd/"}
				]	
}