	{	
	"credit": "Made By DreamCity",
    "parent": "item/handheld",
    "textures": {
        "layer0": "item/golden_shovel"
    },
        "overrides": [
                {"predicate": {"custom_model_data":0}, "model": "item/air"},
                {"predicate": {"custom_model_data":1}, "model": "item/cmd/little_girl"},
				{"predicate": {"custom_model_data":2}, "model": "item/cmd/little_girl_head"},
				{"predicate": {"custom_model_data":3}, "model": "item/cmd/red_people"},
				{"predicate": {"custom_model_data":4}, "model": "item/cmd/circle"},
				{"predicate": {"custom_model_data":5}, "model": "item/cmd/fork"},
				{"predicate": {"custom_model_data":6}, "model": "item/cmd/gift"}
				]	
}