{
	"credit": "Made with Blockbench",
	"parent": "models/item/shield",
	"textures": {
		"0": "item/sakura_story/other/lich_shield_fill",
		"1": "item/sakura_story/other/lich_shield_frame",
		"particle": "item/sakura_story/other/lich_shield_fill"
	},
	"elements": [
		{
			"name": "Element",
			"from": [2, 10, 7],
			"to": [14, 12, 8],
			"faces": {
				"north": {"uv": [2, 4, 14, 5], "texture": "#1"},
				"east": {"uv": [13, 4, 14, 6], "texture": "#1"},
				"south": {"uv": [2, 4, 14, 5], "texture": "#1"},
				"west": {"uv": [2, 4, 3, 6], "texture": "#1"},
				"up": {"uv": [2, 4, 14, 5], "texture": "#1"},
				"down": {"uv": [0, 0, 0, 0], "texture": "#1"}
			}
		},
		{
			"name": "Element",
			"from": [3, 12, 7],
			"to": [13, 13, 8],
			"faces": {
				"north": {"uv": [3, 3, 13, 4], "texture": "#1"},
				"east": {"uv": [12, 3, 13, 4], "texture": "#1"},
				"south": {"uv": [3, 3, 13, 4], "texture": "#1"},
				"west": {"uv": [3, 3, 4, 4], "texture": "#1"},
				"up": {"uv": [3, 3, 13, 4], "texture": "#1"},
				"down": {"uv": [0, 0, 0, 0], "texture": "#1"}
			}
		},
		{
			"name": "Element",
			"from": [2, 6, 7],
			"to": [14, 10, 8],
			"faces": {
				"north": {"uv": [2, 6, 14, 10], "texture": "#1"},
				"east": {"uv": [13, 6, 14, 10], "texture": "#1"},
				"south": {"uv": [2, 6, 14, 10], "texture": "#1"},
				"west": {"uv": [2, 6, 3, 10], "texture": "#1"},
				"up": {"uv": [0, 0, 0, 0], "texture": "#1"},
				"down": {"uv": [2, 9, 14, 10], "rotation": 180, "texture": "#1"}
			}
		},
		{
			"name": "Element",
			"from": [3, 4, 7],
			"to": [13, 6, 8],
			"faces": {
				"north": {"uv": [3, 10, 13, 12], "texture": "#1"},
				"east": {"uv": [12, 10, 13, 12], "texture": "#1"},
				"south": {"uv": [3, 10, 13, 12], "texture": "#1"},
				"west": {"uv": [3, 10, 4, 12], "texture": "#1"},
				"up": {"uv": [0, 0, 0, 0], "texture": "#1"},
				"down": {"uv": [3, 10, 13, 12], "rotation": 180, "texture": "#1"}
			}
		},
		{
			"name": "Element",
			"from": [5, 2, 7],
			"to": [11, 3, 8],
			"faces": {
				"north": {"uv": [5, 13, 11, 14], "texture": "#1"},
				"east": {"uv": [10, 13, 11, 14], "texture": "#1"},
				"south": {"uv": [5, 13, 11, 14], "texture": "#1"},
				"west": {"uv": [5, 13, 6, 14], "texture": "#1"},
				"down": {"uv": [5, 13, 11, 14], "rotation": 180, "texture": "#1"}
			}
		},
		{
			"name": "Element",
			"from": [7, 1, 7],
			"to": [9, 2, 8],
			"faces": {
				"north": {"uv": [7, 14, 9, 15], "texture": "#1"},
				"east": {"uv": [9, 14, 8, 15], "texture": "#1"},
				"south": {"uv": [7, 14, 9, 15], "texture": "#1"},
				"west": {"uv": [8, 14, 7, 15], "texture": "#1"},
				"down": {"uv": [9, 15, 7, 14], "texture": "#1"}
			}
		},
		{
			"name": "Element",
			"from": [7, 2, 7],
			"to": [9, 12, 7],
			"faces": {
				"north": {"uv": [7, 4, 9, 14], "texture": "#0"},
				"east": {"uv": [0, 0, 0, 0], "texture": "#0"},
				"south": {"uv": [0, 0, 0, 0], "texture": "#0"},
				"west": {"uv": [0, 0, 0, 0], "texture": "#0"},
				"up": {"uv": [0, 0, 0, 0], "texture": "#0"},
				"down": {"uv": [0, 0, 0, 0], "texture": "#0"}
			}
		},
		{
			"name": "Element",
			"from": [9, 3, 7],
			"to": [11, 12, 7],
			"faces": {
				"north": {"uv": [5, 4, 7, 13], "texture": "#0"},
				"east": {"uv": [0, 0, 0, 0], "texture": "#missing"},
				"up": {"uv": [0, 0, 0, 0], "texture": "#missing"},
				"down": {"uv": [0, 0, 0, 0], "texture": "#missing"}
			}
		},
		{
			"name": "Element",
			"from": [5, 3, 7],
			"to": [7, 12, 7],
			"faces": {
				"north": {"uv": [9, 4, 11, 13], "texture": "#0"},
				"east": {"uv": [0, 0, 0, 0], "texture": "#missing"},
				"west": {"uv": [0, 0, 0, 0], "texture": "#missing"},
				"up": {"uv": [0, 0, 0, 0], "texture": "#missing"},
				"down": {"uv": [0, 0, 0, 0], "texture": "#missing"}
			}
		},
		{
			"name": "Element",
			"from": [4, 4, 7],
			"to": [5, 12, 7],
			"faces": {
				"north": {"uv": [11, 4, 12, 12], "texture": "#0"},
				"east": {"uv": [0, 0, 0, 0], "texture": "#missing"},
				"west": {"uv": [0, 0, 0, 0], "texture": "#missing"},
				"up": {"uv": [0, 0, 0, 0], "texture": "#missing"},
				"down": {"uv": [0, 0, 0, 0], "texture": "#missing"}
			}
		},
		{
			"name": "Element",
			"from": [11, 4, 7],
			"to": [12, 12, 7],
			"faces": {
				"north": {"uv": [4, 4, 5, 12], "texture": "#0"},
				"east": {"uv": [0, 0, 0, 0], "texture": "#missing"},
				"west": {"uv": [0, 0, 0, 0], "texture": "#missing"},
				"up": {"uv": [0, 0, 0, 0], "texture": "#missing"},
				"down": {"uv": [0, 0, 0, 0], "texture": "#missing"}
			}
		},
		{
			"name": "Element",
			"from": [3, 6, 7],
			"to": [4, 12, 7],
			"faces": {
				"north": {"uv": [12, 4, 13, 10], "texture": "#0"},
				"east": {"uv": [0, 0, 0, 0], "texture": "#missing"},
				"west": {"uv": [0, 0, 0, 0], "texture": "#missing"},
				"up": {"uv": [0, 0, 0, 0], "texture": "#missing"},
				"down": {"uv": [0, 0, 0, 0], "texture": "#missing"}
			}
		},
		{
			"name": "Element",
			"from": [12, 6, 7],
			"to": [13, 12, 7],
			"faces": {
				"north": {"uv": [3, 4, 4, 10], "texture": "#0"},
				"east": {"uv": [0, 0, 0, 0], "texture": "#missing"},
				"west": {"uv": [0, 0, 0, 0], "texture": "#missing"},
				"up": {"uv": [0, 0, 0, 0], "texture": "#missing"},
				"down": {"uv": [0, 0, 0, 0], "texture": "#missing"}
			}
		},
		{
			"name": "Element",
			"from": [7, 2, 8],
			"to": [9, 12, 8],
			"faces": {
				"north": {"uv": [0, 0, 0, 0], "texture": "#0"},
				"east": {"uv": [0, 0, 0, 0], "texture": "#0"},
				"south": {"uv": [7, 4, 9, 14], "texture": "#0"},
				"west": {"uv": [0, 0, 0, 0], "texture": "#0"},
				"up": {"uv": [3, 3, 3, 3], "texture": "#0"},
				"down": {"uv": [0, 0, 0, 0], "texture": "#0"}
			}
		},
		{
			"name": "Element",
			"from": [5, 3, 8],
			"to": [7, 12, 8],
			"faces": {
				"south": {"uv": [5, 4, 7, 13], "texture": "#0"}
			}
		},
		{
			"name": "Element",
			"from": [9, 3, 8],
			"to": [11, 12, 8],
			"faces": {
				"south": {"uv": [5, 4, 7, 13], "texture": "#0"}
			}
		},
		{
			"name": "Element",
			"from": [11, 4, 8],
			"to": [12, 12, 8],
			"faces": {
				"south": {"uv": [11, 4, 12, 12], "texture": "#0"}
			}
		},
		{
			"name": "Element",
			"from": [12, 6, 8],
			"to": [13, 12, 8],
			"faces": {
				"south": {"uv": [12, 4, 13, 10], "texture": "#0"}
			}
		},
		{
			"name": "Element",
			"from": [3, 6, 8],
			"to": [4, 12, 8],
			"faces": {
				"south": {"uv": [12, 4, 13, 10], "texture": "#0"}
			}
		},
		{
			"name": "Element",
			"from": [4, 4, 8],
			"to": [5, 12, 8],
			"faces": {
				"south": {"uv": [4, 4, 5, 12], "texture": "#0"}
			}
		},
		{
			"name": "Element",
			"from": [4, 3, 7],
			"to": [12, 4, 8],
			"faces": {
				"north": {"uv": [4, 12, 12, 13], "texture": "#1"},
				"east": {"uv": [4, 12, 5, 13], "texture": "#1"},
				"south": {"uv": [4, 12, 12, 13], "texture": "#1"},
				"west": {"uv": [11, 12, 12, 13], "texture": "#1"},
				"up": {"uv": [0, 0, 0, 0], "rotation": 270, "texture": "#1"},
				"down": {"uv": [4, 12, 12, 13], "rotation": 180, "texture": "#1"}
			}
		}
	],
	"gui_light": "front",
	"overrides": [],
	"display": {
		"thirdperson_righthand": {
			"rotation": [0, -90, 0],
			"translation": [2, -2, 1],
			"scale": [1.01, 1.01, 1.01]
		},
		"thirdperson_lefthand": {
			"rotation": [0, -90, 0],
			"translation": [2, -2, 2],
			"scale": [1.01, 1.01, 1.01]
		},
		"firstperson_righthand": {
			"translation": [-3, 0, 4],
			"scale": [0.78, 0.78, 0.78]
		},
		"ground": {
			"translation": [0, 2, 0],
			"scale": [0.5, 0.5, 0.5]
		},
		"gui": {
			"rotation": [0, -180, 0]
		},
		"head": {
			"translation": [0, 6, -7]
		}
	}
}