{
	"credit": "Made with Blockbench",
	"texture_size": [64, 64],
	"textures": {
		"2": "item/sakura_story/other/3d/demon_lord_sword_vfx",
		"3": "item/sakura_story/other/3d/demon_lord_sword",
		"particle": "item/sakura_story/other/3d/demon_lord_sword"
	},
	"elements": [
		{
			"name": "out",
			"from": [7, -16, 7],
			"to": [9, -12, 9],
			"rotation": {"angle": 0, "axis": "y", "origin": [0, 8, 22]},
			"faces": {
				"north": {"uv": [3, 9.25, 2.5, 10.25], "texture": "#3"},
				"east": {"uv": [9.75, 2.25, 9.25, 3.25], "texture": "#3"},
				"south": {"uv": [2.5, 9.25, 2, 10.25], "texture": "#3"},
				"west": {"uv": [9.75, 3.25, 9.25, 4.25], "texture": "#3"},
				"up": {"uv": [9.75, 4.25, 9.25, 4.75], "texture": "#3"},
				"down": {"uv": [6, 9.75, 5.5, 9.25], "texture": "#3"}
			}
		},
		{
			"name": "out",
			"from": [8, -15, 4],
			"to": [8, -10, 12],
			"rotation": {"angle": 0, "axis": "y", "origin": [0, 8, 22]},
			"faces": {
				"north": {"uv": [0, 0, 0, 1.25], "texture": "#3"},
				"east": {"uv": [9, 0, 7, 1.25], "texture": "#3"},
				"south": {"uv": [0, 0, 0, 1.25], "texture": "#3"},
				"west": {"uv": [9, 1.25, 7, 2.5], "texture": "#3"},
				"up": {"uv": [0, 0, 0, 2], "texture": "#3"},
				"down": {"uv": [0, 2, 0, 0], "texture": "#3"}
			}
		},
		{
			"from": [6.5, -12, 6.5],
			"to": [9.5, 5, 9.5],
			"rotation": {"angle": 0, "axis": "y", "origin": [0, 1, 16]},
			"faces": {
				"north": {"uv": [5.75, 5, 5, 9.25], "texture": "#3"},
				"east": {"uv": [5, 5, 4.25, 9.25], "texture": "#3"},
				"south": {"uv": [4.25, 5, 3.5, 9.25], "texture": "#3"},
				"west": {"uv": [6.5, 5, 5.75, 9.25], "texture": "#3"},
				"up": {"uv": [8.25, 8.75, 7.5, 9.5], "texture": "#3"},
				"down": {"uv": [9, 9.5, 8.25, 8.75], "texture": "#3"}
			}
		},
		{
			"from": [6.25, -12.25, 6.25],
			"to": [9.75, -0.75, 9.75],
			"rotation": {"angle": 0, "axis": "y", "origin": [0, 1, 16]},
			"faces": {
				"north": {"uv": [0.75, 7.5, 0, 10.25], "texture": "#3"},
				"east": {"uv": [7.75, 5.25, 7, 8], "texture": "#3"},
				"south": {"uv": [7.75, 2.5, 7, 5.25], "texture": "#3"},
				"west": {"uv": [1.5, 7.5, 0.75, 10.25], "texture": "#3"},
				"up": {"uv": [9.75, 1.5, 9, 2.25], "texture": "#3"},
				"down": {"uv": [9.75, 9.5, 9, 8.75], "texture": "#3"}
			}
		},
		{
			"from": [6.5, -14, 6.5],
			"to": [9.5, -13, 9.5],
			"rotation": {"angle": 0, "axis": "y", "origin": [0, 1, 16]},
			"faces": {
				"north": {"uv": [10, 6.25, 9.25, 6.5], "texture": "#3"},
				"east": {"uv": [10, 6, 9.25, 6.25], "texture": "#3"},
				"south": {"uv": [10, 5.75, 9.25, 6], "texture": "#3"},
				"west": {"uv": [10, 6.5, 9.25, 6.75], "texture": "#3"},
				"up": {"uv": [9.75, 0, 9, 0.75], "texture": "#3"},
				"down": {"uv": [9.75, 1.5, 9, 0.75], "texture": "#3"}
			}
		},
		{
			"from": [7.5, 2, 7],
			"to": [8.5, 24, 9],
			"rotation": {"angle": 0, "axis": "y", "origin": [0, 2, 17]},
			"faces": {
				"north": {"uv": [2, 7.5, 1.75, 13], "texture": "#3"},
				"east": {"uv": [7, 0, 6.5, 5.5], "texture": "#3"},
				"south": {"uv": [1.75, 7.5, 1.5, 13], "texture": "#3"},
				"west": {"uv": [7, 5.5, 6.5, 11], "texture": "#3"},
				"up": {"uv": [7.75, 8, 7.5, 8.5], "texture": "#3"},
				"down": {"uv": [6.25, 9.75, 6, 9.25], "texture": "#3"}
			}
		},
		{
			"from": [7, 2.1, 0.6],
			"to": [9, 5.1, 6.6],
			"rotation": {"angle": -45, "axis": "x", "origin": [8, 4.5, 8]},
			"faces": {
				"north": {"uv": [4.5, 9.25, 4, 10], "texture": "#3"},
				"east": {"uv": [3.5, 7.5, 2, 8.25], "texture": "#3"},
				"south": {"uv": [4, 9.25, 3.5, 10], "texture": "#3"},
				"west": {"uv": [9.25, 2.5, 7.75, 3.25], "texture": "#3"},
				"up": {"uv": [7.5, 8, 7, 9.5], "texture": "#3"},
				"down": {"uv": [3.5, 9.75, 3, 8.25], "texture": "#3"}
			}
		},
		{
			"from": [7, 2.1, 9.4],
			"to": [9, 5.1, 15.4],
			"rotation": {"angle": 45, "axis": "x", "origin": [8, 4.5, 8]},
			"faces": {
				"north": {"uv": [5.5, 9.25, 5, 10], "texture": "#3"},
				"east": {"uv": [9.25, 3.25, 7.75, 4], "texture": "#3"},
				"south": {"uv": [5, 9.25, 4.5, 10], "texture": "#3"},
				"west": {"uv": [9.25, 4, 7.75, 4.75], "texture": "#3"},
				"up": {"uv": [9.25, 5.75, 8.75, 7.25], "texture": "#3"},
				"down": {"uv": [9.25, 8.75, 8.75, 7.25], "texture": "#3"}
			}
		},
		{
			"from": [6, 0.1, 8.4],
			"to": [10, 4.1, 12.4],
			"rotation": {"angle": 45, "axis": "x", "origin": [8, 4.5, 8]},
			"faces": {
				"north": {"uv": [8.75, 6.75, 7.75, 7.75], "texture": "#3"},
				"east": {"uv": [8.75, 5.75, 7.75, 6.75], "texture": "#3"},
				"south": {"uv": [8.75, 4.75, 7.75, 5.75], "texture": "#3"},
				"west": {"uv": [8.75, 7.75, 7.75, 8.75], "texture": "#3"},
				"up": {"uv": [3, 8.25, 2, 9.25], "texture": "#3"},
				"down": {"uv": [9.75, 5.75, 8.75, 4.75], "texture": "#3"}
			}
		},
		{
			"from": [8, 2.1, 9.4],
			"to": [8, 7.1, 21.4],
			"rotation": {"angle": 45, "axis": "x", "origin": [7.5, 4.5, 8]},
			"faces": {
				"north": {"uv": [0, 0, 0, 1.25], "texture": "#3"},
				"east": {"uv": [6.5, 0, 3.5, 1.25], "texture": "#3"},
				"south": {"uv": [0, 0, 0, 1.25], "texture": "#3"},
				"west": {"uv": [6.5, 1.25, 3.5, 2.5], "texture": "#3"},
				"up": {"uv": [0, 0, 0, 3], "texture": "#3"},
				"down": {"uv": [0, 3, 0, 0], "texture": "#3"}
			}
		},
		{
			"from": [8, 2.1, -5.4],
			"to": [8, 7.1, 6.6],
			"rotation": {"angle": -45, "axis": "x", "origin": [7.5, 4.5, 8]},
			"faces": {
				"north": {"uv": [0, 0, 0, 1.25], "texture": "#3"},
				"east": {"uv": [6.5, 2.5, 3.5, 3.75], "texture": "#3"},
				"south": {"uv": [0, 0, 0, 1.25], "texture": "#3"},
				"west": {"uv": [6.5, 3.75, 3.5, 5], "texture": "#3"},
				"up": {"uv": [0, 0, 0, 3], "texture": "#3"},
				"down": {"uv": [0, 3, 0, 0], "texture": "#3"}
			}
		},
		{
			"from": [8, 2, 4.5],
			"to": [8, 32, 11.5],
			"rotation": {"angle": 0, "axis": "y", "origin": [0, 2, 17]},
			"faces": {
				"north": {"uv": [0, 0, 0, 7.5], "texture": "#3"},
				"east": {"uv": [1.75, 0, 0, 7.5], "texture": "#3"},
				"south": {"uv": [0, 0, 0, 7.5], "texture": "#3"},
				"west": {"uv": [3.5, 0, 1.75, 7.5], "texture": "#3"},
				"up": {"uv": [0, 0, 0, 1.75], "texture": "#3"},
				"down": {"uv": [0, 1.75, 0, 0], "texture": "#3"}
			}
		},
		{
			"from": [8.1, 3, 0],
			"to": [8.1, 19, 16],
			"rotation": {"angle": 0, "axis": "y", "origin": [0, 0, 16]},
			"faces": {
				"north": {"uv": [0, 0, 0, 4], "texture": "#2"},
				"east": {"uv": [16, 0, 0, 16], "texture": "#2"},
				"south": {"uv": [0, 0, 0, 4], "texture": "#2"},
				"west": {"uv": [0, 0, 16, 16], "texture": "#2"},
				"up": {"uv": [0, 4, 0, 0], "texture": "#2"},
				"down": {"uv": [0, 4, 0, 0], "texture": "#2"}
			}
		}
	],
	"gui_light": "front",
	"display": {
		"thirdperson_righthand": {
			"translation": [0, 4.75, 1.5],
			"scale": [0.5, 0.5, 0.5]
		},
		"thirdperson_lefthand": {
			"translation": [0, 4.75, 1.5],
			"scale": [0.5, 0.5, 0.5]
		},
		"firstperson_righthand": {
			"rotation": [-10, 5, 0],
			"translation": [4, 4.75, -2.25],
			"scale": [0.6, 0.6, 0.6]
		},
		"firstperson_lefthand": {
			"rotation": [-10, 5, 0],
			"translation": [4, 4.75, -2.25],
			"scale": [0.6, 0.6, 0.6]
		},
		"ground": {
			"rotation": [-45, 0, 0],
			"translation": [0, 8.25, 0.25],
			"scale": [0.5, 0.5, 0.5]
		},
		"gui": {
			"rotation": [-90, -45, -90],
			"translation": [0.25, 0, 0],
			"scale": [0.4, 0.4, 0.4]
		},
		"fixed": {
			"rotation": [-90, 45, 90],
			"translation": [-0.25, 0.25, -0.5],
			"scale": [0.5, 0.5, 0.5]
		}
	},
	"groups": [
		{
			"name": "red",
			"origin": [0, 8, -6],
			"color": 0,
			"children": [
				{
					"name": "down",
					"origin": [0, 8, -6],
					"color": 0,
					"children": [0, 1]
				},
				{
					"name": "group",
					"origin": [8, -5, 8],
					"color": 0,
					"children": [2, 3, 4]
				},
				{
					"name": "group",
					"origin": [8, 8.22626, 1.84201],
					"color": 0,
					"children": [
						{
							"name": "group",
							"origin": [8, 9.15894, 1.21814],
							"color": 0,
							"children": [
								{
									"name": "group",
									"origin": [8, 1.88329, 8.31176],
									"color": 0,
									"children": []
								},
								{
									"name": "group",
									"origin": [8, 1.88329, 8.31176],
									"color": 0,
									"children": []
								}
							]
						}
					]
				},
				{
					"name": "group",
					"origin": [7, 5.51805, -8.13787],
					"color": 0,
					"children": [
						{
							"name": "left",
							"origin": [0, 2, -1],
							"color": 0,
							"children": []
						},
						{
							"name": "right",
							"origin": [0, 2, -1],
							"color": 0,
							"children": []
						},
						5,
						6,
						7,
						8,
						9,
						10,
						11
					]
				},
				{
					"name": "vfx",
					"origin": [0, 0, 0],
					"color": 0,
					"children": [12]
				}
			]
		}
	]
}