{
    "parent": "item/handheld",
    "textures": {
        "layer0": "item/netherite_sword"
    },
    "overrides": [
        {
            "predicate": {
                "custom_model_data": 1
            },
            "model": "item/sakura_story/operator_tool/zero_sword"
        },
        {
            "predicate": {
                "custom_model_data": 2
            },
            "model": "item/sakura_story/amethyst_armed/netherite_sword"
        },
        {
            "predicate": {
                "custom_model_data": 3
            },
            "model": "item/sakura_shiro/absolute_excalibur"
        },
        {
            "predicate": {
                "custom_model_data": 4
            },
            "model": "item/sakura_shiro/christmas_sword"
        },
        {
            "predicate": {
                "custom_model_data": 5
            },
            "model": "item/sakura_story/whitemark/netherite_sword"
        },
        {
            "predicate": {
                "custom_model_data": 6
            },
            "model": "item/sakura_story/other/demon_lord_sword"
        },
        {
            "predicate": {
                "custom_model_data": 7
            },
            "model": "item/sakura_shiro/storm_reaper"
        },
        {
            "predicate": {
                "custom_model_data": 8
            },
            "model": "item/sakura_story/ruined_king/netherite_sword"
        },
        {
            "predicate": {
                "custom_model_data": 9
            },
            "model": "item/sakura_story/whitemark_pink/netherite_sword"
        },
        {
            "predicate": {
                "custom_model_data": 12
            },
            "model": "item/sakura_story/titanium/netherite_sword"
        },
        {
            "predicate": {
                "custom_model_data": 13
            },
            "model": "item/sakura_shiro/storm_reaper_angel"
        },
        {
            "predicate": {
                "custom_model_data": 14
            },
            "model": "item/sakura_shiro/3d/absolute_excalibur"
        },
        {
            "predicate": {
                "custom_model_data": 15
            },
            "model": "item/sakura_story/whitemark/3d/netherite_sword"
        },
        {
            "predicate": {
                "custom_model_data": 16
            },
            "model": "item/sakura_story/whitemark_pink/3d/netherite_sword"
        },
        {
            "predicate": {
                "custom_model_data": 17
            },
            "model": "item/sakura_story/ruined_king/3d/netherite_sword"
        },
        {
            "predicate": {
                "custom_model_data": 18
            },
            "model": "item/sakura_story/other/3d/demon_lord_sword"
        },
        {
            "predicate": {
                "custom_model_data": 19
            },
            "model": "item/sakura_story/operator_tool/3d/zero_sword"
        },
        {
            "predicate": {
                "custom_model_data": 20
            },
            "model": "item/sakura_story/ares/netherite_sword"
        },
        {
            "predicate": {
                "custom_model_data": 21
            },
            "model": "item/sakura_story/brave_fighter/sword"
        },
        {
            "predicate": {
                "custom_model_data": 22
            },
            "model": "item/sakura_story/icarus/netherite_sword"
        }
    ]
}