{
  "parent": "minecraft:item/handheld",
  "textures": {
    "layer0": "minecraft:item/netherite_hoe"
  },
  "overrides": [
    {
      "predicate": {
        "custom_model_data": 1
      },
      "model": "item/sakura_story/other/thanatos_scythe"
    },
    {
      "predicate": {
        "custom_model_data": 2
      },
      "model": "item/sakura_story/amethyst_armed/netherite_hoe"
    },
    {
      "predicate": {
        "custom_model_data": 12
      },
      "model": "item/sakura_story/titanium/netherite_hoe"
    }
  ]
}