{
	"credit": "Made with Blockbench",
	"texture_size": [64, 64],
	"textures": {
		"1": "minecraft:item/sakura_story/brave_fighter/vfx",
		"3": "minecraft:item/sakura_story/brave_fighter/shield",
		"particle": "minecraft:item/sakura_story/brave_fighter/vfx"
	},
	"elements": [
		{
			"from": [7, -6, 1],
			"to": [8, 8, 15],
			"rotation": {"angle": 45, "axis": "x", "origin": [6, 1, 8]},
			"faces": {
				"north": {"uv": [3.5, 2.5, 3.75, 6], "texture": "#3"},
				"east": {"uv": [0, 0, 3.5, 3.5], "texture": "#3"},
				"south": {"uv": [3.75, 2.5, 4, 6], "texture": "#3"},
				"west": {"uv": [0, 3.5, 3.5, 7], "texture": "#3"},
				"up": {"uv": [4.25, 6, 4, 2.5], "texture": "#3"},
				"down": {"uv": [4.5, 2.5, 4.25, 6], "texture": "#3"}
			}
		},
		{
			"from": [8, -5, 1],
			"to": [9, 7, 2],
			"rotation": {"angle": 45, "axis": "x", "origin": [6, 1, 8]},
			"faces": {
				"north": {"uv": [5.5, 3, 5.75, 6], "texture": "#3"},
				"east": {"uv": [5.75, 3, 6, 6], "texture": "#3"},
				"south": {"uv": [6, 3, 6.25, 6], "texture": "#3"},
				"west": {"uv": [3.5, 6, 3.75, 9], "texture": "#3"},
				"up": {"uv": [5, 2.5, 4.75, 2.25], "texture": "#3"},
				"down": {"uv": [5.25, 2.25, 5, 2.5], "texture": "#3"}
			}
		},
		{
			"from": [8, -5, 14],
			"to": [9, 7, 15],
			"rotation": {"angle": 45, "axis": "x", "origin": [6, 1, 8]},
			"faces": {
				"north": {"uv": [3.75, 6, 4, 9], "texture": "#3"},
				"east": {"uv": [4, 6, 4.25, 9], "texture": "#3"},
				"south": {"uv": [4.25, 6, 4.5, 9], "texture": "#3"},
				"west": {"uv": [5.5, 6, 5.75, 9], "texture": "#3"},
				"up": {"uv": [5.5, 2.5, 5.25, 2.25], "texture": "#3"},
				"down": {"uv": [5.75, 2.25, 5.5, 2.5], "texture": "#3"}
			}
		},
		{
			"from": [8, -6, 1],
			"to": [9, -5, 15],
			"rotation": {"angle": 45, "axis": "x", "origin": [6, 1, 8]},
			"faces": {
				"north": {"uv": [5.75, 2.25, 6, 2.5], "texture": "#3"},
				"east": {"uv": [4.5, 2.5, 8, 2.75], "texture": "#3"},
				"south": {"uv": [6.5, 1.5, 6.75, 1.75], "texture": "#3"},
				"west": {"uv": [4.5, 2.75, 8, 3], "texture": "#3"},
				"up": {"uv": [4.75, 6.5, 4.5, 3], "texture": "#3"},
				"down": {"uv": [5, 3, 4.75, 6.5], "texture": "#3"}
			}
		},
		{
			"from": [8, 7, 1],
			"to": [9, 8, 15],
			"rotation": {"angle": 45, "axis": "x", "origin": [6, 1, 8]},
			"faces": {
				"north": {"uv": [0.75, 7, 1, 7.25], "texture": "#3"},
				"east": {"uv": [4.75, 0, 8.25, 0.25], "texture": "#3"},
				"south": {"uv": [1, 7, 1.25, 7.25], "texture": "#3"},
				"west": {"uv": [4.75, 0.25, 8.25, 0.5], "texture": "#3"},
				"up": {"uv": [5.25, 6.5, 5, 3], "texture": "#3"},
				"down": {"uv": [5.5, 3, 5.25, 6.5], "texture": "#3"}
			}
		},
		{
			"from": [7.5, -0.5, 6.5],
			"to": [9.5, 2.5, 9.5],
			"rotation": {"angle": 0, "axis": "y", "origin": [6, 1, 8]},
			"faces": {
				"north": {"uv": [5.75, 6, 6.25, 6.75], "texture": "#3"},
				"east": {"uv": [5.75, 1, 6.5, 1.75], "texture": "#3"},
				"south": {"uv": [6.25, 3, 6.75, 3.75], "texture": "#3"},
				"west": {"uv": [6, 1.75, 6.75, 2.5], "texture": "#3"},
				"up": {"uv": [6.75, 4.5, 6.25, 3.75], "texture": "#3"},
				"down": {"uv": [6.75, 4.5, 6.25, 5.25], "texture": "#3"}
			}
		},
		{
			"from": [7.75, 0, 12.94975],
			"to": [8.75, 2, 14.94975],
			"rotation": {"angle": 0, "axis": "y", "origin": [6, 1, 8]},
			"faces": {
				"north": {"uv": [6.75, 3, 7, 3.5], "texture": "#3"},
				"east": {"uv": [6.25, 5.25, 6.75, 5.75], "texture": "#3"},
				"south": {"uv": [6.75, 3.5, 7, 4], "texture": "#3"},
				"west": {"uv": [6.25, 5.75, 6.75, 6.25], "texture": "#3"},
				"up": {"uv": [7, 4.5, 6.75, 4], "texture": "#3"},
				"down": {"uv": [7, 4.5, 6.75, 5], "texture": "#3"}
			}
		},
		{
			"from": [7.75, 5.94975, 7],
			"to": [8.75, 7.94975, 9],
			"rotation": {"angle": 0, "axis": "y", "origin": [6, 1, 8]},
			"faces": {
				"north": {"uv": [6.75, 5, 7, 5.5], "texture": "#3"},
				"east": {"uv": [6.25, 6.25, 6.75, 6.75], "texture": "#3"},
				"south": {"uv": [6.75, 5.5, 7, 6], "texture": "#3"},
				"west": {"uv": [6.5, 1, 7, 1.5], "texture": "#3"},
				"up": {"uv": [6, 7.25, 5.75, 6.75], "texture": "#3"},
				"down": {"uv": [6.25, 6.75, 6, 7.25], "texture": "#3"}
			}
		},
		{
			"from": [7.75, 0, 1.05025],
			"to": [8.75, 2, 3.05025],
			"rotation": {"angle": 0, "axis": "y", "origin": [6, 1, 8]},
			"faces": {
				"north": {"uv": [6.75, 6, 7, 6.5], "texture": "#3"},
				"east": {"uv": [4.5, 6.5, 5, 7], "texture": "#3"},
				"south": {"uv": [6.25, 6.75, 6.5, 7.25], "texture": "#3"},
				"west": {"uv": [5, 6.5, 5.5, 7], "texture": "#3"},
				"up": {"uv": [6.75, 7.25, 6.5, 6.75], "texture": "#3"},
				"down": {"uv": [7, 6.5, 6.75, 7], "texture": "#3"}
			}
		},
		{
			"from": [7.75, -5.94975, 7],
			"to": [8.75, -3.94975, 9],
			"rotation": {"angle": 0, "axis": "y", "origin": [6, 1, 8]},
			"faces": {
				"north": {"uv": [0, 7, 0.25, 7.5], "texture": "#3"},
				"east": {"uv": [6.75, 1.5, 7.25, 2], "texture": "#3"},
				"south": {"uv": [0.25, 7, 0.5, 7.5], "texture": "#3"},
				"west": {"uv": [6.75, 2, 7.25, 2.5], "texture": "#3"},
				"up": {"uv": [0.75, 7.5, 0.5, 7], "texture": "#3"},
				"down": {"uv": [7.25, 0.5, 7, 1], "texture": "#3"}
			}
		},
		{
			"from": [2, -1.85355, 6.64645],
			"to": [7, 3.14645, 8.64645],
			"rotation": {"angle": 0, "axis": "y", "origin": [6, 1, 8]},
			"faces": {
				"north": {"uv": [3.5, 0, 4.75, 1.25], "texture": "#3"},
				"east": {"uv": [4.75, 0.5, 5.25, 1.75], "texture": "#3"},
				"south": {"uv": [3.5, 1.25, 4.75, 2.5], "texture": "#3"},
				"west": {"uv": [5.25, 0.5, 5.75, 1.75], "texture": "#3"},
				"up": {"uv": [6, 2.25, 4.75, 1.75], "texture": "#3"},
				"down": {"uv": [7, 0.5, 5.75, 1], "texture": "#3"}
			}
		},
		{
			"from": [10.25, -7.1066, -0.05025],
			"to": [10.25, 8.8934, 15.94975],
			"rotation": {"angle": 0, "axis": "y", "origin": [10.25, -0.6066, 12.94975]},
			"faces": {
				"north": {"uv": [0, 0, 0, 4], "texture": "#1"},
				"east": {"uv": [0, 0, 16, 16], "texture": "#1"},
				"south": {"uv": [0, 0, 0, 4], "texture": "#1"},
				"west": {"uv": [16, 0, 0, 16], "texture": "#1"},
				"up": {"uv": [0, 4, 0, 0], "texture": "#1"},
				"down": {"uv": [0, 0, 0, 4], "texture": "#1"}
			}
		}
	],
	"gui_light": "front",
	"display": {
		"thirdperson_righthand": {
			"rotation": [35, 50, 0],
			"translation": [3.5, 5.25, 4.75]
		},
		"thirdperson_lefthand": {
			"rotation": [35, -120, 0],
			"translation": [3.5, 5.25, 4.75]
		},
		"firstperson_righthand": {
			"rotation": [5, 95, -20],
			"translation": [6.25, 8.75, -5.5]
		},
		"firstperson_lefthand": {
			"rotation": [5, -85, 20],
			"translation": [6.25, 8.75, -5.5]
		},
		"ground": {
			"rotation": [45, 0, 0],
			"translation": [0, 4, 1.75],
			"scale": [0.35, 0.35, 0.35]
		},
		"gui": {
			"rotation": [0, -125, 13],
			"translation": [0.5, 4.25, 0],
			"scale": [0.6, 0.6, 0.6]
		},
		"fixed": {
			"rotation": [-90, 45, 90],
			"translation": [-3.25, 3.25, -0.5],
			"scale": [0.7, 0.7, 0.7]
		}
	},
	"groups": [
		{
			"name": "group",
			"origin": [0, 0, 0],
			"color": 0,
			"children": [0, 1, 2, 3, 4, 5, 6, 7, 8, 9, 10]
		},
		{
			"name": "group",
			"origin": [8, 10, 8],
			"color": 0,
			"children": [11]
		}
	]
}