{
	"credit": "Made with Blockbench",
	"texture_size": [32, 32],
	"textures": {
		"1": "minecraft:item/sakura_story/brave_fighter/shovel",
		"2": "minecraft:item/sakura_story/brave_fighter/vfx_1",
		"3": "minecraft:item/sakura_story/brave_fighter/vfx"
	},
	"elements": [
		{
			"from": [7, -15.25, 7],
			"to": [9, 6.75, 9],
			"rotation": {"angle": 0, "axis": "y", "origin": [0, 14, 0]},
			"faces": {
				"north": {"uv": [0, 0, 1, 11], "texture": "#1"},
				"east": {"uv": [1, 0, 2, 11], "texture": "#1"},
				"south": {"uv": [2, 0, 3, 11], "texture": "#1"},
				"west": {"uv": [3, 0, 4, 11], "texture": "#1"},
				"up": {"uv": [6.5, 10, 5.5, 9], "texture": "#1"},
				"down": {"uv": [7.5, 9, 6.5, 10], "texture": "#1"}
			}
		},
		{
			"from": [6.5, -14.25, 6.5],
			"to": [9.5, -13.25, 9.5],
			"faces": {
				"north": {"uv": [9.5, 2, 11, 2.5], "texture": "#1"},
				"east": {"uv": [9.5, 2.5, 11, 3], "texture": "#1"},
				"south": {"uv": [9.5, 3, 11, 3.5], "texture": "#1"},
				"west": {"uv": [9.5, 3.5, 11, 4], "texture": "#1"},
				"up": {"uv": [8.5, 6, 7, 4.5], "texture": "#1"},
				"down": {"uv": [8.5, 6, 7, 7.5], "texture": "#1"}
			}
		},
		{
			"from": [6, -4.25, 6.5],
			"to": [10, -3.25, 9.5],
			"faces": {
				"north": {"uv": [7.5, 9, 9.5, 9.5], "texture": "#1"},
				"east": {"uv": [9.5, 4, 11, 4.5], "texture": "#1"},
				"south": {"uv": [9.5, 1.5, 11.5, 2], "texture": "#1"},
				"west": {"uv": [7.5, 9.5, 9, 10], "texture": "#1"},
				"up": {"uv": [9, 3, 7, 1.5], "texture": "#1"},
				"down": {"uv": [9, 3, 7, 4.5], "texture": "#1"}
			}
		},
		{
			"from": [6.5, -6, 9],
			"to": [9.5, -3, 12],
			"rotation": {"angle": 45, "axis": "x", "origin": [8, -2, 8]},
			"faces": {
				"north": {"uv": [4, 7.5, 5.5, 9], "texture": "#1"},
				"east": {"uv": [5.5, 7.5, 7, 9], "texture": "#1"},
				"south": {"uv": [7, 7.5, 8.5, 9], "texture": "#1"},
				"west": {"uv": [8.5, 4.5, 10, 6], "texture": "#1"},
				"up": {"uv": [10, 7.5, 8.5, 6], "texture": "#1"},
				"down": {"uv": [10, 7.5, 8.5, 9], "texture": "#1"}
			}
		},
		{
			"from": [7.5, 2.75, 5],
			"to": [8.5, 8.75, 11],
			"rotation": {"angle": 0, "axis": "y", "origin": [0, -3.25, -1]},
			"faces": {
				"north": {"uv": [9, 1.5, 9.5, 4.5], "texture": "#1"},
				"east": {"uv": [4, 0, 7, 3], "texture": "#1"},
				"south": {"uv": [4, 9, 4.5, 12], "texture": "#1"},
				"west": {"uv": [4, 3, 7, 6], "texture": "#1"},
				"up": {"uv": [5, 12, 4.5, 9], "texture": "#1"},
				"down": {"uv": [5.5, 9, 5, 12], "texture": "#1"}
			}
		},
		{
			"from": [8, 8.75, 5],
			"to": [8, 11.75, 11],
			"rotation": {"angle": 0, "axis": "y", "origin": [0, -3.25, -1]},
			"faces": {
				"north": {"uv": [0, 0, 0, 1.5], "texture": "#1"},
				"east": {"uv": [4, 6, 7, 7.5], "texture": "#1"},
				"south": {"uv": [0, 0, 0, 1.5], "texture": "#1"},
				"west": {"uv": [7, 0, 10, 1.5], "texture": "#1"},
				"up": {"uv": [0, 3, 0, 0], "texture": "#1"},
				"down": {"uv": [0, 0, 0, 3], "texture": "#1"}
			}
		},
		{
			"from": [5.75, -10.03553, 8.5],
			"to": [5.75, 5.96447, 24.5],
			"rotation": {"angle": 45, "axis": "x", "origin": [8, 6.46447, 8]},
			"faces": {
				"north": {"uv": [0, 0, 0, 8], "texture": "#3"},
				"east": {"uv": [0, 0, 16, 16], "texture": "#3"},
				"south": {"uv": [0, 0, 0, 8], "texture": "#3"},
				"west": {"uv": [0, 0, 16, 16], "texture": "#3"},
				"up": {"uv": [0, 8, 0, 0], "texture": "#3"},
				"down": {"uv": [0, 0, 0, 8], "texture": "#3"}
			}
		},
		{
			"from": [10.25, -10.03553, 8.5],
			"to": [10.25, 5.96447, 24.5],
			"rotation": {"angle": 45, "axis": "x", "origin": [8, 6.46447, 8]},
			"faces": {
				"north": {"uv": [0, 0, 0, 8], "texture": "#2"},
				"east": {"uv": [0, 0, 16, 16], "texture": "#2"},
				"south": {"uv": [0, 0, 0, 8], "texture": "#2"},
				"west": {"uv": [16, 0, 0, 16], "texture": "#2"},
				"up": {"uv": [0, 8, 0, 0], "texture": "#2"},
				"down": {"uv": [0, 0, 0, 8], "texture": "#2"}
			}
		}
	],
	"gui_light": "front",
	"display": {
		"thirdperson_righthand": {
			"translation": [0, 16.5, 1.5]
		},
		"thirdperson_lefthand": {
			"translation": [0, 16.5, 1.5]
		},
		"firstperson_righthand": {
			"rotation": [12, 4, 0],
			"translation": [8.5, 10.5, -3.75]
		},
		"firstperson_lefthand": {
			"rotation": [12, 4, 0],
			"translation": [8.5, 10.25, -3.75]
		},
		"ground": {
			"rotation": [45, 0, 0],
			"translation": [0, 4, 1.75],
			"scale": [0.35, 0.35, 0.35]
		},
		"gui": {
			"rotation": [-90, 135, 90],
			"translation": [4, 4, 0],
			"scale": [0.6, 0.6, 0.6]
		},
		"fixed": {
			"rotation": [90, -45, 90],
			"translation": [-4.25, 4.25, -0.5],
			"scale": [0.7, 0.7, 0.7]
		}
	},
	"groups": [
		0,
		1,
		2,
		3,
		4,
		5,
		{
			"name": "group",
			"origin": [8, 10, 8],
			"color": 0,
			"children": [6, 7]
		}
	]
}