{
	"credit": "Made with Blockbench",
	"textures": {
		"1": "minecraft:item/sakura_story/ares/netherite_sword",
		"2": "minecraft:item/sakura_story/ares/netherite_sword_vfx",
		"4": "minecraft:item/sakura_story/ares/ares_effect_vfx"
	},
	"elements": [
		{
			"from": [7.5, 2, 5.5],
			"to": [8.5, 3.5, 10],
			"rotation": {"angle": 0, "axis": "y", "origin": [4, 0, 12.5]},
			"faces": {
				"north": {"uv": [5, 10, 5.5, 11.5], "texture": "#2"},
				"east": {"uv": [9.5, 10, 5, 11.5], "texture": "#2"},
				"south": {"uv": [9, 10, 9.5, 11.5], "texture": "#2"},
				"west": {"uv": [5, 10, 9.5, 11.5], "texture": "#2"},
				"up": {"uv": [9.5, 10.5, 5, 10], "rotation": 270, "texture": "#2"},
				"down": {"uv": [5, 11.5, 9.5, 11], "rotation": 270, "texture": "#2"}
			}
		},
		{
			"from": [7.5, 5.5, 5.5],
			"to": [8.5, 7, 7.5],
			"rotation": {"angle": 0, "axis": "y", "origin": [4, 0, 12.5]},
			"faces": {
				"north": {"uv": [5, 8, 5.5, 9.5], "texture": "#2"},
				"east": {"uv": [7, 8, 5, 9.5], "texture": "#2"},
				"south": {"uv": [6.5, 8, 7, 9.5], "texture": "#2"},
				"west": {"uv": [5, 8, 7, 9.5], "texture": "#2"},
				"up": {"uv": [7, 8.5, 5, 8], "rotation": 270, "texture": "#2"},
				"down": {"uv": [5, 9.5, 7, 9], "rotation": 90, "texture": "#2"}
			}
		},
		{
			"from": [7.5, -8.5, 7.5],
			"to": [8.5, -7, 8.5],
			"rotation": {"angle": 0, "axis": "y", "origin": [4, 1.5, 12.5]},
			"faces": {
				"north": {"uv": [11, 14.5, 11.5, 16], "texture": "#2"},
				"east": {"uv": [12, 14.5, 11, 16], "texture": "#2"},
				"south": {"uv": [11.5, 14.5, 12, 16], "texture": "#2"},
				"west": {"uv": [11, 14.5, 12, 16], "texture": "#2"},
				"down": {"uv": [11, 16, 12, 15.5], "rotation": 270, "texture": "#2"}
			}
		},
		{
			"from": [7.75, 1, 4.75],
			"to": [8.25, 9.5, 6.75],
			"rotation": {"angle": 0, "axis": "y", "origin": [4, 0, 20]},
			"faces": {
				"north": {"uv": [14, 2, 14.5, 10.5], "texture": "#2"},
				"east": {"uv": [16, 2, 14, 10.5], "texture": "#2"},
				"south": {"uv": [15.5, 2, 16, 10.5], "texture": "#2"},
				"west": {"uv": [14, 2, 16, 10.5], "texture": "#2"},
				"up": {"uv": [14, 2.5, 16, 2], "rotation": 90, "texture": "#2"},
				"down": {"uv": [14, 10.5, 16, 10], "rotation": 90, "texture": "#2"}
			}
		},
		{
			"from": [8, 9.5, 4.75],
			"to": [8, 20, 6.75],
			"rotation": {"angle": 0, "axis": "y", "origin": [8, 14.25, 9]},
			"faces": {
				"north": {"uv": [0, 0, 0, 5.25], "texture": "#2"},
				"east": {"uv": [13.5, 0, 11.5, 10.5], "texture": "#2"},
				"south": {"uv": [0, 0, 0, 5.25], "texture": "#2"},
				"west": {"uv": [11.5, 0, 13.5, 10.5], "texture": "#2"},
				"up": {"uv": [0, 1, 0, 0], "texture": "#2"},
				"down": {"uv": [0, 0, 0, 1], "texture": "#2"}
			}
		},
		{
			"from": [7.25, -7, 7.25],
			"to": [8.75, 8.5, 8.75],
			"rotation": {"angle": 0, "axis": "y", "origin": [4, 0.5, 12]},
			"faces": {
				"north": {"uv": [0, 0.5, 1.5, 16], "texture": "#2"},
				"east": {"uv": [3, 0.5, 1.5, 16], "texture": "#2"},
				"south": {"uv": [3, 0.5, 4.5, 16], "texture": "#2"},
				"west": {"uv": [1.5, 0.5, 3, 16], "texture": "#2"},
				"up": {"uv": [6.5, 2, 5, 0.5], "rotation": 270, "texture": "#2"},
				"down": {"uv": [6.5, 2, 8, 0.5], "rotation": 270, "texture": "#2"}
			}
		},
		{
			"from": [7.125, -7.125, 7.125],
			"to": [8.875, -0.875, 8.875],
			"rotation": {"angle": 0, "axis": "y", "origin": [4, 0.5, 12]},
			"faces": {
				"north": {"uv": [3, 5.25, 3.75, 8.25], "texture": "#1"},
				"east": {"uv": [3.75, 5.25, 4.5, 8.25], "texture": "#1"},
				"south": {"uv": [6, 0, 6.75, 3], "texture": "#1"},
				"west": {"uv": [6, 3, 6.75, 6], "texture": "#1"},
				"up": {"uv": [7.5, 9.75, 6.75, 9], "texture": "#1"},
				"down": {"uv": [8.25, 9, 7.5, 9.75], "texture": "#1"}
			}
		},
		{
			"from": [7, -1, 6.75],
			"to": [9, 0.5, 9.25],
			"rotation": {"angle": 0, "axis": "y", "origin": [4, 0.5, 12]},
			"faces": {
				"north": {"uv": [6.5, 14.5, 7, 16], "texture": "#2"},
				"east": {"uv": [9, 14.5, 6.5, 16], "texture": "#2"},
				"south": {"uv": [8.5, 14.5, 9, 16], "texture": "#2"},
				"west": {"uv": [6.5, 14.5, 9, 16], "texture": "#2"},
				"up": {"uv": [9, 15, 6.5, 14.5], "rotation": 270, "texture": "#2"},
				"down": {"uv": [6.5, 16, 9, 15.5], "rotation": 270, "texture": "#2"}
			}
		},
		{
			"from": [7.75, -1.53596, 5.55552],
			"to": [8.25, -0.53596, 7.05552],
			"rotation": {"angle": -22.5, "axis": "x", "origin": [6, -1.03596, 5.55552]},
			"faces": {
				"north": {"uv": [5, 15, 5.5, 16], "texture": "#2"},
				"east": {"uv": [6.5, 15, 5, 16], "texture": "#2"},
				"south": {"uv": [6, 15, 6.5, 16], "texture": "#2"},
				"west": {"uv": [5, 15, 6.5, 16], "texture": "#2"},
				"up": {"uv": [6.5, 15.5, 5, 15], "rotation": 270, "texture": "#2"},
				"down": {"uv": [5, 16, 6.5, 15.5], "rotation": 270, "texture": "#2"}
			}
		},
		{
			"from": [7.75, -1.24895, 9.00157],
			"to": [8.25, -0.24895, 10.50157],
			"rotation": {"angle": 22.5, "axis": "x", "origin": [7.25, -0.74895, 9.75157]},
			"faces": {
				"north": {"uv": [9, 15, 9.5, 16], "texture": "#2"},
				"east": {"uv": [10.5, 15, 9, 16], "texture": "#2"},
				"south": {"uv": [10, 15, 10.5, 16], "texture": "#2"},
				"west": {"uv": [9, 15, 10.5, 16], "texture": "#2"},
				"up": {"uv": [10.5, 15.5, 9, 15], "rotation": 270, "texture": "#2"},
				"down": {"uv": [9, 16, 10.5, 15.5], "rotation": 270, "texture": "#2"}
			}
		},
		{
			"from": [7, 0.2, 9.5],
			"to": [9, 2.2, 12.5],
			"rotation": {"angle": -45, "axis": "x", "origin": [8, 1, 10]},
			"faces": {
				"north": {"uv": [6.5, 12, 7, 14], "texture": "#2"},
				"east": {"uv": [9.5, 12, 6.5, 14], "texture": "#2"},
				"south": {"uv": [9, 12, 9.5, 14], "texture": "#2"},
				"west": {"uv": [6.5, 12, 9.5, 14], "texture": "#2"},
				"up": {"uv": [9.5, 12.5, 6.5, 12], "rotation": 270, "texture": "#2"},
				"down": {"uv": [6.5, 14, 9.5, 13.5], "rotation": 270, "texture": "#2"}
			}
		},
		{
			"from": [6.875, 0.075, 9.375],
			"to": [9.125, 2.325, 12.625],
			"rotation": {"angle": -45, "axis": "x", "origin": [8, 1, 10]},
			"faces": {
				"north": {"uv": [8.5, 0, 9.5, 1], "texture": "#1"},
				"east": {"uv": [7.5, 1.5, 9, 2.5], "texture": "#1"},
				"south": {"uv": [5, 8.5, 6, 9.5], "texture": "#1"},
				"west": {"uv": [0, 7.75, 1.5, 8.75], "texture": "#1"},
				"up": {"uv": [2.5, 9.25, 1.5, 7.75], "texture": "#1"},
				"down": {"uv": [8.75, 6.25, 7.75, 7.75], "texture": "#1"}
			}
		},
		{
			"from": [7.75, 2.26041, 8.29289],
			"to": [8.25, 7.26041, 9.29289],
			"rotation": {"angle": -22.5, "axis": "x", "origin": [8, 7.01041, 9.54289]},
			"faces": {
				"north": {"uv": [10, 9, 10.5, 14], "texture": "#2"},
				"east": {"uv": [11, 9, 10, 14], "texture": "#2"},
				"south": {"uv": [10.5, 9, 11, 14], "texture": "#2"},
				"west": {"uv": [10, 9, 11, 14], "texture": "#2"}
			}
		},
		{
			"from": [7.75, 6.89571, 7.71625],
			"to": [8.25, 7.89571, 9.21625],
			"rotation": {"angle": 0, "axis": "y", "origin": [8, 9.14571, 8.71625]},
			"faces": {
				"north": {"uv": [5.25, 10, 5.5, 10.5], "texture": "#1"},
				"east": {"uv": [7.25, 9.75, 8, 10.25], "texture": "#1"},
				"south": {"uv": [5.5, 10, 5.75, 10.5], "texture": "#1"},
				"west": {"uv": [9.75, 7.5, 10.5, 8], "texture": "#1"},
				"up": {"uv": [10.25, 1.5, 10, 0.75], "texture": "#1"},
				"down": {"uv": [1.25, 10, 1, 10.75], "texture": "#1"}
			}
		},
		{
			"from": [8, 7.89571, 7.63],
			"to": [8, 13.39571, 9.13],
			"rotation": {"angle": 0, "axis": "y", "origin": [8, 9.14571, 8.71625]},
			"faces": {
				"north": {"uv": [0, 0, 0, 2.75], "texture": "#2"},
				"east": {"uv": [9.5, 4, 8, 9.5], "texture": "#2"},
				"south": {"uv": [0, 0, 0, 2.75], "texture": "#2"},
				"west": {"uv": [8, 4, 9.5, 9.5], "texture": "#2"},
				"up": {"uv": [0, 0.75, 0, 0], "texture": "#2"},
				"down": {"uv": [0, 0, 0, 0.75], "texture": "#2"}
			}
		},
		{
			"from": [7.5, 0.7, 8],
			"to": [8.5, 1.7, 9.5],
			"rotation": {"angle": -45, "axis": "x", "origin": [8, 1, 10]},
			"faces": {
				"north": {"uv": [5, 12.5, 5.5, 13.5], "texture": "#2"},
				"east": {"uv": [6.5, 12.5, 5, 13.5], "texture": "#2"},
				"south": {"uv": [6, 12.5, 6.5, 13.5], "texture": "#2"},
				"west": {"uv": [5, 12.5, 6.5, 13.5], "texture": "#2"},
				"up": {"uv": [6.5, 13, 5, 12.5], "rotation": 270, "texture": "#2"},
				"down": {"uv": [5, 13.5, 6.5, 13], "rotation": 270, "texture": "#2"}
			}
		},
		{
			"from": [8, -1.3, 12.5],
			"to": [8, 3.7, 20.5],
			"rotation": {"angle": -45, "axis": "x", "origin": [8, 1, 10]},
			"faces": {
				"north": {"uv": [0, 0, 0, 5], "texture": "#4"},
				"east": {"uv": [0, 16, 10, 0], "rotation": 90, "texture": "#4"},
				"south": {"uv": [0, 0, 0, 5], "texture": "#4"},
				"west": {"uv": [0, 0, 10, 16], "rotation": 90, "texture": "#4"},
				"up": {"uv": [0, 7.5, 0, 0], "texture": "#4"},
				"down": {"uv": [0, 0, 0, 7.5], "texture": "#4"}
			}
		},
		{
			"from": [5.5, 3.85894, 13.57609],
			"to": [10.5, 11.85894, 13.57609],
			"rotation": {"angle": 45, "axis": "x", "origin": [8, 5.73762, 11.45477]},
			"faces": {
				"north": {"uv": [0, 16, 10, 0], "rotation": 180, "texture": "#4"},
				"east": {"uv": [0, 0, 0, 7.5], "texture": "#4"},
				"south": {"uv": [0, 0, 10, 16], "texture": "#4"},
				"west": {"uv": [0, 7.5, 0, 0], "rotation": 180, "texture": "#4"},
				"up": {"uv": [0, 0, 0, 5], "rotation": 270, "texture": "#4"},
				"down": {"uv": [0, 0, 0, 5], "rotation": 270, "texture": "#4"}
			}
		},
		{
			"from": [7.249, 0.449, 12.629],
			"to": [8.751, 1.951, 13.631],
			"rotation": {"angle": -45, "axis": "x", "origin": [8, 1, 10]},
			"faces": {
				"north": {"uv": [5, 4.5, 6.5, 6], "texture": "#2"},
				"east": {"uv": [5, 6.5, 6.5, 7.5], "rotation": 270, "texture": "#2"},
				"west": {"uv": [5, 6.5, 6.5, 7.5], "rotation": 90, "texture": "#2"},
				"up": {"uv": [6.5, 7.5, 5, 6.5], "texture": "#2"},
				"down": {"uv": [6.5, 6.5, 5, 7.5], "texture": "#2"}
			}
		},
		{
			"from": [8.75, 0.45, 12.63],
			"to": [7.25, 1.95, 13.63],
			"rotation": {"angle": -45, "axis": "x", "origin": [8, 1, 10]},
			"faces": {
				"north": {"uv": [5, 4.5, 6.5, 6], "texture": "#2"},
				"east": {"uv": [5, 6.5, 6.5, 7.5], "rotation": 270, "texture": "#2"},
				"west": {"uv": [5, 6.5, 6.5, 7.5], "rotation": 90, "texture": "#2"},
				"up": {"uv": [6.5, 7.5, 5, 6.5], "texture": "#2"},
				"down": {"uv": [6.5, 6.5, 5, 7.5], "texture": "#2"}
			}
		}
	],
	"gui_light": "front",
	"display": {
		"thirdperson_righthand": {
			"translation": [0, 10, 1.5]
		},
		"thirdperson_lefthand": {
			"translation": [0, 10, 1.5]
		},
		"firstperson_righthand": {
			"rotation": [-12, 4, 0],
			"translation": [8.5, 9.5, -6.75],
			"scale": [1.4, 1.4, 1.4]
		},
		"firstperson_lefthand": {
			"rotation": [-12, 4, 0],
			"translation": [8.5, 9.5, -6.75],
			"scale": [1.4, 1.4, 1.4]
		},
		"ground": {
			"rotation": [45, 0, 0],
			"translation": [0, 9.75, 1.75],
			"scale": [0.9, 0.9, 0.9]
		},
		"gui": {
			"rotation": [-90, 135, 90],
			"translation": [1, 0.75, 0],
			"scale": [0.7, 0.7, 0.7]
		},
		"fixed": {
			"rotation": [90, -45, 90],
			"translation": [-1.25, 1.25, -0.5],
			"scale": [0.85, 0.85, 0.85]
		}
	},
	"groups": [
		{
			"name": "group",
			"origin": [3.5, 2.75902, -4.06893],
			"color": 0,
			"children": [
				0,
				1,
				2,
				{
					"name": "group3",
					"origin": [0, 1, 16],
					"color": 0,
					"children": [3, 4]
				}
			]
		},
		{
			"name": "group2",
			"origin": [4, -2.5, 4],
			"color": 0,
			"children": [5, 6, 7, 8, 9]
		},
		{
			"name": "group4",
			"origin": [8, 1, 10],
			"color": 0,
			"children": [
				10,
				11,
				12,
				13,
				14,
				15,
				16,
				17,
				{
					"name": "group",
					"origin": [8, 1, 10],
					"color": 0,
					"children": [18, 19]
				}
			]
		}
	]
}