{
  "parent": "minecraft:item/handheld",
  "textures": {
    "layer0": "minecraft:item/iron_sword"
  },
  "overrides": [
    {
      "predicate": {
        "custom_model_data": 1
      },
      "model": "item/sakura_story/astronaut/iron_sword"
    },
    {
      "predicate": {
        "custom_model_data": 2
      },
      "model": "item/sakura_story/copper_armed/iron_sword"
    },
    {
      "predicate": {
        "custom_model_data": 3
      },
      "model": "item/sakura_story/other/vampire_sword"
    },
    {
      "predicate": {
        "custom_model_data": 21
      },
      "model": "item/sakura_story/brave_fighter/dagger"
    }
  ]
}