{
  "parent": "minecraft:item/handheld",
  "textures": {
    "layer0": "minecraft:item/netherite_axe"
  },
  "overrides": [
    {
      "predicate": {
        "custom_model_data": 2
      },
      "model": "item/sakura_story/amethyst_armed/netherite_axe"
    },
    {
      "predicate": {
        "custom_model_data": 7
      },
      "model": "item/sakura_shiro/storm_destroyer"
    },
    {
      "predicate": {
        "custom_model_data": 12
      },
      "model": "item/sakura_story/titanium/netherite_axe"
    },
    {
      "predicate": {
        "custom_model_data": 21
      },
      "model": "item/sakura_story/brave_fighter/axe"
    }
  ]
}