{
	"credit": "Made with Blockbench",
	"texture_size": [64, 64],
	"textures": {
		"1": "item/sakura_story/whitemark_pink/3d/netherite_sword_vfx",
		"2": "item/sakura_story/whitemark_pink/3d/netherite_sword"
	},
	"elements": [
		{
			"from": [7.5, 3, 5],
			"to": [8.5, 24, 11],
			"rotation": {"angle": 0, "axis": "y", "origin": [0, 2, -1]},
			"faces": {
				"north": {"uv": [7, 6.5, 7.25, 11.75], "texture": "#2"},
				"east": {"uv": [0, 0, 1.5, 5.25], "texture": "#2"},
				"south": {"uv": [7.25, 6.5, 7.5, 11.75], "texture": "#2"},
				"west": {"uv": [1.5, 0, 3, 5.25], "texture": "#2"},
				"up": {"uv": [5.5, 9.25, 5.25, 7.75], "texture": "#2"},
				"down": {"uv": [5.75, 7.75, 5.5, 9.25], "texture": "#2"}
			}
		},
		{
			"from": [7.502, -0.898, 6.402],
			"to": [8.498, 8.098, 15.398],
			"rotation": {"angle": 45, "axis": "x", "origin": [8, 6.5, 8]},
			"faces": {
				"north": {"uv": [7.5, 6.5, 7.75, 8.75], "texture": "#2"},
				"east": {"uv": [3, 0, 5.25, 2.25], "texture": "#2"},
				"south": {"uv": [3, 7.75, 3.25, 10], "texture": "#2"},
				"west": {"uv": [3, 2.25, 5.25, 4.5], "texture": "#2"},
				"up": {"uv": [3.5, 10, 3.25, 7.75], "texture": "#2"},
				"down": {"uv": [3.75, 7.75, 3.5, 10], "texture": "#2"}
			}
		},
		{
			"from": [8.05, 3.08076, 4.88909],
			"to": [8.05, 8.08076, 18.88909],
			"rotation": {"angle": 45, "axis": "x", "origin": [8, 5.58076, 11.88909]},
			"faces": {
				"north": {"uv": [0, 0, 0, 1.25], "texture": "#2"},
				"east": {"uv": [3, 4.5, 6.5, 5.75], "texture": "#2"},
				"south": {"uv": [0, 0, 0, 1.25], "texture": "#2"},
				"west": {"uv": [5.25, 0, 8.75, 1.25], "texture": "#2"},
				"up": {"uv": [0, 3.5, 0, 0], "texture": "#2"},
				"down": {"uv": [0, 0, 0, 3.5], "texture": "#2"}
			}
		},
		{
			"from": [8.05, 6.1, -2.4],
			"to": [8.05, 11.1, 11.6],
			"rotation": {"angle": -45, "axis": "x", "origin": [8, 6.5, 8]},
			"faces": {
				"north": {"uv": [0, 0, 0, 1.25], "texture": "#2"},
				"east": {"uv": [5.25, 1.25, 8.75, 2.5], "texture": "#2"},
				"south": {"uv": [0, 0, 0, 1.25], "texture": "#2"},
				"west": {"uv": [5.25, 2.5, 8.75, 3.75], "texture": "#2"},
				"up": {"uv": [0, 3.5, 0, 0], "texture": "#2"},
				"down": {"uv": [0, 0, 0, 3.5], "texture": "#2"}
			}
		},
		{
			"from": [8, 24, 5],
			"to": [8, 32, 11],
			"rotation": {"angle": 0, "axis": "y", "origin": [0, 2, -1]},
			"faces": {
				"north": {"uv": [0, 0, 0, 2], "texture": "#2"},
				"east": {"uv": [3, 5.75, 4.5, 7.75], "texture": "#2"},
				"south": {"uv": [0, 0, 0, 2], "texture": "#2"},
				"west": {"uv": [4.5, 5.75, 6, 7.75], "texture": "#2"},
				"up": {"uv": [0, 1.5, 0, 0], "texture": "#2"},
				"down": {"uv": [0, 0, 0, 1.5], "texture": "#2"}
			}
		},
		{
			"from": [7.95, 3.08076, 4.88909],
			"to": [7.95, 8.08076, 18.88909],
			"rotation": {"angle": 45, "axis": "x", "origin": [8, 5.58076, 11.88909]},
			"faces": {
				"north": {"uv": [0, 0, 0, 1.25], "texture": "#2"},
				"east": {"uv": [3, 4.5, 6.5, 5.75], "texture": "#2"},
				"south": {"uv": [0, 0, 0, 1.25], "texture": "#2"},
				"west": {"uv": [5.25, 0, 8.75, 1.25], "texture": "#2"},
				"up": {"uv": [0, 3.5, 0, 0], "texture": "#2"},
				"down": {"uv": [0, 0, 0, 3.5], "texture": "#2"}
			}
		},
		{
			"from": [7.95, 6.1, -2.4],
			"to": [7.95, 11.1, 11.6],
			"rotation": {"angle": -45, "axis": "x", "origin": [8, 6.5, 8]},
			"faces": {
				"north": {"uv": [0, 0, 0, 1.25], "texture": "#2"},
				"east": {"uv": [5.25, 1.25, 8.75, 2.5], "texture": "#2"},
				"south": {"uv": [0, 0, 0, 1.25], "texture": "#2"},
				"west": {"uv": [5.25, 2.5, 8.75, 3.75], "texture": "#2"},
				"up": {"uv": [0, 3.5, 0, 0], "texture": "#2"},
				"down": {"uv": [0, 0, 0, 3.5], "texture": "#2"}
			}
		},
		{
			"from": [6.5, -14, 6.5],
			"to": [9.5, 6, 9.5],
			"rotation": {"angle": 0, "axis": "y", "origin": [0, -2, 0]},
			"faces": {
				"north": {"uv": [0, 5.25, 0.75, 10.25], "texture": "#2"},
				"east": {"uv": [0.75, 5.25, 1.5, 10.25], "texture": "#2"},
				"south": {"uv": [1.5, 5.25, 2.25, 10.25], "texture": "#2"},
				"west": {"uv": [2.25, 5.25, 3, 10.25], "texture": "#2"},
				"up": {"uv": [4.5, 8.5, 3.75, 7.75], "texture": "#2"},
				"down": {"uv": [5.25, 7.75, 4.5, 8.5], "texture": "#2"}
			}
		},
		{
			"from": [7, 1, 1.5],
			"to": [9, 4, 14.5],
			"rotation": {"angle": 0, "axis": "y", "origin": [0, -2, 0]},
			"faces": {
				"north": {"uv": [3.75, 8.5, 4.25, 9.25], "texture": "#2"},
				"east": {"uv": [5.25, 3.75, 8.5, 4.5], "texture": "#2"},
				"south": {"uv": [8.5, 3.75, 9, 4.5], "texture": "#2"},
				"west": {"uv": [6, 5.75, 9.25, 6.5], "texture": "#2"},
				"up": {"uv": [6.5, 9.75, 6, 6.5], "texture": "#2"},
				"down": {"uv": [7, 6.5, 6.5, 9.75], "texture": "#2"}
			}
		},
		{
			"from": [7, -16, 7],
			"to": [9, -14, 9],
			"rotation": {"angle": 0, "axis": "y", "origin": [0, -2, 0]},
			"faces": {
				"north": {"uv": [4.25, 8.5, 4.75, 9], "texture": "#2"},
				"east": {"uv": [8.5, 4.5, 9, 5], "texture": "#2"},
				"south": {"uv": [4.75, 8.5, 5.25, 9], "texture": "#2"},
				"west": {"uv": [8.5, 5, 9, 5.5], "texture": "#2"},
				"up": {"uv": [8.25, 9, 7.75, 8.5], "texture": "#2"},
				"down": {"uv": [8.75, 8.5, 8.25, 9], "texture": "#2"}
			}
		},
		{
			"from": [6, -3, 6],
			"to": [10, -1, 10],
			"rotation": {"angle": 0, "axis": "y", "origin": [0, -2, 0]},
			"faces": {
				"north": {"uv": [7.75, 6.5, 8.75, 7], "texture": "#2"},
				"east": {"uv": [7.75, 7, 8.75, 7.5], "texture": "#2"},
				"south": {"uv": [7.75, 7.5, 8.75, 8], "texture": "#2"},
				"west": {"uv": [7.75, 8, 8.75, 8.5], "texture": "#2"},
				"up": {"uv": [7.5, 5.5, 6.5, 4.5], "texture": "#2"},
				"down": {"uv": [8.5, 4.5, 7.5, 5.5], "texture": "#2"}
			}
		},
		{
			"from": [8, -12, -8],
			"to": [8, 20, 24],
			"faces": {
				"north": {"uv": [0, 0, 0, 8], "texture": "#1"},
				"east": {"uv": [16, 0, 0, 16], "texture": "#1"},
				"south": {"uv": [0, 0, 0, 8], "texture": "#1"},
				"west": {"uv": [0, 0, 16, 16], "texture": "#1"},
				"up": {"uv": [0, 0, 0, 8], "texture": "#1"},
				"down": {"uv": [0, 0, 0, 8], "texture": "#1"}
			}
		}
	],
	"gui_light": "front",
	"display": {
		"thirdperson_righthand": {
			"translation": [0, 5.75, 1.5],
			"scale": [0.5, 0.5, 0.5]
		},
		"thirdperson_lefthand": {
			"translation": [0, 5.75, 1.5],
			"scale": [0.5, 0.5, 0.5]
		},
		"firstperson_righthand": {
			"rotation": [-10, 5, 0],
			"translation": [4, 4.75, -2.25],
			"scale": [0.6, 0.6, 0.6]
		},
		"firstperson_lefthand": {
			"rotation": [-10, 5, 0],
			"translation": [4, 4.75, -2.25],
			"scale": [0.6, 0.6, 0.6]
		},
		"ground": {
			"rotation": [-45, 0, 0],
			"translation": [0, 8.25, 0.25],
			"scale": [0.5, 0.5, 0.5]
		},
		"gui": {
			"rotation": [-90, -45, -90],
			"translation": [0.25, 0, 0],
			"scale": [0.4, 0.4, 0.4]
		},
		"fixed": {
			"rotation": [-90, 45, 90],
			"translation": [-0.25, 0.25, -0.5],
			"scale": [0.5, 0.5, 0.5]
		}
	},
	"groups": [
		{
			"name": "group",
			"origin": [7, 5.51805, -8.13787],
			"color": 0,
			"children": [
				0,
				1,
				{
					"name": "group",
					"origin": [0, 2, -1],
					"color": 0,
					"children": [2, 3, 4]
				},
				{
					"name": "group",
					"origin": [0, 2, -1],
					"color": 0,
					"children": [5, 6]
				}
			]
		},
		{
			"name": "group",
			"origin": [8, -5, 8],
			"color": 0,
			"children": [7, 8, 9, 10]
		},
		11
	]
}