{
	"credit": "Made with Blockbench",
	"texture_size": [32, 32],
	"textures": {
		"0": "item/sakura_story/ruined_king/3d/netherite_sword",
		"1": "item/sakura_story/ruined_king/3d/netherite_sword_vfx",
		"2": "item/sakura_story/ruined_king/3d/netherite_sword_magic",
		"3": "item/sakura_story/ruined_king/3d/netherite_sword_vfx_small"
	},
	"elements": [
		{
			"name": "in",
			"from": [9, 1, 14],
			"to": [7, 4, 16],
			"rotation": {"angle": 0, "axis": "y", "origin": [0, 2, -1]},
			"faces": {
				"north": {"uv": [0.66667, 0.66667, 1.33333, 1.66667], "texture": "#0"},
				"east": {"uv": [0, 0.66667, 0.66667, 1.66667], "texture": "#0"},
				"south": {"uv": [2, 0.66667, 2.66667, 1.66667], "texture": "#0"},
				"west": {"uv": [1.33333, 0.66667, 2, 1.66667], "texture": "#0"},
				"up": {"uv": [0.66667, 0.66667, 1.33333, 0], "texture": "#0"},
				"down": {"uv": [1.33333, 0, 2, 0.66667], "texture": "#0"}
			}
		},
		{
			"name": "out",
			"from": [7, 1, 14],
			"to": [9, 4, 16],
			"rotation": {"angle": 0, "axis": "y", "origin": [0, 2, -1]},
			"faces": {
				"north": {"uv": [0.66667, 0.66667, 1.33333, 1.66667], "texture": "#0"},
				"east": {"uv": [0, 0.66667, 0.66667, 1.66667], "texture": "#0"},
				"south": {"uv": [2, 0.66667, 2.66667, 1.66667], "texture": "#0"},
				"west": {"uv": [1.33333, 0.66667, 2, 1.66667], "texture": "#0"},
				"up": {"uv": [1.33333, 0.66667, 0.66667, 0], "texture": "#0"},
				"down": {"uv": [2, 0, 1.33333, 0.66667], "texture": "#0"}
			}
		},
		{
			"name": "in",
			"from": [9, 1, 0],
			"to": [7, 4, 2],
			"rotation": {"angle": 0, "axis": "y", "origin": [0, 2, -1]},
			"faces": {
				"north": {"uv": [0.66667, 2.66667, 1.33333, 3.66667], "texture": "#0"},
				"east": {"uv": [0, 2.66667, 0.66667, 3.66667], "texture": "#0"},
				"south": {"uv": [2, 2.66667, 2.66667, 3.66667], "texture": "#0"},
				"west": {"uv": [1.33333, 2.66667, 2, 3.66667], "texture": "#0"},
				"up": {"uv": [0.66667, 2.66667, 1.33333, 2], "texture": "#0"},
				"down": {"uv": [1.33333, 2, 2, 2.66667], "texture": "#0"}
			}
		},
		{
			"name": "out",
			"from": [7, 1, 0],
			"to": [9, 4, 2],
			"rotation": {"angle": 0, "axis": "y", "origin": [0, 2, -1]},
			"faces": {
				"north": {"uv": [0.66667, 2.66667, 1.33333, 3.66667], "texture": "#0"},
				"east": {"uv": [0, 2.66667, 0.66667, 3.66667], "texture": "#0"},
				"south": {"uv": [2, 2.66667, 2.66667, 3.66667], "texture": "#0"},
				"west": {"uv": [1.33333, 2.66667, 2, 3.66667], "texture": "#0"},
				"up": {"uv": [1.33333, 2.66667, 0.66667, 2], "texture": "#0"},
				"down": {"uv": [2, 2, 1.33333, 2.66667], "texture": "#0"}
			}
		},
		{
			"from": [7, 1, 2],
			"to": [9, 4, 14],
			"rotation": {"angle": 0, "axis": "y", "origin": [0, 2, -1]},
			"faces": {
				"north": {"uv": [4, 4, 4.66667, 5], "texture": "#0"},
				"east": {"uv": [0, 4, 4, 5], "texture": "#0"},
				"south": {"uv": [8.66667, 4, 9.33333, 5], "texture": "#0"},
				"west": {"uv": [4.66667, 4, 8.66667, 5], "texture": "#0"},
				"up": {"uv": [4.66667, 4, 4, 0], "texture": "#0"},
				"down": {"uv": [5.33333, 0, 4.66667, 4], "texture": "#0"}
			}
		},
		{
			"from": [7.5, 4, 5.5],
			"to": [8.5, 25, 10.5],
			"rotation": {"angle": 0, "axis": "y", "origin": [0, 2, -1]},
			"faces": {
				"north": {"uv": [1.66667, 7, 2, 14], "texture": "#0"},
				"east": {"uv": [0, 7, 1.66667, 14], "texture": "#0"},
				"south": {"uv": [3.66667, 7, 4, 14], "texture": "#0"},
				"west": {"uv": [2, 7, 3.66667, 14], "texture": "#0"},
				"up": {"uv": [2, 7, 1.66667, 5.33333], "texture": "#0"},
				"down": {"uv": [2.33333, 5.33333, 2, 7], "texture": "#0"}
			}
		},
		{
			"from": [7.5, 0.1, 9.4],
			"to": [8.5, 5.1, 14.4],
			"rotation": {"angle": 45, "axis": "x", "origin": [8, 6.5, 8]},
			"faces": {
				"north": {"uv": [10.33333, 11, 10.66667, 12.66667], "texture": "#0"},
				"east": {"uv": [8.66667, 11, 10.33333, 12.66667], "texture": "#0"},
				"south": {"uv": [12.33333, 11, 12.66667, 12.66667], "texture": "#0"},
				"west": {"uv": [10.66667, 11, 12.33333, 12.66667], "texture": "#0"},
				"up": {"uv": [10.66667, 11, 10.33333, 9.33333], "texture": "#0"},
				"down": {"uv": [11, 9.33333, 10.66667, 11], "texture": "#0"}
			}
		},
		{
			"from": [8, 25, 5.5],
			"to": [8, 32, 10.5],
			"rotation": {"angle": 0, "axis": "y", "origin": [0, 2, -1]},
			"faces": {
				"north": {"uv": [13, 1.66667, 13, 4], "texture": "#0"},
				"east": {"uv": [11.33333, 1.66667, 13, 4], "texture": "#0"},
				"south": {"uv": [14.66667, 1.66667, 14.66667, 4], "texture": "#0"},
				"west": {"uv": [13, 1.66667, 14.66667, 4], "texture": "#0"},
				"up": {"uv": [13, 1.66667, 13, 0], "texture": "#0"},
				"down": {"uv": [13, 0, 13, 1.66667], "texture": "#0"}
			}
		},
		{
			"from": [7.498, -14.39144, 5.07281],
			"to": [8.502, -10.38744, 6.07681],
			"rotation": {"angle": 22.5, "axis": "x", "origin": [8, -12.66772, 5.05421]},
			"faces": {
				"north": {"uv": [7.66667, 13, 8, 14.33333], "texture": "#0"},
				"east": {"uv": [7.33333, 13, 7.66667, 14.33333], "texture": "#0"},
				"south": {"uv": [8.33333, 13, 8.66667, 14.33333], "texture": "#0"},
				"west": {"uv": [8, 13, 8.33333, 14.33333], "texture": "#0"},
				"up": {"uv": [8, 13, 7.66667, 12.66667], "texture": "#0"},
				"down": {"uv": [8.33333, 12.66667, 8, 13], "texture": "#0"}
			}
		},
		{
			"from": [7.5, -13.22559, 3.46675],
			"to": [8.5, -12.22559, 5.46675],
			"rotation": {"angle": 0, "axis": "y", "origin": [8, -12.66772, 5.05421]},
			"faces": {
				"north": {"uv": [10.66667, 0.66667, 11, 1], "texture": "#0"},
				"east": {"uv": [10, 0.66667, 10.66667, 1], "texture": "#0"},
				"south": {"uv": [11.66667, 0.66667, 12, 1], "texture": "#0"},
				"west": {"uv": [11, 0.66667, 11.66667, 1], "texture": "#0"},
				"up": {"uv": [11, 0.66667, 10.66667, 0], "texture": "#0"},
				"down": {"uv": [11.33333, 0, 11, 0.66667], "texture": "#0"}
			}
		},
		{
			"from": [7.5, -14.26764, 10.1748],
			"to": [8.5, -11.26764, 11.1748],
			"rotation": {"angle": -22.5, "axis": "x", "origin": [8, -13.22802, 10.36719]},
			"faces": {
				"north": {"uv": [0.33333, 5.66667, 0.66667, 6.66667], "texture": "#0"},
				"east": {"uv": [0, 5.66667, 0.33333, 6.66667], "texture": "#0"},
				"south": {"uv": [1, 5.66667, 1.33333, 6.66667], "texture": "#0"},
				"west": {"uv": [0.66667, 5.66667, 1, 6.66667], "texture": "#0"},
				"up": {"uv": [0.66667, 5.66667, 0.33333, 5.33333], "texture": "#0"},
				"down": {"uv": [1, 5.33333, 0.66667, 5.66667], "texture": "#0"}
			}
		},
		{
			"from": [7.5, -14.87973, 10.63674],
			"to": [8.5, -12.87973, 11.63674],
			"rotation": {"angle": 45, "axis": "x", "origin": [8, -13.22802, 10.36719]},
			"faces": {
				"north": {"uv": [10, 3.33333, 10.33333, 4], "texture": "#0"},
				"east": {"uv": [9.66667, 3.33333, 10, 4], "texture": "#0"},
				"south": {"uv": [10.66667, 3.33333, 11, 4], "texture": "#0"},
				"west": {"uv": [10.33333, 3.33333, 10.66667, 4], "texture": "#0"},
				"up": {"uv": [10.33333, 3.33333, 10, 3], "texture": "#0"},
				"down": {"uv": [10.66667, 3, 10.33333, 3.33333], "texture": "#0"}
			}
		},
		{
			"from": [7.5, 2.18349, 2.00086],
			"to": [8.5, 5.18349, 3.00086],
			"rotation": {"angle": -45, "axis": "x", "origin": [8, 5.38411, 2.53173]},
			"faces": {
				"north": {"uv": [9, 9.66667, 9.33333, 10.66667], "texture": "#0"},
				"east": {"uv": [8.66667, 9.66667, 9, 10.66667], "texture": "#0"},
				"south": {"uv": [9.66667, 9.66667, 10, 10.66667], "texture": "#0"},
				"west": {"uv": [9.33333, 9.66667, 9.66667, 10.66667], "texture": "#0"},
				"up": {"uv": [9.33333, 9.66667, 9, 9.33333], "texture": "#0"},
				"down": {"uv": [9.66667, 9.33333, 9.33333, 9.66667], "texture": "#0"}
			}
		},
		{
			"from": [7.5, 4.86687, 2.29821],
			"to": [8.5, 8.86687, 3.29821],
			"rotation": {"angle": 0, "axis": "y", "origin": [8, 5.38411, 2.53173]},
			"faces": {
				"north": {"uv": [13.33333, 6, 13.66667, 7.33333], "texture": "#0"},
				"east": {"uv": [13, 6, 13.33333, 7.33333], "texture": "#0"},
				"south": {"uv": [14, 6, 14.33333, 7.33333], "texture": "#0"},
				"west": {"uv": [13.66667, 6, 14, 7.33333], "texture": "#0"},
				"up": {"uv": [13.66667, 6, 13.33333, 5.66667], "texture": "#0"},
				"down": {"uv": [14, 5.66667, 13.66667, 6], "texture": "#0"}
			}
		},
		{
			"from": [7.501, 5.56442, 0.47338],
			"to": [8.499, 6.56242, 2.47138],
			"rotation": {"angle": 22.5, "axis": "x", "origin": [8, 5.38411, 2.53173]},
			"faces": {
				"north": {"uv": [13.66667, 5, 14, 5.33333], "texture": "#0"},
				"east": {"uv": [13, 5, 13.66667, 5.33333], "texture": "#0"},
				"south": {"uv": [14.66667, 5, 15, 5.33333], "texture": "#0"},
				"west": {"uv": [14, 5, 14.66667, 5.33333], "texture": "#0"},
				"up": {"uv": [14, 5, 13.66667, 4.33333], "texture": "#0"},
				"down": {"uv": [14.33333, 4.33333, 14, 5], "texture": "#0"}
			}
		},
		{
			"from": [7.5, 5.23329, 13.22066],
			"to": [8.5, 6.23329, 16.22066],
			"rotation": {"angle": -22.5, "axis": "x", "origin": [8, 4.88793, 13.05079]},
			"faces": {
				"north": {"uv": [13, 13, 13.33333, 13.33333], "texture": "#0"},
				"east": {"uv": [12, 13, 13, 13.33333], "texture": "#0"},
				"south": {"uv": [14.33333, 13, 14.66667, 13.33333], "texture": "#0"},
				"west": {"uv": [13.33333, 13, 14.33333, 13.33333], "texture": "#0"},
				"up": {"uv": [13.33333, 13, 13, 12], "texture": "#0"},
				"down": {"uv": [13.66667, 12, 13.33333, 13], "texture": "#0"}
			}
		},
		{
			"from": [7.501, 6.27638, 13.3197],
			"to": [8.499, 8.27438, 14.3177],
			"rotation": {"angle": 0, "axis": "y", "origin": [8, 4.88793, 13.05079]},
			"faces": {
				"north": {"uv": [13.33333, 8, 13.66667, 8.66667], "texture": "#0"},
				"east": {"uv": [13, 8, 13.33333, 8.66667], "texture": "#0"},
				"south": {"uv": [14, 8, 14.33333, 8.66667], "texture": "#0"},
				"west": {"uv": [13.66667, 8, 14, 8.66667], "texture": "#0"},
				"up": {"uv": [13.66667, 8, 13.33333, 7.66667], "texture": "#0"},
				"down": {"uv": [14, 7.66667, 13.66667, 8], "texture": "#0"}
			}
		},
		{
			"from": [7.5, 2.79624, 12.34613],
			"to": [8.5, 5.79624, 13.34613],
			"rotation": {"angle": 22.5, "axis": "x", "origin": [8, 5.12445, 13.52408]},
			"faces": {
				"north": {"uv": [3, 5.66667, 3.33333, 6.66667], "texture": "#0"},
				"east": {"uv": [2.66667, 5.66667, 3, 6.66667], "texture": "#0"},
				"south": {"uv": [3.66667, 5.66667, 4, 6.66667], "texture": "#0"},
				"west": {"uv": [3.33333, 5.66667, 3.66667, 6.66667], "texture": "#0"},
				"up": {"uv": [3.33333, 5.66667, 3, 5.33333], "texture": "#0"},
				"down": {"uv": [3.66667, 5.33333, 3.33333, 5.66667], "texture": "#0"}
			}
		},
		{
			"from": [6, -13, 5.5],
			"to": [10, -9, 9.5],
			"rotation": {"angle": 45, "axis": "x", "origin": [8, -11.5, 8]},
			"faces": {
				"north": {"uv": [7, 1.33333, 8.33333, 2.66667], "texture": "#0"},
				"east": {"uv": [5.66667, 1.33333, 7, 2.66667], "texture": "#0"},
				"south": {"uv": [9.66667, 1.33333, 11, 2.66667], "texture": "#0"},
				"west": {"uv": [8.33333, 1.33333, 9.66667, 2.66667], "texture": "#0"},
				"up": {"uv": [8.33333, 1.33333, 7, 0], "texture": "#0"},
				"down": {"uv": [9.66667, 0, 8.33333, 1.33333], "texture": "#0"}
			}
		},
		{
			"from": [6.5, -10, 6.5],
			"to": [9.5, 5, 9.5],
			"rotation": {"angle": 0, "axis": "y", "origin": [0, 1, 0]},
			"faces": {
				"north": {"uv": [5.33333, 6.33333, 6.33333, 11.33333], "texture": "#0"},
				"east": {"uv": [4.33333, 6.33333, 5.33333, 11.33333], "texture": "#0"},
				"south": {"uv": [7.33333, 6.33333, 8.33333, 11.33333], "texture": "#0"},
				"west": {"uv": [6.33333, 6.33333, 7.33333, 11.33333], "texture": "#0"},
				"up": {"uv": [6.33333, 6.33333, 5.33333, 5.33333], "texture": "#0"},
				"down": {"uv": [7.33333, 5.33333, 6.33333, 6.33333], "texture": "#0"}
			}
		},
		{
			"from": [6.25, -9, 6.25],
			"to": [9.75, 2.5, 9.75],
			"rotation": {"angle": 0, "axis": "y", "origin": [8, 1, 8]},
			"faces": {
				"north": {"uv": [9.66667, 5.33333, 10.66667, 9], "texture": "#0"},
				"east": {"uv": [8.66667, 5.33333, 9.66667, 9], "texture": "#0"},
				"south": {"uv": [11.66667, 5.33333, 12.66667, 9], "texture": "#0"},
				"west": {"uv": [10.66667, 5.33333, 11.66667, 9], "texture": "#0"},
				"up": {"uv": [10.66667, 5.33333, 9.66667, 4.33333], "texture": "#0"},
				"down": {"uv": [11.66667, 4.33333, 10.66667, 5.33333], "texture": "#0"}
			}
		},
		{
			"from": [7, -14, 7],
			"to": [9, -12, 9],
			"rotation": {"angle": 0, "axis": "y", "origin": [0, 8, -6]},
			"faces": {
				"north": {"uv": [12, 10, 12.66667, 10.66667], "texture": "#0"},
				"east": {"uv": [11.33333, 10, 12, 10.66667], "texture": "#0"},
				"south": {"uv": [13.33333, 10, 14, 10.66667], "texture": "#0"},
				"west": {"uv": [12.66667, 10, 13.33333, 10.66667], "texture": "#0"},
				"up": {"uv": [12.66667, 10, 12, 9.33333], "texture": "#0"},
				"down": {"uv": [13.33333, 9.33333, 12.66667, 10], "texture": "#0"}
			}
		},
		{
			"name": "out",
			"from": [7, -16, 7],
			"to": [9, -14, 9],
			"rotation": {"angle": 0, "axis": "y", "origin": [0, 8, -6]},
			"faces": {
				"north": {"uv": [5, 12.33333, 5.66667, 13], "texture": "#0"},
				"east": {"uv": [4.33333, 12.33333, 5, 13], "texture": "#0"},
				"south": {"uv": [6.33333, 12.33333, 7, 13], "texture": "#0"},
				"west": {"uv": [5.66667, 12.33333, 6.33333, 13], "texture": "#0"},
				"up": {"uv": [5.66667, 12.33333, 5, 11.66667], "texture": "#0"},
				"down": {"uv": [6.33333, 11.66667, 5.66667, 12.33333], "texture": "#0"}
			}
		},
		{
			"name": "in",
			"from": [9, -16, 7],
			"to": [7, -14, 9],
			"rotation": {"angle": 0, "axis": "y", "origin": [0, 8, -6]},
			"faces": {
				"north": {"uv": [5.66667, 12.33333, 5, 13], "texture": "#0"},
				"east": {"uv": [4.33333, 12.33333, 5, 13], "texture": "#0"},
				"south": {"uv": [7, 12.33333, 6.33333, 13], "texture": "#0"},
				"west": {"uv": [5.66667, 12.33333, 6.33333, 13], "texture": "#0"},
				"up": {"uv": [5.66667, 12.33333, 5, 11.66667], "texture": "#0"},
				"down": {"uv": [6.33333, 11.66667, 5.66667, 12.33333], "texture": "#0"}
			}
		},
		{
			"name": "leave_vfx",
			"from": [7.9, -15, -3.5],
			"to": [7.9, 6, 17.5],
			"rotation": {"angle": 0, "axis": "y", "origin": [8.2, -2.5, 7]},
			"faces": {
				"north": {"uv": [0.75, 5.5, 0.75, 10.75], "texture": "#1"},
				"east": {"uv": [0, 0, 10.5, 10.5], "texture": "#1"},
				"south": {"uv": [2.25, 5.5, 2.25, 10.75], "texture": "#1"},
				"west": {"uv": [10.5, 0, 0, 10.5], "texture": "#1"},
				"up": {"uv": [0.75, 10.25, 0.75, 4.75], "texture": "#1"},
				"down": {"uv": [1.5, 4.75, 1.5, 10.25], "texture": "#1"}
			}
		},
		{
			"from": [8.1, -0.5, 0],
			"to": [8.1, 15.5, 16],
			"rotation": {"angle": 0, "axis": "y", "origin": [8.1, 17, 8]},
			"faces": {
				"north": {"uv": [0, 0, 0, 16], "texture": "#2"},
				"east": {"uv": [16, 0, 0, 16], "texture": "#2"},
				"south": {"uv": [0, 0, 0, 16], "texture": "#2"},
				"west": {"uv": [0, 0, 16, 16], "texture": "#2"},
				"up": {"uv": [0, 0, 0, 16], "texture": "#2"},
				"down": {"uv": [0, 0, 0, 16], "texture": "#2"}
			}
		},
		{
			"from": [8, 7.25, 3],
			"to": [8, 8.25, 5],
			"rotation": {"angle": -22.5, "axis": "x", "origin": [8, 7.75, 3.5]},
			"faces": {
				"north": {"uv": [0, 0, 0, 1], "rotation": 180, "texture": "#3"},
				"east": {"uv": [1, 3, 2, 5], "rotation": 270, "texture": "#3"},
				"south": {"uv": [0, 1, 0, 0], "texture": "#3"},
				"west": {"uv": [3, 1, 4, 3], "rotation": 90, "texture": "#3"},
				"up": {"uv": [0, 0, 0, 2], "rotation": 180, "texture": "#3"},
				"down": {"uv": [0, 0, 0, 2], "texture": "#3"}
			}
		},
		{
			"from": [8, 7.25, 3],
			"to": [8, 9.25, 4],
			"rotation": {"angle": 45, "axis": "x", "origin": [8, 7.75, 3.5]},
			"faces": {
				"north": {"uv": [0, 0, 0, 2], "rotation": 180, "texture": "#3"},
				"east": {"uv": [4, 0, 6, 1], "rotation": 270, "texture": "#3"},
				"south": {"uv": [0, 2, 0, 0], "texture": "#3"},
				"west": {"uv": [4, 1, 6, 2], "rotation": 90, "texture": "#3"},
				"up": {"uv": [0, 0, 0, 1], "rotation": 180, "texture": "#3"},
				"down": {"uv": [0, 0, 0, 1], "texture": "#3"}
			}
		},
		{
			"from": [8, 5, 14],
			"to": [8, 6, 16],
			"rotation": {"angle": 22.5, "axis": "x", "origin": [8, 5.40433, 14.98097]},
			"faces": {
				"north": {"uv": [0, 0, 0, 1], "texture": "#3"},
				"east": {"uv": [4, 2, 6, 3], "texture": "#3"},
				"south": {"uv": [0, 0, 0, 1], "texture": "#3"},
				"west": {"uv": [4, 3, 6, 4], "texture": "#3"},
				"up": {"uv": [0, 2, 0, 0], "texture": "#3"},
				"down": {"uv": [0, 0, 0, 2], "texture": "#3"}
			}
		},
		{
			"from": [8, 4.80866, 14],
			"to": [8, 5.80866, 16],
			"rotation": {"angle": 45, "axis": "x", "origin": [8, 5.40433, 14.98097]},
			"faces": {
				"north": {"uv": [0, 0, 0, 1], "texture": "#3"},
				"east": {"uv": [4, 4, 6, 5], "texture": "#3"},
				"south": {"uv": [0, 0, 0, 1], "texture": "#3"},
				"west": {"uv": [0, 5, 2, 6], "texture": "#3"},
				"up": {"uv": [0, 2, 0, 0], "texture": "#3"},
				"down": {"uv": [0, 0, 0, 2], "texture": "#3"}
			}
		},
		{
			"from": [8, -14.25, 11],
			"to": [8, -13.25, 13],
			"rotation": {"angle": 22.5, "axis": "x", "origin": [8, -13.75, 11.5]},
			"faces": {
				"north": {"uv": [0, 0, 0, 1], "texture": "#3"},
				"east": {"uv": [0, 6, 2, 7], "texture": "#3"},
				"south": {"uv": [0, 0, 0, 1], "texture": "#3"},
				"west": {"uv": [6, 0, 8, 1], "texture": "#3"},
				"up": {"uv": [0, 2, 0, 0], "texture": "#3"},
				"down": {"uv": [0, 0, 0, 2], "texture": "#3"}
			}
		},
		{
			"from": [8, -14.25, 11],
			"to": [8, -13.25, 13],
			"rotation": {"angle": 0, "axis": "y", "origin": [8, -13.75, 11.5]},
			"faces": {
				"north": {"uv": [0, 0, 0, 1], "texture": "#3"},
				"east": {"uv": [6, 2, 8, 3], "texture": "#3"},
				"south": {"uv": [0, 0, 0, 1], "texture": "#3"},
				"west": {"uv": [6, 3, 8, 4], "texture": "#3"},
				"up": {"uv": [0, 2, 0, 0], "texture": "#3"},
				"down": {"uv": [0, 0, 0, 2], "texture": "#3"}
			}
		}
	],
	"gui_light": "front",
	"display": {
		"thirdperson_righthand": {
			"translation": [0, 4.75, 1.5],
			"scale": [0.5, 0.5, 0.5]
		},
		"thirdperson_lefthand": {
			"translation": [0, 4.75, 1.5],
			"scale": [0.5, 0.5, 0.5]
		},
		"firstperson_righthand": {
			"rotation": [-10, 5, 0],
			"translation": [4, 4.75, -2.25],
			"scale": [0.6, 0.6, 0.6]
		},
		"firstperson_lefthand": {
			"rotation": [-10, 5, 0],
			"translation": [4, 4.75, -2.25],
			"scale": [0.6, 0.6, 0.6]
		},
		"ground": {
			"rotation": [-45, 0, 0],
			"translation": [0, 8.25, 0.25],
			"scale": [0.5, 0.5, 0.5]
		},
		"gui": {
			"rotation": [-90, -45, -90],
			"translation": [0.25, 0, 0],
			"scale": [0.4, 0.4, 0.4]
		},
		"fixed": {
			"rotation": [-90, 45, 90],
			"translation": [-0.25, 0.25, -0.5],
			"scale": [0.5, 0.5, 0.5]
		}
	},
	"groups": [
		{
			"name": "group",
			"origin": [7, 5.51805, -8.13787],
			"color": 0,
			"children": [
				{
					"name": "left",
					"origin": [0, 2, -1],
					"color": 0,
					"children": [0, 1]
				},
				{
					"name": "right",
					"origin": [0, 2, -1],
					"color": 0,
					"children": [2, 3]
				},
				4,
				5,
				6,
				7
			]
		},
		{
			"name": "group",
			"origin": [8, 8.22626, 1.84201],
			"color": 0,
			"children": [
				8,
				9,
				10,
				11,
				{
					"name": "group",
					"origin": [8, 9.15894, 1.21814],
					"color": 0,
					"children": [
						{
							"name": "group",
							"origin": [8, 1.88329, 8.31176],
							"color": 0,
							"children": [12, 13, 14]
						},
						{
							"name": "group",
							"origin": [8, 1.88329, 8.31176],
							"color": 0,
							"children": [15, 16, 17]
						}
					]
				}
			]
		},
		{
			"name": "group",
			"origin": [8, -5, 8],
			"color": 0,
			"children": [18, 19, 20]
		},
		{
			"name": "down",
			"origin": [0, 8, -6],
			"color": 0,
			"children": [21, 22, 23]
		},
		24,
		25,
		{
			"name": "leave-1",
			"origin": [0, 0.5, 0.5],
			"color": 0,
			"children": [26, 27]
		},
		{
			"name": "leave-2",
			"origin": [0, 0.5, 0.5],
			"color": 0,
			"children": [28, 29]
		},
		{
			"name": "leave-3",
			"origin": [0, 0.5, 0.5],
			"color": 0,
			"children": [30, 31]
		}
	]
}