{
	"credit": "Made with Blockbench",
	"texture_size": [64, 64],
	"textures": {
		"1": "color/black_sword",
		"2": "color/black_vfx"
	},
	"elements": [
		{
			"from": [7.5, 0.5, 5.5],
			"to": [8.5, 2, 10.5],
			"rotation": {"angle": 0, "axis": "y", "origin": [4, 1, 12.5]},
			"faces": {
				"north": {"uv": [7.5, 5, 8, 5.75], "texture": "#1"},
				"east": {"uv": [4.5, 4.75, 7, 5.5], "texture": "#1"},
				"south": {"uv": [5.5, 7.5, 6, 8.25], "texture": "#1"},
				"west": {"uv": [5.25, 0, 7.75, 0.75], "texture": "#1"},
				"up": {"uv": [4, 7.5, 3.5, 5], "texture": "#1"},
				"down": {"uv": [4.5, 5, 4, 7.5], "texture": "#1"}
			}
		},
		{
			"from": [7.75, -7, 6],
			"to": [8.25, -6, 10],
			"rotation": {"angle": 0, "axis": "y", "origin": [4, 0.5, 12.5]},
			"faces": {
				"north": {"uv": [8.25, 0.5, 8.5, 1], "texture": "#1"},
				"east": {"uv": [6.25, 4, 8.25, 4.5], "texture": "#1"},
				"south": {"uv": [8.25, 1, 8.5, 1.5], "texture": "#1"},
				"west": {"uv": [7, 4.5, 9, 5], "texture": "#1"},
				"up": {"uv": [3.75, 9.5, 3.5, 7.5], "texture": "#1"},
				"down": {"uv": [4, 7.5, 3.75, 9.5], "texture": "#1"}
			}
		},
		{
			"from": [7.75, -8, 7.5],
			"to": [8.25, -6, 8.5],
			"rotation": {"angle": 0, "axis": "y", "origin": [4, 1.5, 12.5]},
			"faces": {
				"north": {"uv": [2.75, 7.75, 3, 8.75], "texture": "#1"},
				"east": {"uv": [7.5, 0.75, 8, 1.75], "texture": "#1"},
				"south": {"uv": [3, 7.75, 3.25, 8.75], "texture": "#1"},
				"west": {"uv": [4, 7.5, 4.5, 8.5], "texture": "#1"},
				"up": {"uv": [8.5, 2, 8.25, 1.5], "texture": "#1"},
				"down": {"uv": [8.5, 2, 8.25, 2.5], "texture": "#1"}
			}
		},
		{
			"from": [7.7505, -6.92338, 9.61782],
			"to": [8.2495, -5.42438, 10.11682],
			"rotation": {"angle": 22.5, "axis": "x", "origin": [8, -6.92388, 9.61732]},
			"faces": {
				"north": {"uv": [5.25, 7.75, 5.5, 8.5], "texture": "#1"},
				"east": {"uv": [7.75, 5.75, 8, 6.5], "texture": "#1"},
				"south": {"uv": [7.75, 6.5, 8, 7.25], "texture": "#1"},
				"west": {"uv": [7.75, 7.25, 8, 8], "texture": "#1"},
				"up": {"uv": [5.5, 4.75, 5.25, 4.5], "texture": "#1"},
				"down": {"uv": [5.75, 4.5, 5.5, 4.75], "texture": "#1"}
			}
		},
		{
			"from": [7.7505, -6.92338, 5.88318],
			"to": [8.2495, -5.42438, 6.38218],
			"rotation": {"angle": -22.5, "axis": "x", "origin": [8, -6.92388, 6.38268]},
			"faces": {
				"north": {"uv": [8, 0.5, 8.25, 1.25], "texture": "#1"},
				"east": {"uv": [8, 5, 8.25, 5.75], "texture": "#1"},
				"south": {"uv": [8, 5.75, 8.25, 6.5], "texture": "#1"},
				"west": {"uv": [8, 6.5, 8.25, 7.25], "texture": "#1"},
				"up": {"uv": [6, 4.75, 5.75, 4.5], "texture": "#1"},
				"down": {"uv": [6.25, 4.5, 6, 4.75], "texture": "#1"}
			}
		},
		{
			"from": [7.75, -1.40165, 9.09099],
			"to": [8.25, 0.09835, 11.09099],
			"rotation": {"angle": 45, "axis": "x", "origin": [8, -0.65165, 12.09099]},
			"faces": {
				"north": {"uv": [3.25, 7.75, 3.5, 8.5], "texture": "#1"},
				"east": {"uv": [5.5, 6.75, 6.5, 7.5], "texture": "#1"},
				"south": {"uv": [4.5, 7.75, 4.75, 8.5], "texture": "#1"},
				"west": {"uv": [7.25, 1.75, 8.25, 2.5], "texture": "#1"},
				"up": {"uv": [6.5, 8.5, 6.25, 7.5], "texture": "#1"},
				"down": {"uv": [6.75, 7.5, 6.5, 8.5], "texture": "#1"}
			}
		},
		{
			"from": [7.75, -2.40165, 10.09099],
			"to": [8.25, -1.40165, 11.09099],
			"rotation": {"angle": 45, "axis": "x", "origin": [8, -0.65165, 12.09099]},
			"faces": {
				"north": {"uv": [2.75, 4.5, 3, 5], "texture": "#1"},
				"east": {"uv": [2.25, 4.5, 2.75, 5], "texture": "#1"},
				"south": {"uv": [8, 1.25, 8.25, 1.75], "texture": "#1"},
				"west": {"uv": [7, 5, 7.5, 5.5], "texture": "#1"},
				"up": {"uv": [7.5, 8.5, 7.25, 8], "texture": "#1"},
				"down": {"uv": [8.25, 7.25, 8, 7.75], "texture": "#1"}
			}
		},
		{
			"from": [7.75, -2.40165, 4.90901],
			"to": [8.25, -1.40165, 5.90901],
			"rotation": {"angle": -45, "axis": "x", "origin": [8, -0.65165, 3.90901]},
			"faces": {
				"north": {"uv": [7.5, 8, 7.75, 8.5], "texture": "#1"},
				"east": {"uv": [7.25, 7.5, 7.75, 8], "texture": "#1"},
				"south": {"uv": [7.75, 8, 8, 8.5], "texture": "#1"},
				"west": {"uv": [7.75, 0, 8.25, 0.5], "texture": "#1"},
				"up": {"uv": [8.25, 8.25, 8, 7.75], "texture": "#1"},
				"down": {"uv": [8.5, 0, 8.25, 0.5], "texture": "#1"}
			}
		},
		{
			"from": [7.75, -1.40165, 4.90901],
			"to": [8.25, 0.09835, 6.90901],
			"rotation": {"angle": -45, "axis": "x", "origin": [8, -0.65165, 3.90901]},
			"faces": {
				"north": {"uv": [4.75, 7.75, 5, 8.5], "texture": "#1"},
				"east": {"uv": [7.25, 2.5, 8.25, 3.25], "texture": "#1"},
				"south": {"uv": [5, 7.75, 5.25, 8.5], "texture": "#1"},
				"west": {"uv": [7.25, 3.25, 8.25, 4], "texture": "#1"},
				"up": {"uv": [7, 8.5, 6.75, 7.5], "texture": "#1"},
				"down": {"uv": [7.25, 7.5, 7, 8.5], "texture": "#1"}
			}
		},
		{
			"from": [7.75, 2, 6.5],
			"to": [8.25, 11, 9.5],
			"rotation": {"angle": 0, "axis": "y", "origin": [4, 1, 12.5]},
			"faces": {
				"north": {"uv": [2.25, 6.25, 2.5, 10.75], "texture": "#1"},
				"east": {"uv": [0, 0, 1.5, 4.5], "texture": "#1"},
				"south": {"uv": [2.5, 6.25, 2.75, 10.75], "texture": "#1"},
				"west": {"uv": [1.5, 0, 3, 4.5], "texture": "#1"},
				"up": {"uv": [7.75, 7.25, 7.5, 5.75], "texture": "#1"},
				"down": {"uv": [6.25, 7.5, 6, 9], "texture": "#1"}
			}
		},
		{
			"from": [7, 0.05, 5.3],
			"to": [9, 2.55, 7.8],
			"rotation": {"angle": -45, "axis": "x", "origin": [8, 2.75, 8]},
			"faces": {
				"north": {"uv": [5.25, 2, 6.25, 3.25], "texture": "#1"},
				"east": {"uv": [2.25, 5, 3.5, 6.25], "texture": "#1"},
				"south": {"uv": [5.25, 3.25, 6.25, 4.5], "texture": "#1"},
				"west": {"uv": [5.25, 0.75, 6.5, 2], "texture": "#1"},
				"up": {"uv": [5.5, 6.75, 4.5, 5.5], "texture": "#1"},
				"down": {"uv": [6.5, 5.5, 5.5, 6.75], "texture": "#1"}
			}
		},
		{
			"from": [8.025, 11, 6.5],
			"to": [8.025, 16, 9.5],
			"rotation": {"angle": 0, "axis": "y", "origin": [4, 1, 12.5]},
			"faces": {
				"north": {"uv": [0, 0, 0, 2.5], "texture": "#1"},
				"east": {"uv": [3, 0, 4.5, 2.5], "texture": "#1"},
				"south": {"uv": [0, 0, 0, 2.5], "texture": "#1"},
				"west": {"uv": [3, 2.5, 4.5, 5], "texture": "#1"},
				"up": {"uv": [0, 1.5, 0, 0], "texture": "#1"},
				"down": {"uv": [0, 0, 0, 1.5], "texture": "#1"}
			}
		},
		{
			"from": [7.975, 11, 6.5],
			"to": [7.975, 16, 9.5],
			"rotation": {"angle": 0, "axis": "y", "origin": [4, 1, 12.5]},
			"faces": {
				"north": {"uv": [0, 0, 0, 2.5], "texture": "#1"},
				"east": {"uv": [3, 0, 4.5, 2.5], "texture": "#1"},
				"south": {"uv": [0, 0, 0, 2.5], "texture": "#1"},
				"west": {"uv": [3, 2.5, 4.5, 5], "texture": "#1"},
				"up": {"uv": [0, 1.5, 0, 0], "texture": "#1"},
				"down": {"uv": [0, 0, 0, 1.5], "texture": "#1"}
			}
		},
		{
			"from": [8, 2, 0],
			"to": [8, 18, 16],
			"rotation": {"angle": 0, "axis": "y", "origin": [4, 1, 12.5]},
			"faces": {
				"north": {"uv": [0, 0, 0, 8], "texture": "#2"},
				"east": {"uv": [16, 0, 0, 16], "texture": "#2"},
				"south": {"uv": [0, 0, 0, 8], "texture": "#2"},
				"west": {"uv": [0, 0, 16, 16], "texture": "#2"},
				"up": {"uv": [0, 8, 0, 0], "texture": "#2"},
				"down": {"uv": [0, 0, 0, 8], "texture": "#2"}
			}
		},
		{
			"from": [7, -7.5, 7.25],
			"to": [9, -5.5, 9.25],
			"rotation": {"angle": -45, "axis": "x", "origin": [8, -6.75, 8]},
			"faces": {
				"north": {"uv": [6.25, 2, 7.25, 3], "texture": "#1"},
				"east": {"uv": [6.25, 3, 7.25, 4], "texture": "#1"},
				"south": {"uv": [6.5, 0.75, 7.5, 1.75], "texture": "#1"},
				"west": {"uv": [6.5, 5.5, 7.5, 6.5], "texture": "#1"},
				"up": {"uv": [7.5, 7.5, 6.5, 6.5], "texture": "#1"},
				"down": {"uv": [5.5, 6.75, 4.5, 7.75], "texture": "#1"}
			}
		},
		{
			"from": [7.25, -6, 7.25],
			"to": [8.75, 3.5, 8.75],
			"rotation": {"angle": 0, "axis": "y", "origin": [4, 0.5, 12]},
			"faces": {
				"north": {"uv": [0, 4.5, 0.75, 9.25], "texture": "#1"},
				"east": {"uv": [4.5, 0, 5.25, 4.75], "texture": "#1"},
				"south": {"uv": [0.75, 4.5, 1.5, 9.25], "texture": "#1"},
				"west": {"uv": [1.5, 4.5, 2.25, 9.25], "texture": "#1"},
				"up": {"uv": [3.5, 7, 2.75, 6.25], "texture": "#1"},
				"down": {"uv": [3.5, 7, 2.75, 7.75], "texture": "#1"}
			}
		}
	],
	"gui_light": "front",
	"display": {
		"thirdperson_righthand": {
			"translation": [0, 9, 1.5]
		},
		"thirdperson_lefthand": {
			"translation": [0, 9, 1.5]
		},
		"firstperson_righthand": {
			"rotation": [-12, 4, 0],
			"translation": [8.5, 9.5, -6.75],
			"scale": [1.4, 1.4, 1.4]
		},
		"firstperson_lefthand": {
			"rotation": [-12, 4, 0],
			"translation": [8.5, 9.5, -6.75],
			"scale": [1.4, 1.4, 1.4]
		},
		"ground": {
			"rotation": [45, 0, 0],
			"translation": [0, 9.75, 1.75],
			"scale": [0.9, 0.9, 0.9]
		},
		"gui": {
			"rotation": [-90, 135, 90],
			"translation": [1, 1.25, 0],
			"scale": [0.7, 0.7, 0.7]
		},
		"fixed": {
			"rotation": [90, -45, 90],
			"translation": [-1.25, 1.25, -0.5],
			"scale": [0.85, 0.85, 0.85]
		}
	},
	"groups": [
		{
			"name": "group",
			"origin": [7, 5.51805, -8.13787],
			"color": 0,
			"children": [
				{
					"name": "left",
					"origin": [0, 2, -1],
					"color": 0,
					"children": []
				},
				{
					"name": "right",
					"origin": [0, 2, -1],
					"color": 0,
					"children": []
				},
				0,
				1,
				2,
				3,
				4,
				5,
				6,
				7,
				8,
				9,
				10,
				{
					"name": "group",
					"origin": [0, 2, 17],
					"color": 0,
					"children": [11, 12]
				},
				13
			]
		},
		{
			"name": "group",
			"origin": [8, -5, 8],
			"color": 0,
			"children": [14, 15]
		},
		{
			"name": "down",
			"origin": [0, 8, -6],
			"color": 0,
			"children": []
		}
	]
}