{
	"credit": "Made with Blockbench",
	"texture_size": [32, 32],
	"textures": {
		"1": "item/sakura_story/ruined_king/3d/ruined_king_vfx",
		"2": "item/sakura_story/ruined_king/3d/ruined_king_magic",
		"3": "item/sakura_story/ruined_king/3d/ruined_king_vfx_small",
		"4": "item/sakura_story/ruined_king/3d/bow",
		"5": "item/sakura_story/ruined_king/3d/bow_string"
	},
	"elements": [
		{
			"from": [7.75, 11.33038, 8.96783],
			"to": [8.25, 13.83038, 9.46783],
			"rotation": {"angle": 45, "axis": "x", "origin": [8, 13.22914, 9.17709]},
			"faces": {
				"north": {"uv": [10, 12.4, 10.2, 13.4], "texture": "#4"},
				"east": {"uv": [9.8, 12.4, 10, 13.4], "texture": "#4"},
				"south": {"uv": [10.4, 12.4, 10.6, 13.4], "texture": "#4"},
				"west": {"uv": [10.2, 12.4, 10.4, 13.4], "texture": "#4"},
				"up": {"uv": [10.2, 12.4, 10, 12.2], "texture": "#4"},
				"down": {"uv": [10.4, 12.2, 10.2, 12.4], "texture": "#4"}
			}
		},
		{
			"from": [7.75, 11.36366, 7.21908],
			"to": [8.25, 11.86366, 8.71908],
			"rotation": {"angle": 22.5, "axis": "x", "origin": [8, 13.22914, 9.17709]},
			"faces": {
				"north": {"uv": [5.2, 1.8, 5.4, 2], "texture": "#4"},
				"east": {"uv": [4.6, 1.8, 5.2, 2], "texture": "#4"},
				"south": {"uv": [6, 1.8, 6.2, 2], "texture": "#4"},
				"west": {"uv": [5.4, 1.8, 6, 2], "texture": "#4"},
				"up": {"uv": [5.4, 1.8, 5.2, 1.2], "texture": "#4"},
				"down": {"uv": [5.6, 1.2, 5.4, 1.8], "texture": "#4"}
			}
		},
		{
			"from": [7.75, 12.80225, 8.95427],
			"to": [8.25, 13.30225, 10.45427],
			"rotation": {"angle": 0, "axis": "y", "origin": [8, 12.52203, 8.46999]},
			"faces": {
				"north": {"uv": [2.6, 3.6, 2.8, 3.8], "texture": "#4"},
				"east": {"uv": [2, 3.6, 2.6, 3.8], "texture": "#4"},
				"south": {"uv": [3.4, 3.6, 3.6, 3.8], "texture": "#4"},
				"west": {"uv": [2.8, 3.6, 3.4, 3.8], "texture": "#4"},
				"up": {"uv": [2.8, 3.6, 2.6, 3], "texture": "#4"},
				"down": {"uv": [3, 3, 2.8, 3.6], "texture": "#4"}
			}
		},
		{
			"from": [7.75, 13.13655, 3.74301],
			"to": [8.25, 14.63655, 4.24301],
			"rotation": {"angle": 22.5, "axis": "x", "origin": [8, 13.44091, 4.44216]},
			"faces": {
				"north": {"uv": [5.4, 9, 5.6, 9.6], "texture": "#4"},
				"east": {"uv": [5.2, 9, 5.4, 9.6], "texture": "#4"},
				"south": {"uv": [5.8, 9, 6, 9.6], "texture": "#4"},
				"west": {"uv": [5.6, 9, 5.8, 9.6], "texture": "#4"},
				"up": {"uv": [5.6, 9, 5.4, 8.8], "texture": "#4"},
				"down": {"uv": [5.8, 8.8, 5.6, 9], "texture": "#4"}
			}
		},
		{
			"from": [7.75, 12.502, 3.62382],
			"to": [8.25, 14.002, 4.12382],
			"rotation": {"angle": -22.5, "axis": "x", "origin": [8, 13.85522, 5.09645]},
			"faces": {
				"north": {"uv": [8.4, 8, 8.6, 8.6], "texture": "#4"},
				"east": {"uv": [8.2, 8, 8.4, 8.6], "texture": "#4"},
				"south": {"uv": [8.8, 8, 9, 8.6], "texture": "#4"},
				"west": {"uv": [8.6, 8, 8.8, 8.6], "texture": "#4"},
				"up": {"uv": [8.6, 8, 8.4, 7.8], "texture": "#4"},
				"down": {"uv": [8.8, 7.8, 8.6, 8], "texture": "#4"}
			}
		},
		{
			"from": [7.75, 14.00739, 3.49196],
			"to": [8.25, 15.50739, 3.99196],
			"rotation": {"angle": 45, "axis": "x", "origin": [8, 13.44091, 4.44216]},
			"faces": {
				"north": {"uv": [8.2, 5.6, 8.4, 6.2], "texture": "#4"},
				"east": {"uv": [8, 5.6, 8.2, 6.2], "texture": "#4"},
				"south": {"uv": [8.6, 5.6, 8.8, 6.2], "texture": "#4"},
				"west": {"uv": [8.4, 5.6, 8.6, 6.2], "texture": "#4"},
				"up": {"uv": [8.4, 5.6, 8.2, 5.4], "texture": "#4"},
				"down": {"uv": [8.6, 5.4, 8.4, 5.6], "texture": "#4"}
			}
		},
		{
			"from": [7.75, 14.42718, 4.43967],
			"to": [8.25, 15.42718, 4.93967],
			"rotation": {"angle": -22.5, "axis": "x", "origin": [8, 13.44091, 4.44216]},
			"faces": {
				"north": {"uv": [4.6, 7.6, 4.8, 8], "texture": "#4"},
				"east": {"uv": [4.4, 7.6, 4.6, 8], "texture": "#4"},
				"south": {"uv": [5, 7.6, 5.2, 8], "texture": "#4"},
				"west": {"uv": [4.8, 7.6, 5, 8], "texture": "#4"},
				"up": {"uv": [4.8, 7.6, 4.6, 7.4], "texture": "#4"},
				"down": {"uv": [5, 7.4, 4.8, 7.6], "texture": "#4"}
			}
		},
		{
			"from": [7.5, 8.67997, 5.59528],
			"to": [8.5, 10.67997, 7.59528],
			"rotation": {"angle": -22.5, "axis": "x", "origin": [8, 9.55497, 8.34528]},
			"faces": {
				"north": {"uv": [10.8, 11.2, 11.2, 12], "texture": "#4"},
				"east": {"uv": [10, 11.2, 10.8, 12], "texture": "#4"},
				"south": {"uv": [12, 11.2, 12.4, 12], "texture": "#4"},
				"west": {"uv": [11.2, 11.2, 12, 12], "texture": "#4"},
				"up": {"uv": [11.2, 11.2, 10.8, 10.4], "texture": "#4"},
				"down": {"uv": [11.6, 10.4, 11.2, 11.2], "texture": "#4"}
			}
		},
		{
			"from": [7.5, 9.87425, 5.70092],
			"to": [8.5, 15.37425, 7.70092],
			"rotation": {"angle": 45, "axis": "x", "origin": [8, 13.37425, 6.70092]},
			"faces": {
				"north": {"uv": [0.8, 8.2, 1.2, 10.4], "texture": "#4"},
				"east": {"uv": [0, 8.2, 0.8, 10.4], "texture": "#4"},
				"south": {"uv": [2, 8.2, 2.4, 10.4], "texture": "#4"},
				"west": {"uv": [1.2, 8.2, 2, 10.4], "texture": "#4"},
				"up": {"uv": [1.2, 8.2, 0.8, 7.4], "texture": "#4"},
				"down": {"uv": [1.6, 7.4, 1.2, 8.2], "texture": "#4"}
			}
		},
		{
			"from": [7.75, 10.67997, 5.84528],
			"to": [8.25, 13.67997, 7.34528],
			"rotation": {"angle": -22.5, "axis": "x", "origin": [8, 9.55497, 8.34528]},
			"faces": {
				"north": {"uv": [0.6, 5, 0.8, 6.2], "texture": "#4"},
				"east": {"uv": [0, 5, 0.6, 6.2], "texture": "#4"},
				"south": {"uv": [1.4, 5, 1.6, 6.2], "texture": "#4"},
				"west": {"uv": [0.8, 5, 1.4, 6.2], "texture": "#4"},
				"up": {"uv": [0.8, 5, 0.6, 4.4], "texture": "#4"},
				"down": {"uv": [1, 4.4, 0.8, 5], "texture": "#4"}
			}
		},
		{
			"from": [7.75, 15.37425, 5.95092],
			"to": [8.25, 20.87425, 7.45092],
			"rotation": {"angle": 45, "axis": "x", "origin": [8, 13.37425, 6.70092]},
			"faces": {
				"north": {"uv": [0.6, 11.2, 0.8, 13.4], "texture": "#4"},
				"east": {"uv": [0, 11.2, 0.6, 13.4], "texture": "#4"},
				"south": {"uv": [1.4, 11.2, 1.6, 13.4], "texture": "#4"},
				"west": {"uv": [0.8, 11.2, 1.4, 13.4], "texture": "#4"},
				"up": {"uv": [0.8, 11.2, 0.6, 10.6], "texture": "#4"},
				"down": {"uv": [1, 10.6, 0.8, 11.2], "texture": "#4"}
			}
		},
		{
			"from": [8, 20.87425, 5.95092],
			"to": [8, 22.37425, 7.45092],
			"rotation": {"angle": 45, "axis": "x", "origin": [8, 13.37425, 6.70092]},
			"faces": {
				"north": {"uv": [3.2, 0.6, 3.2, 1.2], "texture": "#4"},
				"east": {"uv": [2.6, 0.6, 3.2, 1.2], "texture": "#4"},
				"south": {"uv": [3.8, 0.6, 3.8, 1.2], "texture": "#4"},
				"west": {"uv": [3.2, 0.6, 3.8, 1.2], "texture": "#4"},
				"up": {"uv": [3.2, 0.6, 3.2, 0], "texture": "#4"},
				"down": {"uv": [3.2, 0, 3.2, 0.6], "texture": "#4"}
			}
		},
		{
			"name": "out",
			"from": [7.5, 15.37425, 5.70092],
			"to": [8.5, 16.87425, 7.70092],
			"rotation": {"angle": 45, "axis": "x", "origin": [8, 13.37425, 6.70092]},
			"faces": {
				"north": {"uv": [4.4, 12, 4.8, 12.6], "texture": "#4"},
				"east": {"uv": [3.6, 12, 4.4, 12.6], "texture": "#4"},
				"south": {"uv": [5.6, 12, 6, 12.6], "texture": "#4"},
				"west": {"uv": [4.8, 12, 5.6, 12.6], "texture": "#4"},
				"up": {"uv": [4.8, 12, 4.4, 11.2], "texture": "#4"},
				"down": {"uv": [5.2, 11.2, 4.8, 12], "texture": "#4"}
			}
		},
		{
			"name": "in",
			"from": [8.5, 15.37425, 5.70092],
			"to": [7.5, 16.87425, 7.70092],
			"rotation": {"angle": 45, "axis": "x", "origin": [8, 13.37425, 6.70092]},
			"faces": {
				"north": {"uv": [4.8, 12, 4.4, 12.6], "texture": "#4"},
				"east": {"uv": [3.6, 12, 4.4, 12.6], "texture": "#4"},
				"south": {"uv": [6, 12, 5.6, 12.6], "texture": "#4"},
				"west": {"uv": [4.8, 12, 5.6, 12.6], "texture": "#4"},
				"up": {"uv": [4.8, 12, 4.4, 11.2], "texture": "#4"},
				"down": {"uv": [5.2, 11.2, 4.8, 12], "texture": "#4"}
			}
		},
		{
			"name": "out",
			"from": [7.5, 8.37425, 5.70092],
			"to": [8.5, 9.87425, 7.70092],
			"rotation": {"angle": 45, "axis": "x", "origin": [8, 13.37425, 6.70092]},
			"faces": {
				"north": {"uv": [7, 12, 7.4, 12.6], "texture": "#4"},
				"east": {"uv": [6.2, 12, 7, 12.6], "texture": "#4"},
				"south": {"uv": [8.2, 12, 8.6, 12.6], "texture": "#4"},
				"west": {"uv": [7.4, 12, 8.2, 12.6], "texture": "#4"},
				"up": {"uv": [7.4, 12, 7, 11.2], "texture": "#4"},
				"down": {"uv": [7.8, 11.2, 7.4, 12], "texture": "#4"}
			}
		},
		{
			"name": "in",
			"from": [8.5, 8.37425, 5.70092],
			"to": [7.5, 9.87425, 7.70092],
			"rotation": {"angle": 45, "axis": "x", "origin": [8, 13.37425, 6.70092]},
			"faces": {
				"north": {"uv": [7.4, 12, 7, 12.6], "texture": "#4"},
				"east": {"uv": [6.2, 12, 7, 12.6], "texture": "#4"},
				"south": {"uv": [8.6, 12, 8.2, 12.6], "texture": "#4"},
				"west": {"uv": [7.4, 12, 8.2, 12.6], "texture": "#4"},
				"up": {"uv": [7.4, 12, 7, 11.2], "texture": "#4"},
				"down": {"uv": [7.8, 11.2, 7.4, 12], "texture": "#4"}
			}
		},
		{
			"name": "out",
			"from": [7.5, 6.25902, 2.43107],
			"to": [8.5, 7.75902, 3.43107],
			"rotation": {"angle": 0, "axis": "y", "origin": [4, 6.75902, 2.43107]},
			"faces": {
				"north": {"uv": [12.2, 0.4, 12.6, 1], "texture": "#4"},
				"east": {"uv": [11.8, 0.4, 12.2, 1], "texture": "#4"},
				"south": {"uv": [13, 0.4, 13.4, 1], "texture": "#4"},
				"west": {"uv": [12.6, 0.4, 13, 1], "texture": "#4"},
				"up": {"uv": [12.6, 0.4, 12.2, 0], "texture": "#4"},
				"down": {"uv": [13, 0, 12.6, 0.4], "texture": "#4"}
			}
		},
		{
			"name": "in",
			"from": [8.5, 6.25902, 2.43107],
			"to": [7.5, 7.75902, 3.43107],
			"rotation": {"angle": 0, "axis": "y", "origin": [4, 6.75902, 2.43107]},
			"faces": {
				"north": {"uv": [12.2, 0.4, 12.6, 1], "texture": "#4"},
				"east": {"uv": [11.8, 0.4, 12.2, 1], "texture": "#4"},
				"south": {"uv": [13, 0.4, 13.4, 1], "texture": "#4"},
				"west": {"uv": [12.6, 0.4, 13, 1], "texture": "#4"},
				"up": {"uv": [12.2, 0.4, 12.6, 0], "texture": "#4"},
				"down": {"uv": [12.6, 0, 13, 0.4], "texture": "#4"}
			}
		},
		{
			"name": "out",
			"from": [7.5, 6.25902, 8.93107],
			"to": [8.5, 7.75902, 9.93107],
			"rotation": {"angle": 0, "axis": "y", "origin": [4, 6.75902, 2.43107]},
			"faces": {
				"north": {"uv": [5, 0.4, 5.4, 1], "texture": "#4"},
				"east": {"uv": [4.6, 0.4, 5, 1], "texture": "#4"},
				"south": {"uv": [5.8, 0.4, 6.2, 1], "texture": "#4"},
				"west": {"uv": [5.4, 0.4, 5.8, 1], "texture": "#4"},
				"up": {"uv": [5.4, 0.4, 5, 0], "texture": "#4"},
				"down": {"uv": [5.8, 0, 5.4, 0.4], "texture": "#4"}
			}
		},
		{
			"name": "in",
			"from": [8.5, 6.25902, 8.93107],
			"to": [7.5, 7.75902, 9.93107],
			"rotation": {"angle": 0, "axis": "y", "origin": [4, 6.75902, 2.43107]},
			"faces": {
				"north": {"uv": [5, 0.4, 5.4, 1], "texture": "#4"},
				"east": {"uv": [4.6, 0.4, 5, 1], "texture": "#4"},
				"south": {"uv": [5.8, 0.4, 6.2, 1], "texture": "#4"},
				"west": {"uv": [5.4, 0.4, 5.8, 1], "texture": "#4"},
				"up": {"uv": [5, 0.4, 5.4, 0], "texture": "#4"},
				"down": {"uv": [5.4, 0, 5.8, 0.4], "texture": "#4"}
			}
		},
		{
			"from": [7.5, 6.25902, 3.43107],
			"to": [8.5, 7.75902, 8.93107],
			"rotation": {"angle": 0, "axis": "y", "origin": [4, 6.75902, 2.43107]},
			"faces": {
				"north": {"uv": [2.2, 6.6, 2.6, 7.2], "texture": "#4"},
				"east": {"uv": [0, 6.6, 2.2, 7.2], "texture": "#4"},
				"south": {"uv": [4.8, 6.6, 5.2, 7.2], "texture": "#4"},
				"west": {"uv": [2.6, 6.6, 4.8, 7.2], "texture": "#4"},
				"up": {"uv": [2.6, 6.6, 2.2, 4.4], "texture": "#4"},
				"down": {"uv": [3, 4.4, 2.6, 6.6], "texture": "#4"}
			}
		},
		{
			"from": [7, 4.75902, 0.18107],
			"to": [9, 6.75902, 2.18107],
			"rotation": {"angle": 45, "axis": "x", "origin": [8, 0.00902, 6.93107]},
			"faces": {
				"north": {"uv": [8.6, 0.8, 9.4, 1.6], "texture": "#4"},
				"east": {"uv": [7.8, 0.8, 8.6, 1.6], "texture": "#4"},
				"south": {"uv": [10.2, 0.8, 11, 1.6], "texture": "#4"},
				"west": {"uv": [9.4, 0.8, 10.2, 1.6], "texture": "#4"},
				"up": {"uv": [9.4, 0.8, 8.6, 0], "texture": "#4"},
				"down": {"uv": [10.2, 0, 9.4, 0.8], "texture": "#4"}
			}
		},
		{
			"from": [7.75, 5.80902, 7.63107],
			"to": [8.25, 8.30902, 10.13107],
			"rotation": {"angle": 45, "axis": "x", "origin": [8, 9.00902, 6.93107]},
			"faces": {
				"north": {"uv": [10.6, 8.8, 10.8, 9.8], "texture": "#4"},
				"east": {"uv": [9.6, 8.8, 10.6, 9.8], "texture": "#4"},
				"south": {"uv": [11.8, 8.8, 12, 9.8], "texture": "#4"},
				"west": {"uv": [10.8, 8.8, 11.8, 9.8], "texture": "#4"},
				"up": {"uv": [10.8, 8.8, 10.6, 7.8], "texture": "#4"},
				"down": {"uv": [11, 7.8, 10.8, 8.8], "texture": "#4"}
			}
		},
		{
			"from": [7.75, -6.81234, 8.96783],
			"to": [8.25, -3.81234, 9.46783],
			"rotation": {"angle": -45, "axis": "x", "origin": [8, -5.71109, 9.17709]},
			"faces": {
				"north": {"uv": [9, 11.4, 9.2, 12.6], "texture": "#4"},
				"east": {"uv": [8.8, 11.4, 9, 12.6], "texture": "#4"},
				"south": {"uv": [9.4, 11.4, 9.6, 12.6], "texture": "#4"},
				"west": {"uv": [9.2, 11.4, 9.4, 12.6], "texture": "#4"},
				"up": {"uv": [9.2, 11.4, 9, 11.2], "texture": "#4"},
				"down": {"uv": [9.4, 11.2, 9.2, 11.4], "texture": "#4"}
			}
		},
		{
			"from": [7.75, -4.34561, 7.21908],
			"to": [8.25, -3.84561, 8.71908],
			"rotation": {"angle": -22.5, "axis": "x", "origin": [8, -5.71109, 9.17709]},
			"faces": {
				"north": {"uv": [7, 3.6, 7.2, 3.8], "texture": "#4"},
				"east": {"uv": [6.4, 3.6, 7, 3.8], "texture": "#4"},
				"south": {"uv": [7.8, 3.6, 8, 3.8], "texture": "#4"},
				"west": {"uv": [7.2, 3.6, 7.8, 3.8], "texture": "#4"},
				"up": {"uv": [7.2, 3.6, 7, 3], "texture": "#4"},
				"down": {"uv": [7.4, 3, 7.2, 3.6], "texture": "#4"}
			}
		},
		{
			"from": [7.75, -5.28421, 8.65427],
			"to": [8.25, -4.78421, 9.65427],
			"rotation": {"angle": 0, "axis": "y", "origin": [8, -5.00399, 8.46999]},
			"faces": {
				"north": {"uv": [2.2, 7.8, 2.4, 8], "texture": "#4"},
				"east": {"uv": [1.8, 7.8, 2.2, 8], "texture": "#4"},
				"south": {"uv": [2.8, 7.8, 3, 8], "texture": "#4"},
				"west": {"uv": [2.4, 7.8, 2.8, 8], "texture": "#4"},
				"up": {"uv": [2.4, 7.8, 2.2, 7.4], "texture": "#4"},
				"down": {"uv": [2.6, 7.4, 2.4, 7.8], "texture": "#4"}
			}
		},
		{
			"from": [7.75, -6.4185, 2.99301],
			"to": [8.25, -4.9185, 3.49301],
			"rotation": {"angle": -22.5, "axis": "x", "origin": [8, -5.22287, 3.69216]},
			"faces": {
				"north": {"uv": [9.8, 5.6, 10, 6.2], "texture": "#4"},
				"east": {"uv": [9.6, 5.6, 9.8, 6.2], "texture": "#4"},
				"south": {"uv": [10.2, 5.6, 10.4, 6.2], "texture": "#4"},
				"west": {"uv": [10, 5.6, 10.2, 6.2], "texture": "#4"},
				"up": {"uv": [10, 5.6, 9.8, 5.4], "texture": "#4"},
				"down": {"uv": [10.2, 5.4, 10, 5.6], "texture": "#4"}
			}
		},
		{
			"from": [7.75, -6.29352, 2.60222],
			"to": [8.25, -4.79352, 3.10222],
			"rotation": {"angle": 45, "axis": "x", "origin": [8, -6.14675, 4.07484]},
			"faces": {
				"north": {"uv": [9.4, 8, 9.6, 8.6], "texture": "#4"},
				"east": {"uv": [9.2, 8, 9.4, 8.6], "texture": "#4"},
				"south": {"uv": [9.8, 8, 10, 8.6], "texture": "#4"},
				"west": {"uv": [9.6, 8, 9.8, 8.6], "texture": "#4"},
				"up": {"uv": [9.6, 8, 9.4, 7.8], "texture": "#4"},
				"down": {"uv": [9.8, 7.8, 9.6, 8], "texture": "#4"}
			}
		},
		{
			"from": [7.75, -6.42307, 4.00863],
			"to": [8.25, -5.92307, 5.50863],
			"rotation": {"angle": 22.5, "axis": "x", "origin": [8, -5.22287, 3.69216]},
			"faces": {
				"north": {"uv": [5.2, 3.6, 5.4, 3.8], "texture": "#4"},
				"east": {"uv": [4.6, 3.6, 5.2, 3.8], "texture": "#4"},
				"south": {"uv": [6, 3.6, 6.2, 3.8], "texture": "#4"},
				"west": {"uv": [5.4, 3.6, 6, 3.8], "texture": "#4"},
				"up": {"uv": [5.4, 3.6, 5.2, 3], "texture": "#4"},
				"down": {"uv": [5.6, 3, 5.4, 3.6], "texture": "#4"}
			}
		},
		{
			"from": [7.75, -7.20913, 3.68967],
			"to": [8.25, -6.20913, 4.18967],
			"rotation": {"angle": 22.5, "axis": "x", "origin": [8, -5.22287, 3.69216]},
			"faces": {
				"north": {"uv": [10.6, 0.2, 10.8, 0.6], "texture": "#4"},
				"east": {"uv": [10.4, 0.2, 10.6, 0.6], "texture": "#4"},
				"south": {"uv": [11, 0.2, 11.2, 0.6], "texture": "#4"},
				"west": {"uv": [10.8, 0.2, 11, 0.6], "texture": "#4"},
				"up": {"uv": [10.8, 0.2, 10.6, 0], "texture": "#4"},
				"down": {"uv": [11, 0, 10.8, 0.2], "texture": "#4"}
			}
		},
		{
			"from": [7.5, -3.16192, 5.59528],
			"to": [8.5, -1.16192, 7.59528],
			"rotation": {"angle": 22.5, "axis": "x", "origin": [8, -2.03692, 8.34528]},
			"faces": {
				"north": {"uv": [11.4, 5.4, 11.8, 6.2], "texture": "#4"},
				"east": {"uv": [10.6, 5.4, 11.4, 6.2], "texture": "#4"},
				"south": {"uv": [12.6, 5.4, 13, 6.2], "texture": "#4"},
				"west": {"uv": [11.8, 5.4, 12.6, 6.2], "texture": "#4"},
				"up": {"uv": [11.8, 5.4, 11.4, 4.6], "texture": "#4"},
				"down": {"uv": [12.2, 4.6, 11.8, 5.4], "texture": "#4"}
			}
		},
		{
			"from": [7.5, -7.8562, 5.70092],
			"to": [8.5, -2.3562, 7.70092],
			"rotation": {"angle": -45, "axis": "x", "origin": [8, -5.8562, 6.70092]},
			"faces": {
				"north": {"uv": [3.4, 8.2, 3.8, 10.4], "texture": "#4"},
				"east": {"uv": [2.6, 8.2, 3.4, 10.4], "texture": "#4"},
				"south": {"uv": [4.6, 8.2, 5, 10.4], "texture": "#4"},
				"west": {"uv": [3.8, 8.2, 4.6, 10.4], "texture": "#4"},
				"up": {"uv": [3.8, 8.2, 3.4, 7.4], "texture": "#4"},
				"down": {"uv": [4.2, 7.4, 3.8, 8.2], "texture": "#4"}
			}
		},
		{
			"from": [7.75, -6.16192, 5.84528],
			"to": [8.25, -3.16192, 7.34528],
			"rotation": {"angle": 22.5, "axis": "x", "origin": [8, -2.03692, 8.34528]},
			"faces": {
				"north": {"uv": [3.8, 5, 4, 6.2], "texture": "#4"},
				"east": {"uv": [3.2, 5, 3.8, 6.2], "texture": "#4"},
				"south": {"uv": [4.6, 5, 4.8, 6.2], "texture": "#4"},
				"west": {"uv": [4, 5, 4.6, 6.2], "texture": "#4"},
				"up": {"uv": [4, 5, 3.8, 4.4], "texture": "#4"},
				"down": {"uv": [4.2, 4.4, 4, 5], "texture": "#4"}
			}
		},
		{
			"from": [7.75, -13.3562, 5.95092],
			"to": [8.25, -7.8562, 7.45092],
			"rotation": {"angle": -45, "axis": "x", "origin": [8, -5.8562, 6.70092]},
			"faces": {
				"north": {"uv": [2.4, 11.2, 2.6, 13.4], "texture": "#4"},
				"east": {"uv": [1.8, 11.2, 2.4, 13.4], "texture": "#4"},
				"south": {"uv": [3.2, 11.2, 3.4, 13.4], "texture": "#4"},
				"west": {"uv": [2.6, 11.2, 3.2, 13.4], "texture": "#4"},
				"up": {"uv": [2.6, 11.2, 2.4, 10.6], "texture": "#4"},
				"down": {"uv": [2.8, 10.6, 2.6, 11.2], "texture": "#4"}
			}
		},
		{
			"from": [8, -14.8562, 5.95092],
			"to": [8, -13.3562, 7.45092],
			"rotation": {"angle": -45, "axis": "x", "origin": [8, -5.8562, 6.70092]},
			"faces": {
				"north": {"uv": [3.2, 2, 3.2, 2.6], "texture": "#4"},
				"east": {"uv": [2.6, 2, 3.2, 2.6], "texture": "#4"},
				"south": {"uv": [3.8, 2, 3.8, 2.6], "texture": "#4"},
				"west": {"uv": [3.2, 2, 3.8, 2.6], "texture": "#4"},
				"up": {"uv": [3.2, 2, 3.2, 1.4], "texture": "#4"},
				"down": {"uv": [3.2, 1.4, 3.2, 2], "texture": "#4"}
			}
		},
		{
			"name": "out",
			"from": [7.5, -9.3562, 5.70092],
			"to": [8.5, -7.8562, 7.70092],
			"rotation": {"angle": -45, "axis": "x", "origin": [8, -5.8562, 6.70092]},
			"faces": {
				"north": {"uv": [12, 7.2, 12.4, 7.8], "texture": "#4"},
				"east": {"uv": [11.2, 7.2, 12, 7.8], "texture": "#4"},
				"south": {"uv": [13.2, 7.2, 13.6, 7.8], "texture": "#4"},
				"west": {"uv": [12.4, 7.2, 13.2, 7.8], "texture": "#4"},
				"up": {"uv": [12.4, 7.2, 12, 6.4], "texture": "#4"},
				"down": {"uv": [12.8, 6.4, 12.4, 7.2], "texture": "#4"}
			}
		},
		{
			"name": "in",
			"from": [8.5, -9.3562, 5.70092],
			"to": [7.5, -7.8562, 7.70092],
			"rotation": {"angle": -45, "axis": "x", "origin": [8, -5.8562, 6.70092]},
			"faces": {
				"north": {"uv": [12.4, 7.2, 12, 7.8], "texture": "#4"},
				"east": {"uv": [11.2, 7.2, 12, 7.8], "texture": "#4"},
				"south": {"uv": [13.6, 7.2, 13.2, 7.8], "texture": "#4"},
				"west": {"uv": [12.4, 7.2, 13.2, 7.8], "texture": "#4"},
				"up": {"uv": [12.4, 7.2, 12, 6.4], "texture": "#4"},
				"down": {"uv": [12.8, 6.4, 12.4, 7.2], "texture": "#4"}
			}
		},
		{
			"name": "in",
			"from": [8.5, -2.3562, 5.70092],
			"to": [7.5, -0.8562, 7.70092],
			"rotation": {"angle": -45, "axis": "x", "origin": [8, -5.8562, 6.70092]},
			"faces": {
				"north": {"uv": [12.6, 3.8, 12.2, 4.4], "texture": "#4"},
				"east": {"uv": [11.4, 3.8, 12.2, 4.4], "texture": "#4"},
				"south": {"uv": [13.8, 3.8, 13.4, 4.4], "texture": "#4"},
				"west": {"uv": [12.6, 3.8, 13.4, 4.4], "texture": "#4"},
				"up": {"uv": [12.6, 3.8, 12.2, 3], "texture": "#4"},
				"down": {"uv": [13, 3, 12.6, 3.8], "texture": "#4"}
			}
		},
		{
			"name": "out",
			"from": [7.5, -2.3562, 5.70092],
			"to": [8.5, -0.8562, 7.70092],
			"rotation": {"angle": -45, "axis": "x", "origin": [8, -5.8562, 6.70092]},
			"faces": {
				"north": {"uv": [12.2, 3.8, 12.6, 4.4], "texture": "#4"},
				"east": {"uv": [11.4, 3.8, 12.2, 4.4], "texture": "#4"},
				"south": {"uv": [13.4, 3.8, 13.8, 4.4], "texture": "#4"},
				"west": {"uv": [12.6, 3.8, 13.4, 4.4], "texture": "#4"},
				"up": {"uv": [12.6, 3.8, 12.2, 3], "texture": "#4"},
				"down": {"uv": [13, 3, 12.6, 3.8], "texture": "#4"}
			}
		},
		{
			"name": "in",
			"from": [8.5, -0.24098, 2.43107],
			"to": [7.5, 1.25902, 3.43107],
			"rotation": {"angle": 0, "axis": "y", "origin": [4, 0.75902, 2.43107]},
			"faces": {
				"north": {"uv": [12.6, 8.4, 13, 9], "texture": "#4"},
				"east": {"uv": [12.2, 8.4, 12.6, 9], "texture": "#4"},
				"south": {"uv": [13.4, 8.4, 13.8, 9], "texture": "#4"},
				"west": {"uv": [13, 8.4, 13.4, 9], "texture": "#4"},
				"up": {"uv": [12.6, 8.4, 13, 8], "texture": "#4"},
				"down": {"uv": [13, 8, 13.4, 8.4], "texture": "#4"}
			}
		},
		{
			"name": "out",
			"from": [7.5, -0.24098, 2.43107],
			"to": [8.5, 1.25902, 3.43107],
			"rotation": {"angle": 0, "axis": "y", "origin": [4, 0.75902, 2.43107]},
			"faces": {
				"north": {"uv": [12.6, 8.4, 13, 9], "texture": "#4"},
				"east": {"uv": [12.2, 8.4, 12.6, 9], "texture": "#4"},
				"south": {"uv": [13.4, 8.4, 13.8, 9], "texture": "#4"},
				"west": {"uv": [13, 8.4, 13.4, 9], "texture": "#4"},
				"up": {"uv": [13, 8.4, 12.6, 8], "texture": "#4"},
				"down": {"uv": [13.4, 8, 13, 8.4], "texture": "#4"}
			}
		},
		{
			"name": "out",
			"from": [7.5, -0.24098, 8.93107],
			"to": [8.5, 1.25902, 9.93107],
			"rotation": {"angle": 0, "axis": "y", "origin": [4, 0.75902, 2.43107]},
			"faces": {
				"north": {"uv": [12.2, 10, 12.6, 10.6], "texture": "#4"},
				"east": {"uv": [11.8, 10, 12.2, 10.6], "texture": "#4"},
				"south": {"uv": [13, 10, 13.4, 10.6], "texture": "#4"},
				"west": {"uv": [12.6, 10, 13, 10.6], "texture": "#4"},
				"up": {"uv": [12.6, 10, 12.2, 9.6], "texture": "#4"},
				"down": {"uv": [13, 9.6, 12.6, 10], "texture": "#4"}
			}
		},
		{
			"name": "in",
			"from": [8.5, -0.24098, 8.93107],
			"to": [7.5, 1.25902, 9.93107],
			"rotation": {"angle": 0, "axis": "y", "origin": [4, 0.75902, 2.43107]},
			"faces": {
				"north": {"uv": [12.2, 10, 12.6, 10.6], "texture": "#4"},
				"east": {"uv": [11.8, 10, 12.2, 10.6], "texture": "#4"},
				"south": {"uv": [13, 10, 13.4, 10.6], "texture": "#4"},
				"west": {"uv": [12.6, 10, 13, 10.6], "texture": "#4"},
				"up": {"uv": [12.2, 10, 12.6, 9.6], "texture": "#4"},
				"down": {"uv": [12.6, 9.6, 13, 10], "texture": "#4"}
			}
		},
		{
			"from": [7.5, -0.24098, 3.43107],
			"to": [8.5, 1.25902, 8.93107],
			"rotation": {"angle": 0, "axis": "y", "origin": [4, 0.75902, 2.43107]},
			"faces": {
				"north": {"uv": [6.8, 2.2, 7.2, 2.8], "texture": "#4"},
				"east": {"uv": [4.6, 2.2, 6.8, 2.8], "texture": "#4"},
				"south": {"uv": [9.4, 2.2, 9.8, 2.8], "texture": "#4"},
				"west": {"uv": [7.2, 2.2, 9.4, 2.8], "texture": "#4"},
				"up": {"uv": [7.2, 2.2, 6.8, 0], "texture": "#4"},
				"down": {"uv": [7.6, 0, 7.2, 2.2], "texture": "#4"}
			}
		},
		{
			"from": [7, 0.75902, 0.18107],
			"to": [9, 2.75902, 2.18107],
			"rotation": {"angle": -45, "axis": "x", "origin": [8, 7.50902, 6.93107]},
			"faces": {
				"north": {"uv": [8.8, 4.4, 9.6, 5.2], "texture": "#4"},
				"east": {"uv": [8, 4.4, 8.8, 5.2], "texture": "#4"},
				"south": {"uv": [10.4, 4.4, 11.2, 5.2], "texture": "#4"},
				"west": {"uv": [9.6, 4.4, 10.4, 5.2], "texture": "#4"},
				"up": {"uv": [9.6, 4.4, 8.8, 3.6], "texture": "#4"},
				"down": {"uv": [10.4, 3.6, 9.6, 4.4], "texture": "#4"}
			}
		},
		{
			"from": [7.75, -0.79098, 7.63107],
			"to": [8.25, 1.70902, 10.13107],
			"rotation": {"angle": -45, "axis": "x", "origin": [8, -1.49098, 6.93107]},
			"faces": {
				"north": {"uv": [11.2, 1.8, 11.4, 2.8], "texture": "#4"},
				"east": {"uv": [10.2, 1.8, 11.2, 2.8], "texture": "#4"},
				"south": {"uv": [12.4, 1.8, 12.6, 2.8], "texture": "#4"},
				"west": {"uv": [11.4, 1.8, 12.4, 2.8], "texture": "#4"},
				"up": {"uv": [11.4, 1.8, 11.2, 0.8], "texture": "#4"},
				"down": {"uv": [11.6, 0.8, 11.4, 1.8], "texture": "#4"}
			}
		},
		{
			"from": [7.25, -0.74098, 6.18107],
			"to": [8.75, 8.25902, 7.68107],
			"rotation": {"angle": 0, "axis": "y", "origin": [4, 6.25902, 2.93107]},
			"faces": {
				"north": {"uv": [6, 5, 6.6, 8.6], "texture": "#4"},
				"east": {"uv": [5.4, 5, 6, 8.6], "texture": "#4"},
				"south": {"uv": [7.2, 5, 7.8, 8.6], "texture": "#4"},
				"west": {"uv": [6.6, 5, 7.2, 8.6], "texture": "#4"},
				"up": {"uv": [6.6, 5, 6, 4.4], "texture": "#4"},
				"down": {"uv": [7.2, 4.4, 6.6, 5], "texture": "#4"}
			}
		},
		{
			"from": [7.125, 0.25902, 6.05607],
			"to": [8.875, 7.50902, 7.80607],
			"rotation": {"angle": 0, "axis": "y", "origin": [8, 6.25902, 6.93107]},
			"faces": {
				"north": {"uv": [0.6, 0.6, 1.2, 3.4], "texture": "#4"},
				"east": {"uv": [0, 0.6, 0.6, 3.4], "texture": "#4"},
				"south": {"uv": [1.8, 0.6, 2.4, 3.4], "texture": "#4"},
				"west": {"uv": [1.2, 0.6, 1.8, 3.4], "texture": "#4"},
				"up": {"uv": [1.2, 0.6, 0.6, 0], "texture": "#4"},
				"down": {"uv": [1.8, 0, 1.2, 0.6], "texture": "#4"}
			}
		},
		{
			"from": [8, -10.76598, 11.18107],
			"to": [8, 18.23402, 17.18107],
			"rotation": {"angle": 0, "axis": "y", "origin": [8, 6.25902, 6.93107]},
			"faces": {
				"north": {"uv": [1.46667, 4.13333, 1.46667, 11.33333], "texture": "#5"},
				"east": {"uv": [3, 0, 0, 16], "texture": "#5"},
				"south": {"uv": [1.51667, 4.13333, 1.51667, 11.33333], "texture": "#5"},
				"west": {"uv": [0, 0, 3, 16], "texture": "#5"},
				"up": {"uv": [1.46667, 7.13333, 1.46667, 5.33333], "texture": "#5"},
				"down": {"uv": [1.46667, 5.33333, 1.46667, 7.13333], "texture": "#5"}
			}
		},
		{
			"name": "magic_up",
			"from": [8.05, 10.75, 4],
			"to": [8.05, 18.75, 12],
			"rotation": {"angle": -45, "axis": "x", "origin": [8.05, 14.5, 8.25]},
			"faces": {
				"north": {"uv": [0, 0, 0, 16], "rotation": 180, "texture": "#2"},
				"east": {"uv": [16, 0, 0, 16], "rotation": 270, "texture": "#2"},
				"south": {"uv": [0, 0, 0, 16], "texture": "#2"},
				"west": {"uv": [0, 0, 16, 16], "rotation": 90, "texture": "#2"},
				"up": {"uv": [0, 0, 0, 16], "rotation": 180, "texture": "#2"},
				"down": {"uv": [0, 0, 0, 16], "texture": "#2"}
			}
		},
		{
			"name": "magic_down",
			"from": [8.05, -0.52817, -3.52538],
			"to": [8.05, 7.47183, 4.47462],
			"rotation": {"angle": -45, "axis": "x", "origin": [8.05, 6.72183, 15.67462]},
			"faces": {
				"north": {"uv": [0, 0, 0, 16], "rotation": 180, "texture": "#2"},
				"east": {"uv": [16, 0, 0, 16], "rotation": 180, "texture": "#2"},
				"south": {"uv": [0, 0, 0, 16], "rotation": 180, "texture": "#2"},
				"west": {"uv": [0, 0, 16, 16], "rotation": 180, "texture": "#2"},
				"up": {"uv": [0, 0, 0, 16], "texture": "#2"},
				"down": {"uv": [0, 0, 0, 16], "texture": "#2"}
			}
		},
		{
			"name": "leave_vfx",
			"from": [8.1, -1.5, 0.75],
			"to": [8.1, 9, 11.25],
			"rotation": {"angle": 0, "axis": "y", "origin": [8.1, -1.25, 7.5]},
			"faces": {
				"north": {"uv": [0.75, 5.5, 0.75, 10.75], "texture": "#1"},
				"east": {"uv": [0, 0, 10.5, 10.5], "texture": "#1"},
				"south": {"uv": [2.25, 5.5, 2.25, 10.75], "texture": "#1"},
				"west": {"uv": [10.5, 0, 0, 10.5], "texture": "#1"},
				"up": {"uv": [0.75, 10.25, 0.75, 4.75], "texture": "#1"},
				"down": {"uv": [1.5, 4.75, 1.5, 10.25], "texture": "#1"}
			}
		},
		{
			"from": [8, -5.5, 2.125],
			"to": [8, -5, 3.125],
			"rotation": {"angle": 0, "axis": "y", "origin": [8, -5.25, 2.875]},
			"faces": {
				"north": {"uv": [0, 0, 0, 1], "texture": "#3"},
				"east": {"uv": [0, 0, 2, 1], "texture": "#3"},
				"south": {"uv": [0, 0, 0, 1], "texture": "#3"},
				"west": {"uv": [0, 1, 2, 2], "texture": "#3"},
				"up": {"uv": [0, 2, 0, 0], "texture": "#3"},
				"down": {"uv": [0, 0, 0, 2], "texture": "#3"}
			}
		},
		{
			"from": [8, -5.4, 2.125],
			"to": [8, -4.9, 3.125],
			"rotation": {"angle": 22.5, "axis": "x", "origin": [8, -5.25, 2.875]},
			"faces": {
				"north": {"uv": [0, 0, 0, 1], "texture": "#3"},
				"east": {"uv": [0, 2, 2, 3], "texture": "#3"},
				"south": {"uv": [0, 0, 0, 1], "texture": "#3"},
				"west": {"uv": [2, 0, 4, 1], "texture": "#3"},
				"up": {"uv": [0, 2, 0, 0], "texture": "#3"},
				"down": {"uv": [0, 0, 0, 2], "texture": "#3"}
			}
		},
		{
			"from": [8, 13.25, 3.025],
			"to": [8, 13.75, 4.025],
			"rotation": {"angle": 22.5, "axis": "x", "origin": [8, 13.5, 3.775]},
			"faces": {
				"north": {"uv": [0, 1, 0, 0], "rotation": 180, "texture": "#3"},
				"east": {"uv": [1, 3, 2, 5], "rotation": 90, "texture": "#3"},
				"south": {"uv": [0, 0, 0, 1], "texture": "#3"},
				"west": {"uv": [3, 1, 4, 3], "rotation": 270, "texture": "#3"},
				"up": {"uv": [0, 0, 0, 2], "texture": "#3"},
				"down": {"uv": [0, 0, 0, 2], "rotation": 180, "texture": "#3"}
			}
		},
		{
			"from": [8, 13.15, 3.025],
			"to": [8, 13.65, 4.025],
			"rotation": {"angle": 0, "axis": "y", "origin": [8, 13.5, 3.775]},
			"faces": {
				"north": {"uv": [0, 0, 0, 1], "texture": "#3"},
				"east": {"uv": [4, 0, 6, 1], "texture": "#3"},
				"south": {"uv": [0, 0, 0, 1], "texture": "#3"},
				"west": {"uv": [4, 1, 6, 2], "texture": "#3"},
				"up": {"uv": [0, 2, 0, 0], "texture": "#3"},
				"down": {"uv": [0, 0, 0, 2], "texture": "#3"}
			}
		},
		{
			"from": [8, 12.625, 10.125],
			"to": [8, 13.125, 11.125],
			"rotation": {"angle": 45, "axis": "x", "origin": [8, 12.875, 10.375]},
			"faces": {
				"north": {"uv": [0, 0, 0, 1], "texture": "#3"},
				"east": {"uv": [4, 2, 6, 3], "texture": "#3"},
				"south": {"uv": [0, 0, 0, 1], "texture": "#3"},
				"west": {"uv": [4, 3, 6, 4], "texture": "#3"},
				"up": {"uv": [0, 2, 0, 0], "texture": "#3"},
				"down": {"uv": [0, 0, 0, 2], "texture": "#3"}
			}
		},
		{
			"from": [8, 12.125, 10.125],
			"to": [8, 13.125, 10.625],
			"rotation": {"angle": -22.5, "axis": "x", "origin": [8, 12.875, 10.375]},
			"faces": {
				"north": {"uv": [0, 0, 0, 2], "rotation": 180, "texture": "#3"},
				"east": {"uv": [4, 4, 6, 5], "rotation": 270, "texture": "#3"},
				"south": {"uv": [0, 2, 0, 0], "texture": "#3"},
				"west": {"uv": [0, 5, 2, 6], "rotation": 90, "texture": "#3"},
				"up": {"uv": [0, 0, 0, 1], "rotation": 180, "texture": "#3"},
				"down": {"uv": [0, 0, 0, 1], "texture": "#3"}
			}
		},
		{
			"from": [8, -5.125, 9.25],
			"to": [8, -4.125, 9.75],
			"rotation": {"angle": 45, "axis": "x", "origin": [8, -4.875, 9.5]},
			"faces": {
				"north": {"uv": [0, 2, 0, 0], "rotation": 180, "texture": "#3"},
				"east": {"uv": [0, 6, 2, 7], "rotation": 90, "texture": "#3"},
				"south": {"uv": [0, 0, 0, 2], "texture": "#3"},
				"west": {"uv": [6, 0, 8, 1], "rotation": 270, "texture": "#3"},
				"up": {"uv": [0, 0, 0, 1], "texture": "#3"},
				"down": {"uv": [0, 0, 0, 1], "rotation": 180, "texture": "#3"}
			}
		},
		{
			"from": [8, -5.125, 9.25],
			"to": [8, -4.125, 9.75],
			"rotation": {"angle": 22.5, "axis": "x", "origin": [8, -4.875, 9.5]},
			"faces": {
				"north": {"uv": [0, 2, 0, 0], "rotation": 180, "texture": "#3"},
				"east": {"uv": [6, 2, 8, 3], "rotation": 90, "texture": "#3"},
				"south": {"uv": [0, 0, 0, 2], "texture": "#3"},
				"west": {"uv": [6, 3, 8, 4], "rotation": 270, "texture": "#3"},
				"up": {"uv": [0, 0, 0, 1], "texture": "#3"},
				"down": {"uv": [0, 0, 0, 1], "rotation": 180, "texture": "#3"}
			}
		}
	],
	"gui_light": "front",
	"display": {
		"thirdperson_righthand": {
			"translation": [0, 2.25, 2.75]
		},
		"thirdperson_lefthand": {
			"translation": [0, 2.25, 2.75]
		},
		"firstperson_righthand": {
			"rotation": [5, 7, 0],
			"translation": [4.75, 7, -4]
		},
		"firstperson_lefthand": {
			"rotation": [5, 7, 0],
			"translation": [4.75, 7, -4]
		},
		"ground": {
			"rotation": [-45, 0, 0],
			"translation": [0, 13.5, -0.5]
		},
		"gui": {
			"rotation": [-90, 135, 90],
			"translation": [0.5, 2.75, 0],
			"scale": [0.55, 0.55, 0.55]
		},
		"fixed": {
			"rotation": [90, -45, 90],
			"translation": [-0.75, 3.75, -0.5],
			"scale": [0.7, 0.7, 0.7]
		}
	},
	"groups": [
		{
			"name": "up",
			"origin": [7, 5.51805, -8.13787],
			"color": 0,
			"children": [
				{
					"name": "group",
					"origin": [8, 12.54581, 3.06091],
					"color": 0,
					"children": [0, 1, 2]
				},
				{
					"name": "group",
					"origin": [8, 12.54581, 3.06091],
					"color": 0,
					"children": [3, 4, 5, 6]
				},
				{
					"name": "group",
					"origin": [8, 13.23045, 7.5397],
					"color": 0,
					"children": [
						7,
						8,
						9,
						10,
						11,
						{
							"name": "up_0",
							"origin": [8, 13.37425, 6.70092],
							"color": 0,
							"children": [12, 13]
						},
						{
							"name": "up_1",
							"origin": [8, 13.37425, 6.70092],
							"color": 0,
							"children": [14, 15]
						}
					]
				},
				{
					"name": "up_front",
					"origin": [4, 6.75902, 2.43107],
					"color": 0,
					"children": [16, 17]
				},
				{
					"name": "up_back",
					"origin": [4, 6.75902, 2.43107],
					"color": 0,
					"children": [18, 19]
				},
				20,
				21,
				22
			]
		},
		{
			"name": "down",
			"origin": [7, 5.51805, -8.13787],
			"color": 0,
			"children": [
				{
					"name": "group",
					"origin": [8, 12.54581, 3.06091],
					"color": 0,
					"children": [23, 24, 25]
				},
				{
					"name": "group",
					"origin": [8, 12.54581, 3.06091],
					"color": 0,
					"children": [26, 27, 28, 29]
				},
				{
					"name": "group",
					"origin": [8, 13.23045, 7.5397],
					"color": 0,
					"children": [
						30,
						31,
						32,
						33,
						34,
						{
							"name": "down_0",
							"origin": [8, -5.8562, 6.70092],
							"color": 0,
							"children": [35, 36]
						},
						{
							"name": "down_1",
							"origin": [8, -5.8562, 6.70092],
							"color": 0,
							"children": [37, 38]
						}
					]
				},
				{
					"name": "down_front",
					"origin": [4, 0.75902, 2.43107],
					"color": 0,
					"children": [39, 40]
				},
				{
					"name": "down_back",
					"origin": [4, 0.75902, 2.43107],
					"color": 0,
					"children": [41, 42]
				},
				43,
				44,
				45
			]
		},
		{
			"name": "group",
			"origin": [8, -5, 8],
			"color": 0,
			"children": [46, 47, 48]
		},
		49,
		50,
		51,
		{
			"name": "leave-1",
			"origin": [0, 0.5, 0.5],
			"color": 0,
			"children": [52, 53]
		},
		{
			"name": "leave-2",
			"origin": [0, 0.5, 0.5],
			"color": 0,
			"children": [54, 55]
		},
		{
			"name": "leave-3",
			"origin": [0, 0.5, 0.5],
			"color": 0,
			"children": [56, 57]
		},
		{
			"name": "leave-4",
			"origin": [0, 0.5, 0.5],
			"color": 0,
			"children": [58, 59]
		}
	]
}