{
	"credit": "Made with Blockbench",
	"texture_size": [64, 64],
	"textures": {
		"1": "minecraft:item/sakura_story/titanium/netherite_hoe",
		"particle": "minecraft:item/sakura_story/titanium/netherite_hoe"
	},
	"elements": [
		{
			"from": [6.5, -12, 6.5],
			"to": [9.5, 15, 9.5],
			"rotation": {"angle": 0, "axis": "y", "origin": [0, 1, 16]},
			"faces": {
				"north": {"uv": [0, 0, 0.75, 6.75], "texture": "#1"},
				"east": {"uv": [0.75, 0, 1.5, 6.75], "texture": "#1"},
				"south": {"uv": [1.5, 0, 2.25, 6.75], "texture": "#1"},
				"west": {"uv": [2.25, 0, 3, 6.75], "texture": "#1"},
				"up": {"uv": [8, 3.75, 7.25, 3], "texture": "#1"},
				"down": {"uv": [8, 3.75, 7.25, 4.5], "texture": "#1"}
			}
		},
		{
			"from": [6.2, -12.3, 6.2],
			"to": [9.8, 15.3, 9.8],
			"rotation": {"angle": 0, "axis": "y", "origin": [0, 1, 16]},
			"faces": {
				"north": {"uv": [3, 0, 3.75, 6.75], "texture": "#1"},
				"east": {"uv": [3.75, 0, 4.5, 6.75], "texture": "#1"},
				"south": {"uv": [4.5, 0, 5.25, 6.75], "texture": "#1"},
				"west": {"uv": [5.25, 0, 6, 6.75], "texture": "#1"},
				"up": {"uv": [5.25, 8.25, 4.5, 7.5], "texture": "#1"},
				"down": {"uv": [0.75, 7.75, 0, 8.5], "texture": "#1"}
			}
		},
		{
			"from": [7, -15, 7],
			"to": [9, -12, 9],
			"rotation": {"angle": 0, "axis": "y", "origin": [0, 1, 16]},
			"faces": {
				"north": {"uv": [2.25, 7.75, 2.75, 8.5], "texture": "#1"},
				"east": {"uv": [2.75, 7.75, 3.25, 8.5], "texture": "#1"},
				"south": {"uv": [3.25, 7.75, 3.75, 8.5], "texture": "#1"},
				"west": {"uv": [5.25, 7.75, 5.75, 8.5], "texture": "#1"},
				"up": {"uv": [8.5, 3.75, 8, 3.25], "texture": "#1"},
				"down": {"uv": [8.5, 3.75, 8, 4.25], "texture": "#1"}
			}
		},
		{
			"from": [7, 15, 7],
			"to": [9, 17, 9],
			"rotation": {"angle": 0, "axis": "y", "origin": [0, 1, 16]},
			"faces": {
				"north": {"uv": [5.75, 8, 6.25, 8.5], "texture": "#1"},
				"east": {"uv": [6.25, 8, 6.75, 8.5], "texture": "#1"},
				"south": {"uv": [6.75, 8, 7.25, 8.5], "texture": "#1"},
				"west": {"uv": [7.25, 8, 7.75, 8.5], "texture": "#1"},
				"up": {"uv": [8.25, 8.5, 7.75, 8], "texture": "#1"},
				"down": {"uv": [1.25, 8.25, 0.75, 8.75], "texture": "#1"}
			}
		},
		{
			"from": [7.5, -13, 4.5],
			"to": [8.5, -11, 11.5],
			"rotation": {"angle": 0, "axis": "y", "origin": [0, 1, 16]},
			"faces": {
				"north": {"uv": [1.5, 8.25, 1.75, 8.75], "texture": "#1"},
				"east": {"uv": [7, 5.75, 8.75, 6.25], "texture": "#1"},
				"south": {"uv": [2.25, 8.5, 2.5, 9], "texture": "#1"},
				"west": {"uv": [7, 6.25, 8.75, 6.75], "texture": "#1"},
				"up": {"uv": [2, 9.5, 1.75, 7.75], "texture": "#1"},
				"down": {"uv": [2.25, 7.75, 2, 9.5], "texture": "#1"}
			}
		},
		{
			"from": [7.5, 9, 2],
			"to": [8.5, 13, 13],
			"rotation": {"angle": 0, "axis": "y", "origin": [0, 2, 17]},
			"faces": {
				"north": {"uv": [3.75, 7.75, 4, 8.75], "texture": "#1"},
				"east": {"uv": [6, 0, 8.75, 1], "texture": "#1"},
				"south": {"uv": [1.25, 8.25, 1.5, 9.25], "texture": "#1"},
				"west": {"uv": [6, 1, 8.75, 2], "texture": "#1"},
				"up": {"uv": [4.25, 10.25, 4, 7.5], "texture": "#1"},
				"down": {"uv": [4.5, 7.5, 4.25, 10.25], "texture": "#1"}
			}
		},
		{
			"from": [8, 9, 13],
			"to": [8, 13, 16],
			"rotation": {"angle": 0, "axis": "y", "origin": [8, 11, 13]},
			"faces": {
				"north": {"uv": [0, 0, 0, 1], "texture": "#1"},
				"east": {"uv": [5.25, 6.75, 6, 7.75], "texture": "#1"},
				"south": {"uv": [0, 0, 0, 1], "texture": "#1"},
				"west": {"uv": [7, 6.75, 7.75, 7.75], "texture": "#1"},
				"up": {"uv": [0, 0.75, 0, 0], "texture": "#1"},
				"down": {"uv": [0, 0, 0, 0.75], "texture": "#1"}
			}
		},
		{
			"from": [5.5, 10.5, -2],
			"to": [10.5, 11.5, 4],
			"rotation": {"angle": 0, "axis": "y", "origin": [8, 10.5, 0]},
			"faces": {
				"north": {"uv": [7.75, 7, 9, 7.25], "texture": "#1"},
				"east": {"uv": [7.75, 6.75, 9.25, 7], "texture": "#1"},
				"south": {"uv": [7.75, 7.25, 9, 7.5], "texture": "#1"},
				"west": {"uv": [7, 7.75, 8.5, 8], "texture": "#1"},
				"up": {"uv": [7.25, 3.5, 6, 2], "texture": "#1"},
				"down": {"uv": [7.25, 3.5, 6, 5], "texture": "#1"}
			}
		},
		{
			"from": [5.5, 9.96404, -4.69448],
			"to": [10.5, 10.96404, -1.69448],
			"rotation": {"angle": -22.5, "axis": "x", "origin": [8, 10.46404, -3.19448]},
			"faces": {
				"north": {"uv": [7.75, 7.5, 9, 7.75], "texture": "#1"},
				"east": {"uv": [4.5, 8.25, 5.25, 8.5], "texture": "#1"},
				"south": {"uv": [8, 3, 9.25, 3.25], "texture": "#1"},
				"west": {"uv": [0, 8.5, 0.75, 8.75], "texture": "#1"},
				"up": {"uv": [5.25, 7.5, 4, 6.75], "texture": "#1"},
				"down": {"uv": [8.25, 5, 7, 5.75], "texture": "#1"}
			}
		},
		{
			"from": [6, 10, 5],
			"to": [10, 12, 11],
			"rotation": {"angle": 0, "axis": "y", "origin": [0, 2, 17]},
			"faces": {
				"north": {"uv": [7.25, 4.5, 8.25, 5], "texture": "#1"},
				"east": {"uv": [7.25, 2, 8.75, 2.5], "texture": "#1"},
				"south": {"uv": [0.75, 7.75, 1.75, 8.25], "texture": "#1"},
				"west": {"uv": [7.25, 2.5, 8.75, 3], "texture": "#1"},
				"up": {"uv": [7, 6.5, 6, 5], "texture": "#1"},
				"down": {"uv": [7, 6.5, 6, 8], "texture": "#1"}
			}
		},
		{
			"from": [6, 6, 6],
			"to": [10, 7, 10],
			"rotation": {"angle": 0, "axis": "y", "origin": [0, 2, 17]},
			"faces": {
				"north": {"uv": [8, 4.25, 9, 4.5], "texture": "#1"},
				"east": {"uv": [8.25, 4.5, 9.25, 4.75], "texture": "#1"},
				"south": {"uv": [8.25, 4.75, 9.25, 5], "texture": "#1"},
				"west": {"uv": [8.25, 5, 9.25, 5.25], "texture": "#1"},
				"up": {"uv": [1, 7.75, 0, 6.75], "texture": "#1"},
				"down": {"uv": [2, 6.75, 1, 7.75], "texture": "#1"}
			}
		},
		{
			"from": [6, -1, 6],
			"to": [10, 0, 10],
			"rotation": {"angle": 0, "axis": "y", "origin": [0, 2, 17]},
			"faces": {
				"north": {"uv": [8.25, 5.25, 9.25, 5.5], "texture": "#1"},
				"east": {"uv": [8.25, 5.5, 9.25, 5.75], "texture": "#1"},
				"south": {"uv": [8.25, 8, 9.25, 8.25], "texture": "#1"},
				"west": {"uv": [8.25, 8.25, 9.25, 8.5], "texture": "#1"},
				"up": {"uv": [3, 7.75, 2, 6.75], "texture": "#1"},
				"down": {"uv": [4, 6.75, 3, 7.75], "texture": "#1"}
			}
		}
	],
	"gui_light": "front",
	"display": {
		"thirdperson_righthand": {
			"translation": [0, 5, 1.5],
			"scale": [0.5, 0.5, 0.5]
		},
		"thirdperson_lefthand": {
			"translation": [0, 5, 1.5],
			"scale": [0.5, 0.5, 0.5]
		},
		"firstperson_righthand": {
			"rotation": [-10, 5, 0],
			"translation": [4, 4.75, -2.25],
			"scale": [0.6, 0.6, 0.6]
		},
		"firstperson_lefthand": {
			"rotation": [-10, 5, 0],
			"translation": [4, 4.75, -2.25],
			"scale": [0.6, 0.6, 0.6]
		},
		"ground": {
			"rotation": [-45, 0, 0],
			"translation": [0, 8.25, 0.25],
			"scale": [0.5, 0.5, 0.5]
		},
		"gui": {
			"rotation": [90, 45, -90],
			"translation": [1.75, 2, 0],
			"scale": [0.55, 0.55, 0.55]
		},
		"fixed": {
			"rotation": [-90, 45, 90],
			"translation": [-2.25, 2.5, -0.5],
			"scale": [0.7, 0.7, 0.7]
		}
	},
	"groups": [
		{
			"name": "pickaxe",
			"origin": [7, 5.51805, -8.13787],
			"color": 0,
			"children": [
				{
					"name": "group",
					"origin": [8, -5, 8],
					"color": 0,
					"children": [0, 1, 2, 3, 4]
				},
				5,
				6,
				{
					"name": "group",
					"origin": [8, 10.46404, -3.19448],
					"color": 0,
					"children": [7, 8]
				},
				9,
				10,
				11
			]
		}
	]
}