{
	"credit": "Made with Blockbench",
	"texture_size": [64, 64],
	"textures": {
		"1": "minecraft:item/sakura_story/titanium/netherite_sword"
	},
	"elements": [
		{
			"from": [8, 21, 5.5],
			"to": [8, 32, 10.5],
			"rotation": {"angle": 0, "axis": "y", "origin": [0, 2, 17]},
			"faces": {
				"north": {"uv": [0, 0, 0, 2.75], "texture": "#1"},
				"east": {"uv": [2.5, 0, 3.75, 2.75], "texture": "#1"},
				"south": {"uv": [0, 0, 0, 2.75], "texture": "#1"},
				"west": {"uv": [2.5, 2.75, 3.75, 5.5], "texture": "#1"},
				"up": {"uv": [0, 1.25, 0, 0], "texture": "#1"},
				"down": {"uv": [0, 0, 0, 1.25], "texture": "#1"}
			}
		},
		{
			"from": [6.25, -12.25, 6.25],
			"to": [9.75, 3.25, 9.75],
			"rotation": {"angle": 0, "axis": "y", "origin": [0, 1, 16]},
			"faces": {
				"north": {"uv": [0, 4.75, 0.75, 8.5], "texture": "#1"},
				"east": {"uv": [0.75, 4.75, 1.5, 8.5], "texture": "#1"},
				"south": {"uv": [1.5, 4.75, 2.25, 8.5], "texture": "#1"},
				"west": {"uv": [5.25, 0, 6, 3.75], "texture": "#1"},
				"up": {"uv": [8.25, 1.5, 7.5, 0.75], "texture": "#1"},
				"down": {"uv": [8.25, 2.75, 7.5, 3.5], "texture": "#1"}
			}
		},
		{
			"from": [6.5, -12, 6.5],
			"to": [9.5, 3, 9.5],
			"rotation": {"angle": 0, "axis": "y", "origin": [0, 1, 16]},
			"faces": {
				"north": {"uv": [3.75, 0, 4.5, 3.75], "texture": "#1"},
				"east": {"uv": [3.75, 3.75, 4.5, 7.5], "texture": "#1"},
				"south": {"uv": [4.5, 0, 5.25, 3.75], "texture": "#1"},
				"west": {"uv": [4.5, 3.75, 5.25, 7.5], "texture": "#1"},
				"up": {"uv": [6.75, 3.75, 6, 3], "texture": "#1"},
				"down": {"uv": [8.25, 0, 7.5, 0.75], "texture": "#1"}
			}
		},
		{
			"from": [7, 3, 7],
			"to": [9, 5, 9],
			"rotation": {"angle": 0, "axis": "y", "origin": [8, 10.5, 7.5]},
			"faces": {
				"north": {"uv": [2.75, 7.75, 3.25, 8.25], "texture": "#1"},
				"east": {"uv": [7, 3.5, 7.5, 4], "texture": "#1"},
				"south": {"uv": [3.25, 7.75, 3.75, 8.25], "texture": "#1"},
				"west": {"uv": [7, 4.75, 7.5, 5.25], "texture": "#1"},
				"up": {"uv": [8.5, 8.25, 8, 7.75], "texture": "#1"},
				"down": {"uv": [8.75, 0, 8.25, 0.5], "texture": "#1"}
			}
		},
		{
			"from": [7, -15, 7],
			"to": [9, -12, 9],
			"rotation": {"angle": 0, "axis": "y", "origin": [0, 1, 16]},
			"faces": {
				"north": {"uv": [5.5, 7.5, 6, 8.25], "texture": "#1"},
				"east": {"uv": [6, 7.5, 6.5, 8.25], "texture": "#1"},
				"south": {"uv": [6.5, 7.5, 7, 8.25], "texture": "#1"},
				"west": {"uv": [7.75, 3.5, 8.25, 4.25], "texture": "#1"},
				"up": {"uv": [8.25, 4.75, 7.75, 4.25], "texture": "#1"},
				"down": {"uv": [8.25, 4.75, 7.75, 5.25], "texture": "#1"}
			}
		},
		{
			"from": [7.5, -13, 4.5],
			"to": [8.5, -11, 11.5],
			"rotation": {"angle": 0, "axis": "y", "origin": [0, 1, 16]},
			"faces": {
				"north": {"uv": [8.25, 2.75, 8.5, 3.25], "texture": "#1"},
				"east": {"uv": [6.75, 6.25, 8.5, 6.75], "texture": "#1"},
				"south": {"uv": [3, 8.25, 3.25, 8.75], "texture": "#1"},
				"west": {"uv": [7, 2.25, 8.75, 2.75], "texture": "#1"},
				"up": {"uv": [7.75, 5.25, 7.5, 3.5], "texture": "#1"},
				"down": {"uv": [4, 7.5, 3.75, 9.25], "texture": "#1"}
			}
		},
		{
			"from": [7, -0.75, 5],
			"to": [9, 2.25, 11],
			"rotation": {"angle": 0, "axis": "y", "origin": [0, 2, 17]},
			"faces": {
				"north": {"uv": [4, 7.5, 4.5, 8.25], "texture": "#1"},
				"east": {"uv": [5.5, 6.75, 7, 7.5], "texture": "#1"},
				"south": {"uv": [4.5, 7.5, 5, 8.25], "texture": "#1"},
				"west": {"uv": [7, 1.5, 8.5, 2.25], "texture": "#1"},
				"up": {"uv": [6.5, 3, 6, 1.5], "texture": "#1"},
				"down": {"uv": [2.75, 7, 2.25, 8.5], "texture": "#1"}
			}
		},
		{
			"from": [7.5, 1.8373, 10.23671],
			"to": [8.5, 3.8373, 15.23671],
			"rotation": {"angle": -22.5, "axis": "x", "origin": [9, 2.8373, 15.23671]},
			"faces": {
				"north": {"uv": [2.25, 4.75, 2.5, 5.25], "texture": "#1"},
				"east": {"uv": [7, 5.25, 8.25, 5.75], "texture": "#1"},
				"south": {"uv": [8.25, 0.5, 8.5, 1], "texture": "#1"},
				"west": {"uv": [7, 5.75, 8.25, 6.25], "texture": "#1"},
				"up": {"uv": [7.25, 9, 7, 7.75], "texture": "#1"},
				"down": {"uv": [7.5, 7.75, 7.25, 9], "texture": "#1"}
			}
		},
		{
			"from": [8, -0.6627, -2.23671],
			"to": [8, 5.3373, 3.76329],
			"rotation": {"angle": 22.5, "axis": "x", "origin": [9, 2.8373, 0.76329]},
			"faces": {
				"north": {"uv": [0, 0, 0, 1.5], "texture": "#1"},
				"east": {"uv": [5.25, 3.75, 6.75, 5.25], "texture": "#1"},
				"south": {"uv": [0, 0, 0, 1.5], "texture": "#1"},
				"west": {"uv": [5.25, 5.25, 6.75, 6.75], "texture": "#1"},
				"up": {"uv": [0, 1.5, 0, 0], "texture": "#1"},
				"down": {"uv": [0, 0, 0, 1.5], "texture": "#1"}
			}
		},
		{
			"from": [8, -0.6627, 12.23671],
			"to": [8, 5.3373, 18.23671],
			"rotation": {"angle": -22.5, "axis": "x", "origin": [9, 2.8373, 15.23671]},
			"faces": {
				"north": {"uv": [0, 0, 0, 1.5], "texture": "#1"},
				"east": {"uv": [2.25, 5.5, 3.75, 7], "texture": "#1"},
				"south": {"uv": [0, 0, 0, 1.5], "texture": "#1"},
				"west": {"uv": [6, 0, 7.5, 1.5], "texture": "#1"},
				"up": {"uv": [0, 1.5, 0, 0], "texture": "#1"},
				"down": {"uv": [0, 0, 0, 1.5], "texture": "#1"}
			}
		},
		{
			"from": [7.5, 1.8373, 0.76329],
			"to": [8.5, 3.8373, 5.76329],
			"rotation": {"angle": 22.5, "axis": "x", "origin": [9, 2.8373, 0.76329]},
			"faces": {
				"north": {"uv": [8.25, 1, 8.5, 1.5], "texture": "#1"},
				"east": {"uv": [7, 6.75, 8.25, 7.25], "texture": "#1"},
				"south": {"uv": [2.75, 8.25, 3, 8.75], "texture": "#1"},
				"west": {"uv": [7, 7.25, 8.25, 7.75], "texture": "#1"},
				"up": {"uv": [7.75, 9, 7.5, 7.75], "texture": "#1"},
				"down": {"uv": [8, 7.75, 7.75, 9], "texture": "#1"}
			}
		},
		{
			"from": [7.499, 1.999, 5.499],
			"to": [8.501, 21.001, 10.501],
			"rotation": {"angle": 0, "axis": "y", "origin": [0, 2, 17]},
			"faces": {
				"north": {"uv": [6.75, 1.5, 7, 6.25], "texture": "#1"},
				"east": {"uv": [0, 0, 1.25, 4.75], "texture": "#1"},
				"south": {"uv": [5.25, 6.75, 5.5, 11.5], "texture": "#1"},
				"west": {"uv": [1.25, 0, 2.5, 4.75], "texture": "#1"},
				"up": {"uv": [6.75, 2.75, 6.5, 1.5], "texture": "#1"},
				"down": {"uv": [5.25, 7.5, 5, 8.75], "texture": "#1"}
			}
		}
	],
	"gui_light": "front",
	"display": {
		"thirdperson_righthand": {
			"translation": [0, 5, 1.5],
			"scale": [0.5, 0.5, 0.5]
		},
		"thirdperson_lefthand": {
			"translation": [0, 5, 1.5],
			"scale": [0.5, 0.5, 0.5]
		},
		"firstperson_righthand": {
			"rotation": [-10, 5, 0],
			"translation": [4, 4.75, -2.25],
			"scale": [0.6, 0.6, 0.6]
		},
		"firstperson_lefthand": {
			"rotation": [-10, 5, 0],
			"translation": [4, 4.75, -2.25],
			"scale": [0.6, 0.6, 0.6]
		},
		"ground": {
			"rotation": [-45, 0, 0],
			"translation": [0, 8.25, 0.25],
			"scale": [0.5, 0.5, 0.5]
		},
		"gui": {
			"rotation": [-90, -45, -90],
			"translation": [0.25, 0, 0],
			"scale": [0.4, 0.4, 0.4]
		},
		"fixed": {
			"rotation": [-90, 45, 90],
			"translation": [-0.25, 0.25, -0.5],
			"scale": [0.5, 0.5, 0.5]
		}
	},
	"groups": [
		{
			"name": "sword",
			"origin": [7, 5.51805, -8.13787],
			"color": 0,
			"children": [
				{
					"name": "group",
					"origin": [8, -5, 8],
					"color": 0,
					"children": [0, 1, 2, 3, 4, 5]
				},
				6,
				7,
				8,
				9,
				10,
				11
			]
		}
	]
}