{
    "parent": "minecraft:item/handheld",
    "textures": {
        "layer0": "minecraft:item/netherite_pickaxe"
    },
    "overrides": [
        {
            "predicate": {
                "custom_model_data": 2
            },
            "model": "item/sakura_story/amethyst_armed/netherite_pickaxe"
        },
        {
            "predicate": {
                "custom_model_data": 12
            },
            "model": "item/sakura_story/titanium/netherite_pickaxe"
        },
        {
            "predicate": {
                "custom_model_data": 21
            },
            "model": "item/sakura_story/brave_fighter/pickaxe"
        }
    ]
}