{
    "parent": "item/generated",
    "textures": {
        "layer0": "item/bow"
    },
    "display": {
        "thirdperson_righthand": {
            "rotation": [ -80, 260, -40 ],
            "translation": [ -1, -2, 2.5 ],
            "scale": [ 0.9, 0.9, 0.9 ]
        },
        "thirdperson_lefthand": {
            "rotation": [ -80, -280, 40 ],
            "translation": [ -1, -2, 2.5 ],
            "scale": [ 0.9, 0.9, 0.9 ]
        },
        "firstperson_righthand": {
            "rotation": [ 0, -90, 25 ],
            "translation": [ 1.13, 3.2, 1.13],
            "scale": [ 0.68, 0.68, 0.68 ]
        },
        "firstperson_lefthand": {
            "rotation": [ 0, 90, -25 ],
            "translation": [ 1.13, 3.2, 1.13],
            "scale": [ 0.68, 0.68, 0.68 ]
        }
    },
    "overrides": [
        {"predicate": {"pulling": 1}, "model": "item/bow_pulling_0"},
        {"predicate": {"pulling": 1,"pull": 0.65},"model": "item/bow_pulling_1"},
        {"predicate": {"pulling": 1,"pull": 0.9}, "model": "item/bow_pulling_2"},
        {"predicate": { "custom_model_data": 1}, "model": "item/base_bow_ice"},
        {"predicate": { "custom_model_data": 1,"pulling": 1}, "model": "item/base_bow_ice_pulling_0"},
        {"predicate": { "custom_model_data": 1,"pulling": 1,"pull": 0.65},"model": "item/base_bow_ice_pulling_1"},
        {"predicate": { "custom_model_data": 1,"pulling": 1,"pull": 0.9}, "model": "item/base_bow_ice_pulling_2"},
        {"predicate": { "custom_model_data": 2}, "model": "item/base_bow_lightning"},
        {"predicate": { "custom_model_data": 2,"pulling": 1}, "model": "item/base_bow_lightning_pulling_0"},
        {"predicate": { "custom_model_data": 2,"pulling": 1,"pull": 0.65},"model": "item/base_bow_lightning_pulling_1"},
        {"predicate": { "custom_model_data": 2,"pulling": 1,"pull": 0.9}, "model": "item/base_bow_lightning_pulling_2"},
        {"predicate": { "custom_model_data": 3}, "model": "item/base_bow_poison"},
        {"predicate": { "custom_model_data": 3,"pulling": 1}, "model": "item/base_bow_poison_pulling_0"},
        {"predicate": { "custom_model_data": 3,"pulling": 1,"pull": 0.65},"model": "item/base_bow_poison_pulling_1"},
        {"predicate": { "custom_model_data": 3,"pulling": 1,"pull": 0.9}, "model": "item/base_bow_poison_pulling_2"},
        {"predicate": { "custom_model_data": 4}, "model": "item/base_bow_chaos"},
        {"predicate": { "custom_model_data": 4,"pulling": 1}, "model": "item/base_bow_chaos_pulling_0"},
        {"predicate": { "custom_model_data": 4,"pulling": 1,"pull": 0.65},"model": "item/base_bow_chaos_pulling_1"},
        {"predicate": { "custom_model_data": 4,"pulling": 1,"pull": 0.9}, "model": "item/base_bow_chaos_pulling_2"},
        {"predicate": { "custom_model_data": 5}, "model": "item/base_bow_arcane"},
        {"predicate": { "custom_model_data": 5,"pulling": 1}, "model": "item/base_bow_arcane_pulling_0"},
        {"predicate": { "custom_model_data": 5,"pulling": 1,"pull": 0.65},"model": "item/base_bow_arcane_pulling_1"},
        {"predicate": { "custom_model_data": 5,"pulling": 1,"pull": 0.9}, "model": "item/base_bow_arcane_pulling_2"},
        {"predicate": { "custom_model_data": 6}, "model": "item/base_bow_holy"},
        {"predicate": { "custom_model_data": 6,"pulling": 1}, "model": "item/base_bow_holy_pulling_0"},
        {"predicate": { "custom_model_data": 6,"pulling": 1,"pull": 0.65},"model": "item/base_bow_holy_pulling_1"},
        {"predicate": { "custom_model_data": 6,"pulling": 1,"pull": 0.9}, "model": "item/base_bow_holy_pulling_2"},
        {"predicate": { "custom_model_data": 7}, "model": "item/base_bow_fire"},
        {"predicate": { "custom_model_data": 7,"pulling": 1}, "model": "item/base_bow_fire_pulling_0"},
        {"predicate": { "custom_model_data": 7,"pulling": 1,"pull": 0.65},"model": "item/base_bow_fire_pulling_1"},
        {"predicate": { "custom_model_data": 7,"pulling": 1,"pull": 0.9}, "model": "item/base_bow_fire_pulling_2"},
        {"predicate": { "custom_model_data": 20}, "model": "item/bowblade"},	
        {"predicate": { "custom_model_data": 20,"pulling": 1}, "model": "item/bowblade_pulling_0"},
        {"predicate": { "custom_model_data": 20,"pulling": 1,"pull": 0.65},"model": "item/bowblade_pulling_1"},
        {"predicate": { "custom_model_data": 20,"pulling": 1,"pull": 0.9}, "model": "item/bowblade_pulling_2"},
        {"predicate": { "custom_model_data": 21}, "model": "item/bowblade_ice"},
        {"predicate": { "custom_model_data": 21,"pulling": 1}, "model": "item/bowblade_ice_pulling_0"},
        {"predicate": { "custom_model_data": 21,"pulling": 1,"pull": 0.65},"model": "item/bowblade_ice_pulling_1"},
        {"predicate": { "custom_model_data": 21,"pulling": 1,"pull": 0.9}, "model": "item/bowblade_ice_pulling_2"},
        {"predicate": { "custom_model_data": 22}, "model": "item/bowblade_lightning"},
        {"predicate": { "custom_model_data": 22,"pulling": 1}, "model": "item/bowblade_lightning_pulling_0"},
        {"predicate": { "custom_model_data": 22,"pulling": 1,"pull": 0.65},"model": "item/bowblade_lightning_pulling_1"},
        {"predicate": { "custom_model_data": 22,"pulling": 1,"pull": 0.9}, "model": "item/bowblade_lightning_pulling_2"},
        {"predicate": { "custom_model_data": 23}, "model": "item/bowblade_poison"},
        {"predicate": { "custom_model_data": 23,"pulling": 1}, "model": "item/bowblade_poison_pulling_0"},
        {"predicate": { "custom_model_data": 23,"pulling": 1,"pull": 0.65},"model": "item/bowblade_poison_pulling_1"},
        {"predicate": { "custom_model_data": 23,"pulling": 1,"pull": 0.9}, "model": "item/bowblade_poison_pulling_2"},
        {"predicate": { "custom_model_data": 24}, "model": "item/bowblade_chaos"},
        {"predicate": { "custom_model_data": 24,"pulling": 1}, "model": "item/bowblade_chaos_pulling_0"},
        {"predicate": { "custom_model_data": 24,"pulling": 1,"pull": 0.65},"model": "item/bowblade_chaos_pulling_1"},
        {"predicate": { "custom_model_data": 24,"pulling": 1,"pull": 0.9}, "model": "item/bowblade_chaos_pulling_2"},
        {"predicate": { "custom_model_data": 25}, "model": "item/bowblade_arcane"},
        {"predicate": { "custom_model_data": 25,"pulling": 1}, "model": "item/bowblade_arcane_pulling_0"},
        {"predicate": { "custom_model_data": 25,"pulling": 1,"pull": 0.65},"model": "item/bowblade_arcane_pulling_1"},
        {"predicate": { "custom_model_data": 25,"pulling": 1,"pull": 0.9}, "model": "item/bowblade_arcane_pulling_2"},
        {"predicate": { "custom_model_data": 26}, "model": "item/bowblade_holy"},
        {"predicate": { "custom_model_data": 26,"pulling": 1}, "model": "item/bowblade_holy_pulling_0"},
        {"predicate": { "custom_model_data": 26,"pulling": 1,"pull": 0.65},"model": "item/bowblade_holy_pulling_1"},
        {"predicate": { "custom_model_data": 26,"pulling": 1,"pull": 0.9}, "model": "item/bowblade_holy_pulling_2"},
        {"predicate": { "custom_model_data": 27}, "model": "item/bowblade_fire"},
        {"predicate": { "custom_model_data": 27,"pulling": 1}, "model": "item/bowblade_fire_pulling_0"},
        {"predicate": { "custom_model_data": 27,"pulling": 1,"pull": 0.65},"model": "item/bowblade_fire_pulling_1"},
        {"predicate": { "custom_model_data": 27,"pulling": 1,"pull": 0.9}, "model": "item/bowblade_fire_pulling_2"},
        {"predicate": { "custom_model_data": 30}, "model": "item/longbow"},	
        {"predicate": { "custom_model_data": 30,"pulling": 1}, "model": "item/longbow_pulling_0"},
        {"predicate": { "custom_model_data": 30,"pulling": 1,"pull": 0.65},"model": "item/longbow_pulling_1"},
        {"predicate": { "custom_model_data": 30,"pulling": 1,"pull": 0.9}, "model": "item/longbow_pulling_2"},
        {"predicate": { "custom_model_data": 31}, "model": "item/longbow_ice"},	
        {"predicate": { "custom_model_data": 31,"pulling": 1}, "model": "item/longbow_ice_pulling_0"},
        {"predicate": { "custom_model_data": 31,"pulling": 1,"pull": 0.65},"model": "item/longbow_ice_pulling_1"},
        {"predicate": { "custom_model_data": 31,"pulling": 1,"pull": 0.9}, "model": "item/longbow_ice_pulling_2"},
        {"predicate": { "custom_model_data": 32}, "model": "item/longbow_lightning"},	
        {"predicate": { "custom_model_data": 32,"pulling": 1}, "model": "item/longbow_lightning_pulling_0"},
        {"predicate": { "custom_model_data": 32,"pulling": 1,"pull": 0.65},"model": "item/longbow_lightning_pulling_1"},
        {"predicate": { "custom_model_data": 32,"pulling": 1,"pull": 0.9}, "model": "item/longbow_lightning_pulling_2"},
        {"predicate": { "custom_model_data": 33}, "model": "item/longbow_poison"},	
        {"predicate": { "custom_model_data": 33,"pulling": 1}, "model": "item/longbow_poison_pulling_0"},
        {"predicate": { "custom_model_data": 33,"pulling": 1,"pull": 0.65},"model": "item/longbow_poison_pulling_1"},
        {"predicate": { "custom_model_data": 33,"pulling": 1,"pull": 0.9}, "model": "item/longbow_poison_pulling_2"},
        {"predicate": { "custom_model_data": 34}, "model": "item/longbow_chaos"},	
        {"predicate": { "custom_model_data": 34,"pulling": 1}, "model": "item/longbow_chaos_pulling_0"},
        {"predicate": { "custom_model_data": 34,"pulling": 1,"pull": 0.65},"model": "item/longbow_chaos_pulling_1"},
        {"predicate": { "custom_model_data": 34,"pulling": 1,"pull": 0.9}, "model": "item/longbow_chaos_pulling_2"},
        {"predicate": { "custom_model_data": 35}, "model": "item/longbow_arcane"},	
        {"predicate": { "custom_model_data": 35,"pulling": 1}, "model": "item/longbow_arcane_pulling_0"},
        {"predicate": { "custom_model_data": 35,"pulling": 1,"pull": 0.65},"model": "item/longbow_arcane_pulling_1"},
        {"predicate": { "custom_model_data": 35,"pulling": 1,"pull": 0.9}, "model": "item/longbow_arcane_pulling_2"},
        {"predicate": { "custom_model_data": 36}, "model": "item/longbow_holy"},	
        {"predicate": { "custom_model_data": 36,"pulling": 1}, "model": "item/longbow_holy_pulling_0"},
        {"predicate": { "custom_model_data": 36,"pulling": 1,"pull": 0.65},"model": "item/longbow_holy_pulling_1"},
        {"predicate": { "custom_model_data": 36,"pulling": 1,"pull": 0.9}, "model": "item/longbow_holy_pulling_2"},
        {"predicate": { "custom_model_data": 37}, "model": "item/longbow_fire"},	
        {"predicate": { "custom_model_data": 37,"pulling": 1}, "model": "item/longbow_fire_pulling_0"},
        {"predicate": { "custom_model_data": 37,"pulling": 1,"pull": 0.65},"model": "item/longbow_fire_pulling_1"},
        {"predicate": { "custom_model_data": 37,"pulling": 1,"pull": 0.9}, "model": "item/longbow_fire_pulling_2"},
        {"predicate": { "custom_model_data": 40}, "model": "item/shortbow"},	
        {"predicate": { "custom_model_data": 40,"pulling": 1}, "model": "item/shortbow_pulling_0"},
        {"predicate": { "custom_model_data": 40,"pulling": 1,"pull": 0.65},"model": "item/shortbow_pulling_1"},
        {"predicate": { "custom_model_data": 40,"pulling": 1,"pull": 0.9}, "model": "item/shortbow_pulling_2"},
        {"predicate": { "custom_model_data": 41}, "model": "item/shortbow_ice"},	
        {"predicate": { "custom_model_data": 41,"pulling": 1}, "model": "item/shortbow_ice_pulling_0"},
        {"predicate": { "custom_model_data": 41,"pulling": 1,"pull": 0.65},"model": "item/shortbow_ice_pulling_1"},
        {"predicate": { "custom_model_data": 41,"pulling": 1,"pull": 0.9}, "model": "item/shortbow_ice_pulling_2"},
        {"predicate": { "custom_model_data": 42}, "model": "item/shortbow_lightning"},	
        {"predicate": { "custom_model_data": 42,"pulling": 1}, "model": "item/shortbow_lightning_pulling_0"},
        {"predicate": { "custom_model_data": 42,"pulling": 1,"pull": 0.65},"model": "item/shortbow_lightning_pulling_1"},
        {"predicate": { "custom_model_data": 42,"pulling": 1,"pull": 0.9}, "model": "item/shortbow_lightning_pulling_2"},
        {"predicate": { "custom_model_data": 43}, "model": "item/shortbow_poison"},	
        {"predicate": { "custom_model_data": 43,"pulling": 1}, "model": "item/shortbow_poison_pulling_0"},
        {"predicate": { "custom_model_data": 43,"pulling": 1,"pull": 0.65},"model": "item/shortbow_poison_pulling_1"},
        {"predicate": { "custom_model_data": 43,"pulling": 1,"pull": 0.9}, "model": "item/shortbow_poison_pulling_2"},
        {"predicate": { "custom_model_data": 44}, "model": "item/shortbow_chaos"},	
        {"predicate": { "custom_model_data": 44,"pulling": 1}, "model": "item/shortbow_chaos_pulling_0"},
        {"predicate": { "custom_model_data": 44,"pulling": 1,"pull": 0.65},"model": "item/shortbow_chaos_pulling_1"},
        {"predicate": { "custom_model_data": 44,"pulling": 1,"pull": 0.9}, "model": "item/shortbow_chaos_pulling_2"},
        {"predicate": { "custom_model_data": 45}, "model": "item/shortbow_arcane"},	
        {"predicate": { "custom_model_data": 45,"pulling": 1}, "model": "item/shortbow_arcane_pulling_0"},
        {"predicate": { "custom_model_data": 45,"pulling": 1,"pull": 0.65},"model": "item/shortbow_arcane_pulling_1"},
        {"predicate": { "custom_model_data": 45,"pulling": 1,"pull": 0.9}, "model": "item/shortbow_arcane_pulling_2"},
        {"predicate": { "custom_model_data": 46}, "model": "item/shortbow_holy"},	
        {"predicate": { "custom_model_data": 46,"pulling": 1}, "model": "item/shortbow_holy_pulling_0"},
        {"predicate": { "custom_model_data": 46,"pulling": 1,"pull": 0.65},"model": "item/shortbow_holy_pulling_1"},
        {"predicate": { "custom_model_data": 46,"pulling": 1,"pull": 0.9}, "model": "item/shortbow_holy_pulling_2"},
        {"predicate": { "custom_model_data": 47}, "model": "item/shortbow_fire"},	
        {"predicate": { "custom_model_data": 47,"pulling": 1}, "model": "item/shortbow_fire_pulling_0"},
        {"predicate": { "custom_model_data": 47,"pulling": 1,"pull": 0.65},"model": "item/shortbow_fire_pulling_1"},
        {"predicate": { "custom_model_data": 47,"pulling": 1,"pull": 0.9}, "model": "item/shortbow_fire_pulling_2"},
        {"predicate": { "custom_model_data": 50}, "model": "item/siege_bow"},	
        {"predicate": { "custom_model_data": 50,"pulling": 1}, "model": "item/siege_bow_pulling_0"},
        {"predicate": { "custom_model_data": 50,"pulling": 1,"pull": 0.65},"model": "item/siege_bow_pulling_1"},
        {"predicate": { "custom_model_data": 50,"pulling": 1,"pull": 0.9}, "model": "item/siege_bow_pulling_2"},
        {"predicate": { "custom_model_data": 51}, "model": "item/siege_bow_ice"},	
        {"predicate": { "custom_model_data": 51,"pulling": 1}, "model": "item/siege_bow_ice_pulling_0"},
        {"predicate": { "custom_model_data": 51,"pulling": 1,"pull": 0.65},"model": "item/siege_bow_ice_pulling_1"},
        {"predicate": { "custom_model_data": 51,"pulling": 1,"pull": 0.9}, "model": "item/siege_bow_ice_pulling_2"},
        {"predicate": { "custom_model_data": 52}, "model": "item/siege_bow_lightning"},	
        {"predicate": { "custom_model_data": 52,"pulling": 1}, "model": "item/siege_bow_lightning_pulling_0"},
        {"predicate": { "custom_model_data": 52,"pulling": 1,"pull": 0.65},"model": "item/siege_bow_lightning_pulling_1"},
        {"predicate": { "custom_model_data": 52,"pulling": 1,"pull": 0.9}, "model": "item/siege_bow_lightning_pulling_2"},
        {"predicate": { "custom_model_data": 53}, "model": "item/siege_bow_poison"},	
        {"predicate": { "custom_model_data": 53,"pulling": 1}, "model": "item/siege_bow_poison_pulling_0"},
        {"predicate": { "custom_model_data": 53,"pulling": 1,"pull": 0.65},"model": "item/siege_bow_poison_pulling_1"},
        {"predicate": { "custom_model_data": 53,"pulling": 1,"pull": 0.9}, "model": "item/siege_bow_poison_pulling_2"},
        {"predicate": { "custom_model_data": 54}, "model": "item/siege_bow_chaos"},	
        {"predicate": { "custom_model_data": 54,"pulling": 1}, "model": "item/siege_bow_chaos_pulling_0"},
        {"predicate": { "custom_model_data": 54,"pulling": 1,"pull": 0.65},"model": "item/siege_bow_chaos_pulling_1"},
        {"predicate": { "custom_model_data": 54,"pulling": 1,"pull": 0.9}, "model": "item/siege_bow_chaos_pulling_2"},
        {"predicate": { "custom_model_data": 55}, "model": "item/siege_bow_arcane"},	
        {"predicate": { "custom_model_data": 55,"pulling": 1}, "model": "item/siege_bow_arcane_pulling_0"},
        {"predicate": { "custom_model_data": 55,"pulling": 1,"pull": 0.65},"model": "item/siege_bow_arcane_pulling_1"},
        {"predicate": { "custom_model_data": 55,"pulling": 1,"pull": 0.9}, "model": "item/siege_bow_arcane_pulling_2"},
        {"predicate": { "custom_model_data": 56}, "model": "item/siege_bow_holy"},	
        {"predicate": { "custom_model_data": 56,"pulling": 1}, "model": "item/siege_bow_holy_pulling_0"},
        {"predicate": { "custom_model_data": 56,"pulling": 1,"pull": 0.65},"model": "item/siege_bow_holy_pulling_1"},
        {"predicate": { "custom_model_data": 56,"pulling": 1,"pull": 0.9}, "model": "item/siege_bow_holy_pulling_2"},
        {"predicate": { "custom_model_data": 57}, "model": "item/siege_bow_fire"},	
        {"predicate": { "custom_model_data": 57,"pulling": 1}, "model": "item/siege_bow_fire_pulling_0"},
        {"predicate": { "custom_model_data": 57,"pulling": 1,"pull": 0.65},"model": "item/siege_bow_fire_pulling_1"},
        {"predicate": { "custom_model_data": 57,"pulling": 1,"pull": 0.9}, "model": "item/siege_bow_fire_pulling_2"},
        {"predicate": { "custom_model_data": 80}, "model": "item/the_apostle"},	
        {"predicate": { "custom_model_data": 80,"pulling": 1}, "model": "item/the_apostle_pulling_0"},
        {"predicate": { "custom_model_data": 80,"pulling": 1,"pull": 0.65},"model": "item/the_apostle_pulling_1"},
        {"predicate": { "custom_model_data": 80,"pulling": 1,"pull": 0.9}, "model": "item/the_apostle_pulling_2"},
        {"predicate": { "custom_model_data": 81}, "model": "item/arachnophilia"},	
        {"predicate": { "custom_model_data": 81,"pulling": 1}, "model": "item/arachnophilia_pulling_0"},
        {"predicate": { "custom_model_data": 81,"pulling": 1,"pull": 0.65},"model": "item/arachnophilia_pulling_1"},
        {"predicate": { "custom_model_data": 81,"pulling": 1,"pull": 0.9}, "model": "item/arachnophilia_pulling_2"},
        {"predicate": { "custom_model_data": 82}, "model": "item/ghostflame"},	
        {"predicate": { "custom_model_data": 82,"pulling": 1}, "model": "item/ghostflame_pulling_0"},
        {"predicate": { "custom_model_data": 82,"pulling": 1,"pull": 0.65},"model": "item/ghostflame_pulling_1"},
        {"predicate": { "custom_model_data": 82,"pulling": 1,"pull": 0.9}, "model": "item/ghostflame_pulling_2"},
        {"predicate": { "custom_model_data": 83}, "model": "item/prismarine_bow"},	
        {"predicate": { "custom_model_data": 83,"pulling": 1}, "model": "item/prismarine_bow_pulling_0"},
        {"predicate": { "custom_model_data": 83,"pulling": 1,"pull": 0.65},"model": "item/prismarine_bow_pulling_1"},
        {"predicate": { "custom_model_data": 83,"pulling": 1,"pull": 0.9}, "model": "item/prismarine_bow_pulling_2"},
        {"predicate": { "custom_model_data": 84}, "model": "item/wildspark"},	
        {"predicate": { "custom_model_data": 84,"pulling": 1}, "model": "item/wildspark_pulling_0"},
        {"predicate": { "custom_model_data": 84,"pulling": 1,"pull": 0.65},"model": "item/wildspark_pulling_1"},
        {"predicate": { "custom_model_data": 84,"pulling": 1,"pull": 0.9}, "model": "item/wildspark_pulling_2"},
        {"predicate": { "custom_model_data": 85}, "model": "item/arctic_wrath"},	
        {"predicate": { "custom_model_data": 85,"pulling": 1}, "model": "item/arctic_wrath_pulling_0"},
        {"predicate": { "custom_model_data": 85,"pulling": 1,"pull": 0.65},"model": "item/arctic_wrath_pulling_1"},
        {"predicate": { "custom_model_data": 85,"pulling": 1,"pull": 0.9}, "model": "item/arctic_wrath_pulling_2"},
        {"predicate": { "custom_model_data": 86}, "model": "item/harbinger_of_pain"},	
        {"predicate": { "custom_model_data": 86,"pulling": 1}, "model": "item/harbinger_of_pain_pulling_0"},
        {"predicate": { "custom_model_data": 86,"pulling": 1,"pull": 0.65},"model": "item/harbinger_of_pain_pulling_1"},
        {"predicate": { "custom_model_data": 86,"pulling": 1,"pull": 0.9}, "model": "item/harbinger_of_pain_pulling_2"},
        {"predicate": { "custom_model_data": 87}, "model": "item/empyrian_herald"},	
        {"predicate": { "custom_model_data": 87,"pulling": 1}, "model": "item/empyrian_herald_pulling_0"},
        {"predicate": { "custom_model_data": 87,"pulling": 1,"pull": 0.65},"model": "item/empyrian_herald_pulling_1"},
        {"predicate": { "custom_model_data": 87,"pulling": 1,"pull": 0.9}, "model": "item/empyrian_herald_pulling_2"},
        {"predicate": { "custom_model_data": 88}, "model": "item/protox_omen"},	
        {"predicate": { "custom_model_data": 88,"pulling": 1}, "model": "item/protox_omen_pulling_0"},
        {"predicate": { "custom_model_data": 88,"pulling": 1,"pull": 0.65},"model": "item/protox_omen_pulling_1"},
        {"predicate": { "custom_model_data": 88,"pulling": 1,"pull": 0.9}, "model": "item/protox_omen_pulling_2"},
        {"predicate": { "custom_model_data": 89}, "model": "item/stormdancer"},	
        {"predicate": { "custom_model_data": 89,"pulling": 1}, "model": "item/stormdancer_pulling_0"},
        {"predicate": { "custom_model_data": 89,"pulling": 1,"pull": 0.65},"model": "item/stormdancer_pulling_1"},
        {"predicate": { "custom_model_data": 89,"pulling": 1,"pull": 0.9}, "model": "item/stormdancer_pulling_2"},
        {"predicate": { "custom_model_data": 90}, "model": "item/the_sting"},	
        {"predicate": { "custom_model_data": 90,"pulling": 1}, "model": "item/the_sting_pulling_0"},
        {"predicate": { "custom_model_data": 90,"pulling": 1,"pull": 0.65},"model": "item/the_sting_pulling_1"},
        {"predicate": { "custom_model_data": 90,"pulling": 1,"pull": 0.9}, "model": "item/the_sting_pulling_2"},
        {"predicate": { "custom_model_data": 91}, "model": "item/absolute_zero"},	
        {"predicate": { "custom_model_data": 91,"pulling": 1}, "model": "item/absolute_zero_pulling_0"},
        {"predicate": { "custom_model_data": 91,"pulling": 1,"pull": 0.65},"model": "item/absolute_zero_pulling_1"},
        {"predicate": { "custom_model_data": 91,"pulling": 1,"pull": 0.9}, "model": "item/absolute_zero_pulling_2"},
        {"predicate": { "custom_model_data": 92}, "model": "item/dark_whispers"},	
        {"predicate": { "custom_model_data": 92,"pulling": 1}, "model": "item/dark_whispers_pulling_0"},
        {"predicate": { "custom_model_data": 92,"pulling": 1,"pull": 0.65},"model": "item/dark_whispers_pulling_1"},
        {"predicate": { "custom_model_data": 92,"pulling": 1,"pull": 0.9}, "model": "item/dark_whispers_pulling_2"},
        {"predicate": { "custom_model_data": 93}, "model": "item/cataclysm"},	
        {"predicate": { "custom_model_data": 93,"pulling": 1}, "model": "item/cataclysm_pulling_0"},
        {"predicate": { "custom_model_data": 93,"pulling": 1,"pull": 0.65},"model": "item/cataclysm_pulling_1"},
        {"predicate": { "custom_model_data": 93,"pulling": 1,"pull": 0.9}, "model": "item/cataclysm_pulling_2"},
        {"predicate": { "custom_model_data": 95}, "model": "item/corrupted_bow"},
        {"predicate": { "custom_model_data": 95,"pulling": 1}, "model": "item/corrupted_bow_0"},
        {"predicate": { "custom_model_data": 95,"pulling": 1,"pull": 0.65},"model": "item/corrupted_bow_1"},
        {"predicate": { "custom_model_data": 95,"pulling": 1,"pull": 0.9}, "model": "item/corrupted_bow_2"},
        {"predicate": { "custom_model_data": 96}, "model": "item/the_apostle_void"},
        {"predicate": { "custom_model_data": 96,"pulling": 1}, "model": "item/the_apostle_void_pulling_0"},
        {"predicate": { "custom_model_data": 96,"pulling": 1,"pull": 0.65},"model": "item/the_apostle_void_pulling_1"},
        {"predicate": { "custom_model_data": 96,"pulling": 1,"pull": 0.9}, "model": "item/the_apostle_void_pulling_2"},
        {"predicate": { "custom_model_data": 100}, "model": "item/ivory_bow"},	
        {"predicate": { "custom_model_data": 100,"pulling": 1}, "model": "item/ivory_bow_pulling_0"},
        {"predicate": { "custom_model_data": 100,"pulling": 1,"pull": 0.65},"model": "item/ivory_bow_pulling_1"},
        {"predicate": { "custom_model_data": 100,"pulling": 1,"pull": 0.9}, "model": "item/ivory_bow_pulling_2"},
        {"predicate": { "custom_model_data": 101}, "model": "item/ivory_bow_ice"},	
        {"predicate": { "custom_model_data": 101,"pulling": 1}, "model": "item/ivory_bow_ice_pulling_0"},
        {"predicate": { "custom_model_data": 101,"pulling": 1,"pull": 0.65},"model": "item/ivory_bow_ice_pulling_1"},
        {"predicate": { "custom_model_data": 101,"pulling": 1,"pull": 0.9}, "model": "item/ivory_bow_ice_pulling_2"},
        {"predicate": { "custom_model_data": 102}, "model": "item/ivory_bow_lightning"},	
        {"predicate": { "custom_model_data": 102,"pulling": 1}, "model": "item/ivory_bow_lightning_pulling_0"},
        {"predicate": { "custom_model_data": 102,"pulling": 1,"pull": 0.65},"model": "item/ivory_bow_lightning_pulling_1"},
        {"predicate": { "custom_model_data": 102,"pulling": 1,"pull": 0.9}, "model": "item/ivory_bow_lightning_pulling_2"},
        {"predicate": { "custom_model_data": 103}, "model": "item/ivory_bow_poison"},	
        {"predicate": { "custom_model_data": 103,"pulling": 1}, "model": "item/ivory_bow_poison_pulling_0"},
        {"predicate": { "custom_model_data": 103,"pulling": 1,"pull": 0.65},"model": "item/ivory_bow_poison_pulling_1"},
        {"predicate": { "custom_model_data": 103,"pulling": 1,"pull": 0.9}, "model": "item/ivory_bow_poison_pulling_2"},
        {"predicate": { "custom_model_data": 104}, "model": "item/ivory_bow_chaos"},	
        {"predicate": { "custom_model_data": 104,"pulling": 1}, "model": "item/ivory_bow_chaos_pulling_0"},
        {"predicate": { "custom_model_data": 104,"pulling": 1,"pull": 0.65},"model": "item/ivory_bow_chaos_pulling_1"},
        {"predicate": { "custom_model_data": 104,"pulling": 1,"pull": 0.9}, "model": "item/ivory_bow_chaos_pulling_2"},
        {"predicate": { "custom_model_data": 105}, "model": "item/ivory_bow_arcane"},	
        {"predicate": { "custom_model_data": 105,"pulling": 1}, "model": "item/ivory_bow_arcane_pulling_0"},
        {"predicate": { "custom_model_data": 105,"pulling": 1,"pull": 0.65},"model": "item/ivory_bow_arcane_pulling_1"},
        {"predicate": { "custom_model_data": 105,"pulling": 1,"pull": 0.9}, "model": "item/ivory_bow_arcane_pulling_2"},
        {"predicate": { "custom_model_data": 106}, "model": "item/ivory_bow_holy"},	
        {"predicate": { "custom_model_data": 106,"pulling": 1}, "model": "item/ivory_bow_holy_pulling_0"},
        {"predicate": { "custom_model_data": 106,"pulling": 1,"pull": 0.65},"model": "item/ivory_bow_holy_pulling_1"},
        {"predicate": { "custom_model_data": 106,"pulling": 1,"pull": 0.9}, "model": "item/ivory_bow_holy_pulling_2"},
        {"predicate": { "custom_model_data": 107}, "model": "item/ivory_bow_fire"},	
        {"predicate": { "custom_model_data": 107,"pulling": 1}, "model": "item/ivory_bow_fire_pulling_0"},
        {"predicate": { "custom_model_data": 107,"pulling": 1,"pull": 0.65},"model": "item/ivory_bow_fire_pulling_1"},
        {"predicate": { "custom_model_data": 107,"pulling": 1,"pull": 0.9}, "model": "item/ivory_bow_fire_pulling_2"},
        {"predicate": { "custom_model_data": 110}, "model": "item/primal_bow"},	
        {"predicate": { "custom_model_data": 110,"pulling": 1}, "model": "item/primal_bow_pulling_0"},
        {"predicate": { "custom_model_data": 110,"pulling": 1,"pull": 0.65},"model": "item/primal_bow_pulling_1"},
        {"predicate": { "custom_model_data": 110,"pulling": 1,"pull": 0.9}, "model": "item/primal_bow_pulling_2"},
        {"predicate": { "custom_model_data": 111}, "model": "item/primal_bow_ice"},	
        {"predicate": { "custom_model_data": 111,"pulling": 1}, "model": "item/primal_bow_ice_pulling_0"},
        {"predicate": { "custom_model_data": 111,"pulling": 1,"pull": 0.65},"model": "item/primal_bow_ice_pulling_1"},
        {"predicate": { "custom_model_data": 111,"pulling": 1,"pull": 0.9}, "model": "item/primal_bow_ice_pulling_2"},
        {"predicate": { "custom_model_data": 112}, "model": "item/primal_bow_lightning"},	
        {"predicate": { "custom_model_data": 112,"pulling": 1}, "model": "item/primal_bow_lightning_pulling_0"},
        {"predicate": { "custom_model_data": 112,"pulling": 1,"pull": 0.65},"model": "item/primal_bow_lightning_pulling_1"},
        {"predicate": { "custom_model_data": 112,"pulling": 1,"pull": 0.9}, "model": "item/primal_bow_lightning_pulling_2"},
        {"predicate": { "custom_model_data": 113}, "model": "item/primal_bow_poison"},	
        {"predicate": { "custom_model_data": 113,"pulling": 1}, "model": "item/primal_bow_poison_pulling_0"},
        {"predicate": { "custom_model_data": 113,"pulling": 1,"pull": 0.65},"model": "item/primal_bow_poison_pulling_1"},
        {"predicate": { "custom_model_data": 113,"pulling": 1,"pull": 0.9}, "model": "item/primal_bow_poison_pulling_2"},
        {"predicate": { "custom_model_data": 114}, "model": "item/primal_bow_chaos"},	
        {"predicate": { "custom_model_data": 114,"pulling": 1}, "model": "item/primal_bow_chaos_pulling_0"},
        {"predicate": { "custom_model_data": 114,"pulling": 1,"pull": 0.65},"model": "item/primal_bow_chaos_pulling_1"},
        {"predicate": { "custom_model_data": 114,"pulling": 1,"pull": 0.9}, "model": "item/primal_bow_chaos_pulling_2"},
        {"predicate": { "custom_model_data": 115}, "model": "item/primal_bow_arcane"},	
        {"predicate": { "custom_model_data": 115,"pulling": 1}, "model": "item/primal_bow_arcane_pulling_0"},
        {"predicate": { "custom_model_data": 115,"pulling": 1,"pull": 0.65},"model": "item/primal_bow_arcane_pulling_1"},
        {"predicate": { "custom_model_data": 115,"pulling": 1,"pull": 0.9}, "model": "item/primal_bow_arcane_pulling_2"},
        {"predicate": { "custom_model_data": 116}, "model": "item/primal_bow_holy"},	
        {"predicate": { "custom_model_data": 116,"pulling": 1}, "model": "item/primal_bow_holy_pulling_0"},
        {"predicate": { "custom_model_data": 116,"pulling": 1,"pull": 0.65},"model": "item/primal_bow_holy_pulling_1"},
        {"predicate": { "custom_model_data": 116,"pulling": 1,"pull": 0.9}, "model": "item/primal_bow_holy_pulling_2"},
        {"predicate": { "custom_model_data": 117}, "model": "item/primal_bow_fire"},	
        {"predicate": { "custom_model_data": 117,"pulling": 1}, "model": "item/primal_bow_fire_pulling_0"},
        {"predicate": { "custom_model_data": 117,"pulling": 1,"pull": 0.65},"model": "item/primal_bow_fire_pulling_1"},
        {"predicate": { "custom_model_data": 117,"pulling": 1,"pull": 0.9}, "model": "item/primal_bow_fire_pulling_2"}
    ]
}