{
  "parent": "minecraft:item/handheld",
  "textures": {
    "layer0": "minecraft:item/celestial_torch"
  },
  "display": {
		"thirdperson_righthand": {
			"rotation": [90, -90, 45],
			"translation": [0, 5, 3.5]
		},
		"thirdperson_lefthand": {
			"rotation": [-45, 90, 90],
			"translation": [0, 5, 3.5]
		},
		"firstperson_righthand": {
			"rotation": [0, -90, 15],
			"translation": [6, 1.5, -4],
			"scale": [1.2, 1.2, 1.2]
		},
		"firstperson_lefthand": {
			"rotation": [-15, 90, 0],
			"translation": [6, 1.5, -4],
			"scale": [1.2, 1.2, 1.2]
		},
		"ground": {
			"scale": [0.5, 0.5, 1]
		},
		"head": {
			"translation": [0, 8, 0]
		}
	}
}