{
	"credit": "Made with Blockbench",
	"textures": {
		"1": "item/chaos_sphere_charged",
		"particle": "item/chaos_sphere_charged"
	},
	"elements": [
		{
			"from": [6, 0, 6],
			"to": [10, 4, 10],
			"rotation": {"angle": 0, "axis": "y", "origin": [14, 8, 14]},
			"faces": {
				"north": {"uv": [0, 0, 4, 4], "texture": "#1"},
				"east": {"uv": [0, 0, 4, 4], "texture": "#1"},
				"south": {"uv": [5, 0, 9, 4], "texture": "#1"},
				"west": {"uv": [0, 5, 4, 9], "texture": "#1"},
				"up": {"uv": [5, 0, 9, 4], "texture": "#1"},
				"down": {"uv": [0, 5, 4, 9], "texture": "#1"}
			}
		}
	],
	"display": {
		"thirdperson_righthand": {
			"rotation": [45, 45, 0],
			"translation": [0, 8, 6]
		},
		"thirdperson_lefthand": {
			"rotation": [45, 45.5, 0],
			"translation": [0, 8, 6]
		},
		"firstperson_righthand": {
			"rotation": [45, 45, 0],
			"translation": [-2, 7.25, 6]
		},
		"firstperson_lefthand": {
			"rotation": [45, 45, 0],
			"translation": [-2, 7.25, 6]
		},
		"ground": {
			"translation": [0, 4.25, 0]
		},
		"gui": {
			"rotation": [45, 45, 0],
			"translation": [0, 8.5, 0],
			"scale": [2, 2, 2]
		},
		"head": {
			"translation": [0, 20.5, 0],
			"scale": [3.46, 3.46, 3.46]
		},
		"fixed": {
			"translation": [0, 14.25, 0],
			"scale": [2.33, 2.33, 2.33]
		}
	}
}