{
	"parent": "item/handheld",
	"textures": {
		"layer0": "item/great_axe_blood"
	},
	"display": {
        "thirdperson_righthand": {
            "rotation": [ 0, -90, 44],
            "translation": [ 0, 5, 2],
            "scale": [ 2, 2, 1]
        },
		"thirdperson_lefthand": {
            "rotation": [ 0, 90, -44],
            "translation": [ 0, 5, 2],
            "scale": [ 2, 2, 1]
        },
        "firstperson_righthand": {
            "rotation": [ 0, -90, 60 ],
            "translation": [ 6, 2, -4 ],
            "scale": [ 1.8, 1.8, 1.2 ]
        },
        "firstperson_lefthand": {
            "rotation": [ 0, 90, -60 ],
            "translation": [ 6, 2, -4 ],
            "scale": [ 1.8, 1.8, 1.2 ]
        }
    }
}