{
  "parent": "minecraft:item/handheld",
  "textures": {
    "layer0": "minecraft:item/iron_pickaxe"
  },
    "overrides": [
  { "predicate": { "custom_model_data": 1}, "model": "item/iron_pickaxe_arcane" },
  { "predicate": { "custom_model_data": 2}, "model": "item/iron_pickaxe_fire" },
  { "predicate": { "custom_model_data": 3}, "model": "item/iron_pickaxe_holy" },
  { "predicate": { "custom_model_data": 4}, "model": "item/iron_pickaxe_lightning" },
  { "predicate": { "custom_model_data": 100}, "model": "item/the_sentinel" },
  { "predicate": { "custom_model_data": 101}, "model": "item/arcanivore" },
  { "predicate": { "custom_model_data": 102}, "model": "item/dalrons_prophecy" },
  { "predicate": { "custom_model_data": 103}, "model": "item/windward" },
  { "predicate": { "custom_model_data": 104}, "model": "item/rockblaster" }
    ]
}