{
  "parent": "minecraft:item/generated",
  "textures": {
    "layer0": "minecraft:item/iron_horse_armor"
  }
  ,
    "overrides": [
	{ "predicate": { "custom_model_data": 10}, "model": "item/r_arcane" },
	{ "predicate": { "custom_model_data": 11}, "model": "item/r_blood" },
	{ "predicate": { "custom_model_data": 12}, "model": "item/r_chaos" },     
	{ "predicate": { "custom_model_data": 13}, "model": "item/r_fire" },
	{ "predicate": { "custom_model_data": 14}, "model": "item/r_holy" },
	{ "predicate": { "custom_model_data": 15}, "model": "item/r_ice" },
	{ "predicate": { "custom_model_data": 16}, "model": "item/r_lightning" },
	{ "predicate": { "custom_model_data": 17}, "model": "item/r_poison" },
	{ "predicate": { "custom_model_data": 20}, "model": "item/r_arcane_2" },
	{ "predicate": { "custom_model_data": 21}, "model": "item/r_blood_2" },
	{ "predicate": { "custom_model_data": 22}, "model": "item/r_chaos_2" },     
	{ "predicate": { "custom_model_data": 23}, "model": "item/r_fire_2" },
	{ "predicate": { "custom_model_data": 24}, "model": "item/r_holy_2" },
	{ "predicate": { "custom_model_data": 25}, "model": "item/r_ice_2" },
	{ "predicate": { "custom_model_data": 26}, "model": "item/r_lightning_2" },
	{ "predicate": { "custom_model_data": 27}, "model": "item/r_poison_2" },
	{ "predicate": { "custom_model_data": 30}, "model": "item/bonesrune" },
	{ "predicate": { "custom_model_data": 31}, "model": "item/crabrune" },
	{ "predicate": { "custom_model_data": 32}, "model": "item/dragonrune" },
	{ "predicate": { "custom_model_data": 33}, "model": "item/enderrune" },
	{ "predicate": { "custom_model_data": 34}, "model": "item/guardianrune" },
	{ "predicate": { "custom_model_data": 35}, "model": "item/hawkrune" },
	{ "predicate": { "custom_model_data": 36}, "model": "item/lionrune" },
	{ "predicate": { "custom_model_data": 37}, "model": "item/mammothrune" },
	{ "predicate": { "custom_model_data": 38}, "model": "item/mantisrune" },
	{ "predicate": { "custom_model_data": 39}, "model": "item/snakerune" },
	{ "predicate": { "custom_model_data": 40}, "model": "item/turtlerune" },
	{ "predicate": { "custom_model_data": 41}, "model": "item/voidrune" },
	{ "predicate": { "custom_model_data": 42}, "model": "item/wardenrune" },
	{ "predicate": { "custom_model_data": 43}, "model": "item/wyrmrune" },
	{ "predicate": { "custom_model_data": 50}, "model": "item/decorated_rock" },
	{ "predicate": { "custom_model_data": 51}, "model": "item/poison_gland" },
	{ "predicate": { "custom_model_data": 52}, "model": "item/luminous_ruby" },
	{ "predicate": { "custom_model_data": 53}, "model": "item/ancient_spellbook" },
	{ "predicate": { "custom_model_data": 54}, "model": "item/bag_of_crystals" },
	{ "predicate": { "custom_model_data": 55}, "model": "item/ball_lightning" },
	{ "predicate": { "custom_model_data": 56}, "model": "item/celestial_torch" },
	{ "predicate": { "custom_model_data": 57}, "model": "item/effigy_of_pestilence" },
	{ "predicate": { "custom_model_data": 58}, "model": "item/empyrian_idol" },
	{ "predicate": { "custom_model_data": 59}, "model": "item/golden_aegis" },
	{ "predicate": { "custom_model_data": 60}, "model": "item/obsidian_purse" },
	{ "predicate": { "custom_model_data": 61}, "model": "item/occultists_glove" },
	{ "predicate": { "custom_model_data": 62}, "model": "item/radiant_sapphire" },
	{ "predicate": { "custom_model_data": 63}, "model": "item/searing_totem" },
	{ "predicate": { "custom_model_data": 64}, "model": "item/void_shard" },
	{ "predicate": { "custom_model_data": 65}, "model": "item/void_stone" },
	{ "predicate": { "custom_model_data": 66}, "model": "item/shrinkhead" },
	{ "predicate": { "custom_model_data": 67}, "model": "item/heart_of_ice" },
	{ "predicate": { "custom_model_data": 80}, "model": "item/crypt_key" },
	{ "predicate": { "custom_model_data": 81}, "model": "item/obsidian_key" },
	{ "predicate": { "custom_model_data": 82}, "model": "item/obsidian_key_1" },
	{ "predicate": { "custom_model_data": 83}, "model": "item/obsidian_key_2" },
	{ "predicate": { "custom_model_data": 84}, "model": "item/simulacrum_key_1" },
	{ "predicate": { "custom_model_data": 85}, "model": "item/simulacrum_key_2" },
	{ "predicate": { "custom_model_data": 86}, "model": "item/idol_of_paranoia" },
	{ "predicate": { "custom_model_data": 87}, "model": "item/idol_of_darkness" },
	{ "predicate": { "custom_model_data": 88}, "model": "item/crypt_key" },
	{ "predicate": { "custom_model_data": 89}, "model": "item/lodestar_lantern" },
	{ "predicate": { "custom_model_data": 90}, "model": "item/hallowed_jawbone" },
	{ "predicate": { "custom_model_data": 91}, "model": "item/hallowed_rib" },
	{ "predicate": { "custom_model_data": 92}, "model": "item/hallowed_femur" },
	{ "predicate": { "custom_model_data": 93}, "model": "item/voidtouched_totem" },
	{ "predicate": { "custom_model_data": 94}, "model": "item/voidtouched_effigy" },
	{ "predicate": { "custom_model_data": 95}, "model": "item/voidtouched_ruby" },
	{ "predicate": { "custom_model_data": 100}, "model": "item/tentacle" },
	{ "predicate": { "custom_model_data": 101}, "model": "item/magical_bar" },
	{ "predicate": { "custom_model_data": 102}, "model": "item/frost_ray" }
    ]
}