{
  "parent": "minecraft:item/handheld",
  "textures": {
    "layer0": "minecraft:item/iron_axe"
  },
    "overrides": [
	{ "predicate": { "custom_model_data": 10}, "model": "item/gluttony" },
	{ "predicate": { "custom_model_data": 11}, "model": "item/conflagration" },
	{ "predicate": { "custom_model_data": 90}, "model": "item/iron_axe" },
	{ "predicate": { "custom_model_data": 91}, "model": "item/base_iron_axe_fire" },
	{ "predicate": { "custom_model_data": 92}, "model": "item/base_iron_axe_ice" },
	{ "predicate": { "custom_model_data": 93}, "model": "item/base_iron_axe_blood" },
	{ "predicate": { "custom_model_data": 94}, "model": "item/base_iron_axe_lightning" },
	{ "predicate": { "custom_model_data": 95}, "model": "item/base_iron_axe_chaos" },
	{ "predicate": { "custom_model_data": 100}, "model": "item/battle_axe" },
	{ "predicate": { "custom_model_data": 101}, "model": "item/battle_axe_fire" },     
	{ "predicate": { "custom_model_data": 102}, "model": "item/battle_axe_ice" },
	{ "predicate": { "custom_model_data": 103}, "model": "item/battle_axe_blood" },
	{ "predicate": { "custom_model_data": 104}, "model": "item/battle_axe_lightning" },
	{ "predicate": { "custom_model_data": 105}, "model": "item/battle_axe_chaos" },
	{ "predicate": { "custom_model_data": 110}, "model": "item/halberd" },
	{ "predicate": { "custom_model_data": 111}, "model": "item/halberd_fire" },
	{ "predicate": { "custom_model_data": 112}, "model": "item/halberd_ice" },
	{ "predicate": { "custom_model_data": 113}, "model": "item/halberd_blood" },
	{ "predicate": { "custom_model_data": 114}, "model": "item/halberd_lightning" },
	{ "predicate": { "custom_model_data": 115}, "model": "item/halberd_chaos" },
	{ "predicate": { "custom_model_data": 120}, "model": "item/labrys" },
	{ "predicate": { "custom_model_data": 121}, "model": "item/labrys_fire" },
	{ "predicate": { "custom_model_data": 122}, "model": "item/labrys_ice" },
	{ "predicate": { "custom_model_data": 123}, "model": "item/labrys_blood" },
	{ "predicate": { "custom_model_data": 124}, "model": "item/labrys_lightning" },
	{ "predicate": { "custom_model_data": 125}, "model": "item/labrys_chaos" },
	{ "predicate": { "custom_model_data": 130}, "model": "item/ornate_axe" },
	{ "predicate": { "custom_model_data": 131}, "model": "item/ornate_axe_fire" },
	{ "predicate": { "custom_model_data": 132}, "model": "item/ornate_axe_ice" },
	{ "predicate": { "custom_model_data": 133}, "model": "item/ornate_axe_blood" },
	{ "predicate": { "custom_model_data": 134}, "model": "item/ornate_axe_lightning" },
	{ "predicate": { "custom_model_data": 135}, "model": "item/ornate_axe_chaos" },
	{ "predicate": { "custom_model_data": 140}, "model": "item/poleaxe" },
	{ "predicate": { "custom_model_data": 141}, "model": "item/poleaxe_fire" },
	{ "predicate": { "custom_model_data": 142}, "model": "item/poleaxe_ice" },
	{ "predicate": { "custom_model_data": 143}, "model": "item/poleaxe_blood" },
	{ "predicate": { "custom_model_data": 144}, "model": "item/poleaxe_lightning" },
	{ "predicate": { "custom_model_data": 145}, "model": "item/poleaxe_chaos" }
    ]
}