{
	"credit": "Made with Blockbench",
	"texture_size": [64, 64],
	"textures": {
		"0": "cmd/card",
		"particle": "cmd/card"
	},
	"elements": [
		{
			"from": [4, 0, 8],
			"to": [12, 4, 8.1],
			"faces": {
				"north": {"uv": [0, 8.0625, 16, 16.0625], "texture": "#0"},
				"east": {"uv": [0.3125, 0, 0.3375, 8], "texture": "#0"},
				"south": {"uv": [0.0625, 0, 16.0625, 8], "texture": "#0"},
				"west": {"uv": [15.625, 0, 15.65, 8], "texture": "#0"},
				"up": {"uv": [0, 0.5625, 16, 0.5875], "texture": "#0"},
				"down": {"uv": [0.0625, 15.6875, 16.0625, 15.7125], "texture": "#0"}
			}
		}
	],
	"display": {
		"thirdperson_righthand": {
			"rotation": [35, 0, -12],
			"translation": [-2.25, 4.25, 3.5],
			"scale": [0.7, 0.7, 0.7]
		},
		"thirdperson_lefthand": {
			"rotation": [35, -180, 19],
			"translation": [-2.25, 4.25, 4],
			"scale": [0.7, 0.7, 0.7]
		},
		"firstperson_righthand": {
			"rotation": [-14, -15, -5],
			"translation": [0, 8.75, -2],
			"scale": [1.2, 1.2, 1.2]
		},
		"firstperson_lefthand": {
			"rotation": [-14, -180, -5],
			"translation": [-1, 8.75, -2],
			"scale": [1.2, 1.2, 1.2]
		},
		"ground": {
			"rotation": [-25, 0, 0],
			"translation": [0, 5.5, -1.5],
			"scale": [0.5, 0.5, 0.5]
		},
		"gui": {
			"rotation": [-28, 27, 39],
			"translation": [-6.75, 10, 0],
			"scale": [2, 2, 2]
		},
		"head": {
			"rotation": [0, 180, 0],
			"translation": [0, 11.5, -6.5]
		},
		"fixed": {
			"translation": [0, 7, 0.75]
		}
	}
}