{
	"credit": "Made with Blockbench",
	"textures": {
		"0": "cmd/fork",
		"particle": "cmd/fork"
	},
	"elements": [
		{
			"from": [11, -7, 8],
			"to": [15, -3, 9],
			"faces": {
				"north": {"uv": [0, 0, 4, 4], "texture": "#0"},
				"east": {"uv": [0, 0, 1, 4], "texture": "#0"},
				"south": {"uv": [0, 0, 4, 4], "texture": "#0"},
				"west": {"uv": [0, 0, 1, 4], "texture": "#0"},
				"up": {"uv": [0, 0, 4, 1], "texture": "#0"},
				"down": {"uv": [0, 0, 4, 1], "texture": "#0"}
			}
		},
		{
			"from": [11, 3, 8],
			"to": [15, 7, 9],
			"faces": {
				"north": {"uv": [0, 0, 4, 4], "texture": "#0"},
				"east": {"uv": [0, 0, 1, 4], "texture": "#0"},
				"south": {"uv": [0, 0, 4, 4], "texture": "#0"},
				"west": {"uv": [0, 0, 1, 4], "texture": "#0"},
				"up": {"uv": [0, 0, 4, 1], "texture": "#0"},
				"down": {"uv": [0, 0, 4, 1], "texture": "#0"}
			}
		},
		{
			"from": [1, 3, 8],
			"to": [5, 7, 9],
			"faces": {
				"north": {"uv": [0, 0, 4, 4], "texture": "#0"},
				"east": {"uv": [0, 0, 1, 4], "texture": "#0"},
				"south": {"uv": [0, 0, 4, 4], "texture": "#0"},
				"west": {"uv": [0, 0, 1, 4], "texture": "#0"},
				"up": {"uv": [0, 0, 4, 1], "texture": "#0"},
				"down": {"uv": [0, 0, 4, 1], "texture": "#0"}
			}
		},
		{
			"from": [1, -7, 8],
			"to": [5, -3, 9],
			"faces": {
				"north": {"uv": [0, 0, 4, 4], "texture": "#0"},
				"east": {"uv": [0, 0, 1, 4], "texture": "#0"},
				"south": {"uv": [0, 0, 4, 4], "texture": "#0"},
				"west": {"uv": [0, 0, 1, 4], "texture": "#0"},
				"up": {"uv": [0, 0, 4, 1], "texture": "#0"},
				"down": {"uv": [0, 0, 4, 1], "texture": "#0"}
			}
		},
		{
			"from": [5, -3, 8],
			"to": [11, 3, 9],
			"faces": {
				"north": {"uv": [0, 0, 6, 6], "texture": "#0"},
				"east": {"uv": [0, 0, 1, 6], "texture": "#0"},
				"south": {"uv": [0, 0, 6, 6], "texture": "#0"},
				"west": {"uv": [0, 0, 1, 6], "texture": "#0"},
				"up": {"uv": [0, 0, 6, 1], "texture": "#0"},
				"down": {"uv": [0, 0, 6, 1], "texture": "#0"}
			}
		},
		{
			"from": [9, -5, 8.1],
			"to": [13, -1, 9],
			"faces": {
				"north": {"uv": [0, 0, 4, 4], "texture": "#0"},
				"east": {"uv": [0, 0, 0.9, 4], "texture": "#0"},
				"south": {"uv": [0, 0, 4, 4], "texture": "#0"},
				"west": {"uv": [0, 0, 0.9, 4], "texture": "#0"},
				"up": {"uv": [0, 0, 4, 0.9], "texture": "#0"},
				"down": {"uv": [0, 0, 4, 0.9], "texture": "#0"}
			}
		},
		{
			"from": [10, 1, 8.1],
			"to": [14, 5, 9],
			"faces": {
				"north": {"uv": [0, 0, 4, 4], "texture": "#0"},
				"east": {"uv": [0, 0, 0.9, 4], "texture": "#0"},
				"south": {"uv": [0, 0, 4, 4], "texture": "#0"},
				"west": {"uv": [0, 0, 0.9, 4], "texture": "#0"},
				"up": {"uv": [0, 0, 4, 0.9], "texture": "#0"},
				"down": {"uv": [0, 0, 4, 0.9], "texture": "#0"}
			}
		},
		{
			"from": [2, 1, 8.1],
			"to": [6, 5, 9],
			"faces": {
				"north": {"uv": [0, 0, 4, 4], "texture": "#0"},
				"east": {"uv": [0, 0, 0.9, 4], "texture": "#0"},
				"south": {"uv": [0, 0, 4, 4], "texture": "#0"},
				"west": {"uv": [0, 0, 0.9, 4], "texture": "#0"},
				"up": {"uv": [0, 0, 4, 0.9], "texture": "#0"},
				"down": {"uv": [0, 0, 4, 0.9], "texture": "#0"}
			}
		},
		{
			"from": [3, -5, 8.1],
			"to": [7, -1, 9],
			"faces": {
				"north": {"uv": [0, 0, 4, 4], "texture": "#0"},
				"east": {"uv": [0, 0, 0.9, 4], "texture": "#0"},
				"south": {"uv": [0, 0, 4, 4], "texture": "#0"},
				"west": {"uv": [0, 0, 0.9, 4], "texture": "#0"},
				"up": {"uv": [0, 0, 4, 0.9], "texture": "#0"},
				"down": {"uv": [0, 0, 4, 0.9], "texture": "#0"}
			}
		}
	],
	"display": {
		"fixed": {
			"translation": [0, 11.75, -1],
			"scale": [1.5, 1.5, 1.5]
		}
	}
}