{
	"credit": "Made with Blockbench",
	"textures": {
		"0": "cmd/gift",
		"particle": "cmd/gift"
	},
	"elements": [
		{
			"from": [-4, 0, 1],
			"to": [28, 5, 15],
			"faces": {
				"north": {"uv": [14, 14, 16, 16], "texture": "#0"},
				"east": {"uv": [1, 11, 13, 16], "texture": "#0"},
				"south": {"uv": [14, 14, 16, 16], "texture": "#0"},
				"west": {"uv": [1, 11, 13, 16], "texture": "#0"},
				"up": {"uv": [14, 14, 16, 16], "texture": "#0"},
				"down": {"uv": [14, 14, 16, 16], "texture": "#0"}
			}
		},
		{
			"from": [-5, 5, 0],
			"to": [29, 9, 16],
			"faces": {
				"north": {"uv": [14, 14, 16, 16], "texture": "#0"},
				"east": {"uv": [1, 11, 13, 14], "texture": "#0"},
				"south": {"uv": [14, 14, 16, 16], "texture": "#0"},
				"west": {"uv": [1, 11, 13, 14], "texture": "#0"},
				"up": {"uv": [1, 11, 13, 14], "rotation": 90, "texture": "#0"},
				"down": {"uv": [1, 11, 13, 14], "rotation": 90, "texture": "#0"}
			}
		},
		{
			"from": [-1, 9, 3],
			"to": [9, 9.2, 13],
			"faces": {
				"north": {"uv": [0, 0, 1, 4], "rotation": 270, "texture": "#0"},
				"east": {"uv": [0, 0, 4, 1], "texture": "#0"},
				"south": {"uv": [0, 0, 1, 4], "rotation": 90, "texture": "#0"},
				"west": {"uv": [0, 0, 4, 1], "texture": "#0"},
				"up": {"uv": [0, 0, 4, 4], "rotation": 90, "texture": "#0"},
				"down": {"uv": [0, 0, 4, 4], "rotation": 90, "texture": "#0"}
			}
		}
	],
	"display": {
		"ground": {
			"translation": [-2.5, 3.25, 0],
			"scale": [0.5, 0.5, 0.5]
		},
		"gui": {
			"rotation": [35, 45, 0],
			"translation": [-1.5, 0, 0],
			"scale": [0.5, 0.5, 0.5]
		},
		"head": {
			"translation": [-10.25, -26.25, 0],
			"scale": [2, 2, 2]
		}
	}
}