{
	"credit": "Made with Blockbench",
	"textures": {
		"0": "cmd/little_girl",
		"particle": "cmd/little_girl"
	},
	"elements": [
		{
			"name": "right-hand",
			"from": [-6, 7, 6],
			"to": [0, 31, 14],
			"rotation": {"angle": 0, "axis": "y", "origin": [4, 22, 8]},
			"faces": {
				"north": {"uv": [12.75, 5, 13.5, 8], "texture": "#0"},
				"east": {"uv": [11.75, 5, 12.75, 8], "texture": "#0"},
				"south": {"uv": [11, 5, 11.75, 8], "texture": "#0"},
				"west": {"uv": [10, 5, 11, 8], "texture": "#0"},
				"up": {"uv": [11, 4, 11.5, 5], "texture": "#0"},
				"down": {"uv": [11.75, 4, 12.5, 5], "texture": "#0"}
			}
		},
		{
			"name": "out-right-hand",
			"from": [-6.1, 4.5, 5.9],
			"to": [0.3, 30.5, 14.3],
			"rotation": {"angle": 0, "axis": "y", "origin": [4, 22, 8]},
			"faces": {
				"north": {"uv": [12.75, 9, 13.5, 12], "texture": "#0"},
				"east": {"uv": [11.75, 9, 12.75, 12], "texture": "#0"},
				"south": {"uv": [11, 9, 11.75, 12], "texture": "#0"},
				"west": {"uv": [10, 9, 11, 12], "texture": "#0"},
				"up": {"uv": [11, 8, 11.75, 9], "texture": "#0"},
				"down": {"uv": [12, 8, 12, 9], "texture": "#0"}
			}
		},
		{
			"name": "left-hand",
			"from": [16, 7, 6],
			"to": [22, 31, 14],
			"rotation": {"angle": 0, "axis": "x", "origin": [12, 21.5, 8]},
			"faces": {
				"north": {"uv": [10.75, 13, 11.5, 16], "texture": "#0"},
				"east": {"uv": [9.75, 13, 10.75, 16], "texture": "#0"},
				"south": {"uv": [9, 13, 9.75, 16], "texture": "#0"},
				"west": {"uv": [8, 13, 9, 16], "texture": "#0"},
				"up": {"uv": [9, 12, 9.5, 13], "texture": "#0"},
				"down": {"uv": [9.75, 12, 10.5, 13], "texture": "#0"}
			}
		},
		{
			"name": "out-left-hand",
			"from": [15.9, 4.5, 5.9],
			"to": [22.3, 30.5, 14.3],
			"rotation": {"angle": 0, "axis": "x", "origin": [12, 21.5, 8]},
			"faces": {
				"north": {"uv": [14.75, 13, 15.5, 16], "texture": "#0"},
				"east": {"uv": [13.75, 13, 14.75, 16], "texture": "#0"},
				"south": {"uv": [13, 13, 13.75, 16], "texture": "#0"},
				"west": {"uv": [12, 13, 13, 16], "texture": "#0"},
				"up": {"uv": [13, 12, 13.5, 13], "texture": "#0"},
				"down": {"uv": [12, 12, 13, 13], "texture": "#0"}
			}
		},
		{
			"name": "body",
			"from": [0, 7.5, 6],
			"to": [16, 31.5, 14],
			"faces": {
				"north": {"uv": [8, 5, 10, 8], "texture": "#0"},
				"east": {"uv": [7, 5, 8, 8], "texture": "#0"},
				"south": {"uv": [5, 5, 7, 8], "texture": "#0"},
				"west": {"uv": [4, 5, 5, 8], "texture": "#0"},
				"up": {"uv": [5, 4, 7, 5], "texture": "#0"},
				"down": {"uv": [7, 5, 9, 4], "texture": "#0"}
			}
		},
		{
			"name": "out-body",
			"from": [-1.5, 8.5, 5.5],
			"to": [16.5, 30.5, 15.5],
			"faces": {
				"north": {"uv": [8, 9, 10, 12], "texture": "#0"},
				"east": {"uv": [7, 9, 8, 12], "texture": "#0"},
				"south": {"uv": [5, 9, 7, 12], "texture": "#0"},
				"west": {"uv": [4, 9, 5, 12], "texture": "#0"},
				"up": {"uv": [5, 8, 7, 9], "texture": "#0"},
				"down": {"uv": [7, 9, 9, 8], "texture": "#0"}
			}
		},
		{
			"name": "left-leg",
			"from": [8, -16, 6],
			"to": [16, 8, 14],
			"faces": {
				"north": {"uv": [7, 13, 8, 16], "texture": "#0"},
				"east": {"uv": [6, 13, 7, 16], "texture": "#0"},
				"south": {"uv": [5, 13, 6, 16], "texture": "#0"},
				"west": {"uv": [4, 13, 5, 16], "texture": "#0"},
				"up": {"uv": [1, 4, 2, 5], "texture": "#0"},
				"down": {"uv": [2, 4, 3, 5], "texture": "#0"}
			}
		},
		{
			"name": "out-left-leg",
			"from": [8, -15.5, 5.6],
			"to": [17, 9.5, 15.2],
			"faces": {
				"north": {"uv": [3, 13, 4, 16], "texture": "#0"},
				"east": {"uv": [2, 13, 3, 16], "texture": "#0"},
				"south": {"uv": [1, 13, 2, 16], "texture": "#0"},
				"west": {"uv": [0, 13, 1, 16], "texture": "#0"},
				"up": {"uv": [1, 8, 2, 9], "texture": "#0"},
				"down": {"uv": [2, 8, 3, 9], "texture": "#0"}
			}
		},
		{
			"name": "right-leg",
			"from": [0, -16, 6],
			"to": [8, 8, 14],
			"faces": {
				"north": {"uv": [4, 5, 3, 8], "texture": "#0"},
				"east": {"uv": [2, 5, 3, 8], "texture": "#0"},
				"south": {"uv": [1, 5, 2, 8], "texture": "#0"},
				"west": {"uv": [0, 5, 1, 8], "texture": "#0"},
				"up": {"uv": [1, 4, 2, 5], "texture": "#0"},
				"down": {"uv": [2, 4, 3, 5], "texture": "#0"}
			}
		},
		{
			"name": "out-right-leg",
			"from": [-0.5, -15.5, 5.6],
			"to": [8.5, 9.5, 15.2],
			"faces": {
				"north": {"uv": [3, 9, 4, 12], "texture": "#0"},
				"east": {"uv": [2, 9, 3, 12], "texture": "#0"},
				"south": {"uv": [1, 9, 2, 12], "texture": "#0"},
				"west": {"uv": [0, 9, 1, 12], "texture": "#0"},
				"up": {"uv": [1, 8, 2, 9], "texture": "#0"},
				"down": {"uv": [2, 8, 3, 9], "texture": "#0"}
			}
		}
	],
	"display": {
		"thirdperson_righthand": {
			"rotation": [90, -180, 0],
			"translation": [-6, -2, 8.75]
		},
		"thirdperson_lefthand": {
			"rotation": [90, -180, 0],
			"translation": [-6, -2, 8.75]
		},
		"firstperson_righthand": {
			"scale": [0.5, 0.5, 0.5]
		},
		"firstperson_lefthand": {
			"rotation": [61, -180, -6],
			"translation": [-1.25, 6.25, 3.25],
			"scale": [0.5, 0.5, 0.5]
		},
		"ground": {
			"rotation": [-25, 0, 0],
			"translation": [0, 5.5, 0],
			"scale": [0.5, 0.5, 0.5]
		},
		"gui": {
			"scale": [0.5, 0.5, 0.5]
		},
		"head": {
			"rotation": [0, 180, 0],
			"translation": [0, -30, 0],
			"scale": [2.5, 2.5, 2.5]
		},
		"fixed": {
			"rotation": [-90, 0, 0],
			"translation": [0, -2.75, -6]
		}
	},
	"groups": [
		{
			"name": "right_arm",
			"origin": [8, 8, 8],
			"color": 0,
			"children": [0, 1]
		},
		{
			"name": "left_arm",
			"origin": [8, 8, 8],
			"color": 0,
			"children": [2, 3]
		},
		{
			"name": "body",
			"origin": [8, 8, 8],
			"color": 0,
			"children": [4, 5]
		},
		{
			"name": "left_leg",
			"origin": [8, 8, 8],
			"color": 0,
			"children": [6, 7]
		},
		{
			"name": "right_leg",
			"origin": [8, 8, 8],
			"color": 0,
			"children": [8, 9]
		}
	]
}