{
	"credit": "Made with Blockbench",
	"texture_size": [64, 64],
	"textures": {
		"0": "cmd/little_girl",
		"particle": "cmd/little_girl"
	},
	"elements": [
		{
			"name": "head-in",
			"from": [0, -2.5, 0],
			"to": [16, 13.5, 16],
			"rotation": {"angle": 0, "axis": "y", "origin": [0, -26, 0]},
			"faces": {
				"north": {"uv": [6, 2, 8, 4], "texture": "#0"},
				"east": {"uv": [4, 2, 6, 4], "texture": "#0"},
				"south": {"uv": [2, 2, 4, 4], "texture": "#0"},
				"west": {"uv": [0, 2, 2, 4], "texture": "#0"},
				"up": {"uv": [2, 0, 4, 2], "texture": "#0"},
				"down": {"uv": [4, 0, 6, 2], "rotation": 180, "texture": "#0"}
			}
		},
		{
			"name": "eyes",
			"from": [3.5, 1.5, 16],
			"to": [5.3, 3.3, 16.2],
			"rotation": {"angle": 0, "axis": "y", "origin": [0, -26, 0]},
			"faces": {
				"north": {"uv": [6.5, 2.75, 6.75, 3], "texture": "#0"},
				"east": {"uv": [6.5, 2.75, 6.75, 3], "texture": "#0"},
				"south": {"uv": [6.5, 2.75, 6.75, 3], "texture": "#0"},
				"west": {"uv": [6.5, 2.75, 6.75, 3], "texture": "#0"},
				"up": {"uv": [6.5, 2.75, 6.75, 3], "texture": "#0"},
				"down": {"uv": [6.5, 2.75, 6.75, 3], "texture": "#0"}
			}
		},
		{
			"name": "eyes",
			"from": [10.5, 1.5, 16],
			"to": [12.3, 3.3, 16.2],
			"rotation": {"angle": 0, "axis": "y", "origin": [0, -26, 0]},
			"faces": {
				"north": {"uv": [6.5, 2.75, 6.75, 3], "texture": "#0"},
				"east": {"uv": [6.5, 2.75, 6.75, 3], "texture": "#0"},
				"south": {"uv": [6.5, 2.75, 6.75, 3], "texture": "#0"},
				"west": {"uv": [6.5, 2.75, 6.75, 3], "texture": "#0"},
				"up": {"uv": [6.5, 2.75, 6.75, 3], "texture": "#0"},
				"down": {"uv": [6.5, 2.75, 6.75, 3], "texture": "#0"}
			}
		},
		{
			"name": "hair",
			"from": [16, -2.5, -3],
			"to": [26, 1.5, -1],
			"rotation": {"angle": -22.5, "axis": "z", "origin": [14.5, -2.5, -2.5]},
			"faces": {
				"north": {"uv": [6, 2, 7.25, 2.5], "texture": "#0"},
				"east": {"uv": [4, 2, 4.25, 2.5], "texture": "#0"},
				"south": {"uv": [0.25, 2, 1.5, 2.5], "texture": "#0"},
				"west": {"uv": [0, 2, 0.25, 2.5], "texture": "#0"},
				"up": {"uv": [2, 0, 3.25, 0.25], "texture": "#0"},
				"down": {"uv": [0.25, 2, 1.5, 2.25], "texture": "#0"}
			}
		},
		{
			"name": "hair",
			"from": [-8, 2.5, -3],
			"to": [2, 6.5, -1],
			"rotation": {"angle": 22.5, "axis": "z", "origin": [14.5, -2.5, -2.5]},
			"faces": {
				"north": {"uv": [6, 2, 7.25, 2.5], "texture": "#0"},
				"east": {"uv": [4, 2, 4.25, 2.5], "texture": "#0"},
				"south": {"uv": [0.25, 2, 1.5, 2.5], "texture": "#0"},
				"west": {"uv": [0, 2, 0.25, 2.5], "texture": "#0"},
				"up": {"uv": [2, 0, 3.25, 0.25], "texture": "#0"},
				"down": {"uv": [0.25, 2, 1.5, 2.25], "texture": "#0"}
			}
		},
		{
			"name": "head-out",
			"from": [-0.5, -3, -0.5],
			"to": [17.5, 15, 17.5],
			"rotation": {"angle": 0, "axis": "y", "origin": [0, -26, 0]},
			"faces": {
				"north": {"uv": [14, 2, 16, 4], "texture": "#0"},
				"east": {"uv": [12, 2, 14, 4], "texture": "#0"},
				"south": {"uv": [10, 2, 12, 4], "texture": "#0"},
				"west": {"uv": [8, 2, 10, 4], "texture": "#0"},
				"up": {"uv": [10, 0, 12, 2], "texture": "#0"},
				"down": {"uv": [12, 2, 14, 0], "texture": "#0"}
			}
		}
	],
	"display": {
		"thirdperson_righthand": {
			"rotation": [90, -180, 0],
			"translation": [-6, -2, 8.75]
		},
		"thirdperson_lefthand": {
			"rotation": [90, -180, 0],
			"translation": [-6, -2, 8.75]
		},
		"firstperson_righthand": {
			"scale": [0.5, 0.5, 0.5]
		},
		"firstperson_lefthand": {
			"rotation": [61, -180, -6],
			"translation": [-1.25, 6.25, 3.25],
			"scale": [0.5, 0.5, 0.5]
		},
		"ground": {
			"rotation": [-25, 0, 0],
			"translation": [0, 5.5, 0],
			"scale": [0.5, 0.5, 0.5]
		},
		"gui": {
			"scale": [0.5, 0.5, 0.5]
		},
		"head": {
			"rotation": [0, 180, 0],
			"translation": [0, -16, 0],
			"scale": [2.5, 2.5, 2.5]
		},
		"fixed": {
			"rotation": [-90, 0, 0],
			"translation": [0, -2.75, -6]
		}
	},
	"groups": [
		{
			"name": "head",
			"origin": [0, 0, 0],
			"color": 0,
			"children": [0, 1, 2, 3, 4, 5]
		}
	]
}