{
	"credit": "Made with Blockbench",
	"parent": "item/handheld_rod",
	"textures": {
		"layer0": "cmd/lunch_box"
	},
	"display": {
		"thirdperson_righthand": {
			"rotation": [0, 0, -45],
			"translation": [-2.25, 0.5, 1],
			"scale": [0.5, 0.5, 0.5]
		},
		"thirdperson_lefthand": {
			"rotation": [0, 0, -45],
			"translation": [-2.25, 0.5, 1],
			"scale": [0.5, 0.5, 0.5]
		},
		"firstperson_righthand": {
			"rotation": [26, -83, 14],
			"translation": [5.25, 0, -1.25]
		},
		"firstperson_lefthand": {
			"rotation": [26, -83, 14],
			"translation": [5.25, 0, -1.25]
		},
		"ground": {
			"translation": [0, 3.5, 0],
			"scale": [0.7, 0.7, 0.7]
		},
		"gui": {
			"translation": [0, 0.5, 0]
		},
		"head": {
			"translation": [0, 5.25, 0]
		},
		"fixed": {
			"translation": [0, 0.75, 0]
		}
	}
}