{
	"credit": "Made with Blockbench",
	"textures": {
		"2": "item/sakura_story/whitemark/3d/bowstring",
		"3": "item/sakura_story/whitemark/3d/bow",
		"particle": "item/sakura_story/whitemark/3d/bowstring"
	},
	"elements": [
		{
			"from": [7.501, 10.251, 5.57508],
			"to": [8.499, 13.249, 7.07308],
			"rotation": {"angle": -22.5, "axis": "x", "origin": [8, 11.75, 6.82408]},
			"faces": {
				"north": {"uv": [10.5, 2.75, 11, 4.25], "texture": "#3"},
				"east": {"uv": [3, 10, 3.75, 11.5], "texture": "#3"},
				"south": {"uv": [3.75, 10.5, 4.25, 12], "texture": "#3"},
				"west": {"uv": [10, 6.5, 10.75, 8], "texture": "#3"},
				"up": {"uv": [11.75, 4, 11.25, 3.25], "texture": "#3"},
				"down": {"uv": [11.75, 4, 11.25, 4.75], "texture": "#3"}
			}
		},
		{
			"from": [7.75, 11.65903, 6.42341],
			"to": [8.25, 21.65903, 8.42341],
			"rotation": {"angle": 22.5, "axis": "x", "origin": [8.25, 16.40903, 6.17341]},
			"faces": {
				"north": {"uv": [2.75, 7, 3, 12], "texture": "#3"},
				"east": {"uv": [3, 0, 4, 5], "texture": "#3"},
				"south": {"uv": [8.5, 9, 8.75, 14], "texture": "#3"},
				"west": {"uv": [4, 0, 5, 5], "texture": "#3"},
				"up": {"uv": [9, 3.5, 8.75, 2.5], "texture": "#3"},
				"down": {"uv": [10.25, 8, 10, 9], "texture": "#3"}
			}
		},
		{
			"from": [7.95, 12.30813, 2.66014],
			"to": [7.95, 16.80813, 5.16014],
			"rotation": {"angle": 22.5, "axis": "x", "origin": [8, 13.55813, 3.91014]},
			"faces": {
				"north": {"uv": [0, 0, 0, 2.25], "texture": "#3"},
				"east": {"uv": [4, 6.75, 5.25, 9], "texture": "#3"},
				"south": {"uv": [0, 0, 0, 2.25], "texture": "#3"},
				"west": {"uv": [5.25, 6.75, 6.5, 9], "texture": "#3"},
				"up": {"uv": [0, 1.25, 0, 0], "texture": "#3"},
				"down": {"uv": [0, 0, 0, 1.25], "texture": "#3"}
			}
		},
		{
			"from": [8.05, 12.30813, 2.66014],
			"to": [8.05, 16.80813, 5.16014],
			"rotation": {"angle": 22.5, "axis": "x", "origin": [8, 13.55813, 3.91014]},
			"faces": {
				"north": {"uv": [0, 0, 0, 2.25], "texture": "#3"},
				"east": {"uv": [4, 6.75, 5.25, 9], "texture": "#3"},
				"south": {"uv": [0, 0, 0, 2.25], "texture": "#3"},
				"west": {"uv": [5.25, 6.75, 6.5, 9], "texture": "#3"},
				"up": {"uv": [0, 1.25, 0, 0], "texture": "#3"},
				"down": {"uv": [0, 0, 0, 1.25], "texture": "#3"}
			}
		},
		{
			"from": [8, 20.87723, 8.85377],
			"to": [8, 23.37723, 10.85377],
			"rotation": {"angle": 45, "axis": "x", "origin": [8, 22.12723, 9.35377]},
			"faces": {
				"north": {"uv": [0, 0, 0, 1.25], "texture": "#3"},
				"east": {"uv": [0, 9.25, 1, 10.5], "texture": "#3"},
				"south": {"uv": [0, 0, 0, 1.25], "texture": "#3"},
				"west": {"uv": [9.25, 9, 10.25, 10.25], "texture": "#3"},
				"up": {"uv": [0, 1, 0, 0], "texture": "#3"},
				"down": {"uv": [0, 0, 0, 1], "texture": "#3"}
			}
		},
		{
			"from": [8.05, -8.66121, 2.84929],
			"to": [8.05, -4.16121, 5.34929],
			"rotation": {"angle": -22.5, "axis": "x", "origin": [7.5, -5.91121, 4.09929]},
			"faces": {
				"north": {"uv": [0, 0, 0, 2.25], "texture": "#3"},
				"east": {"uv": [6.5, 6.75, 7.75, 9], "texture": "#3"},
				"south": {"uv": [0, 0, 0, 2.25], "texture": "#3"},
				"west": {"uv": [0, 7, 1.25, 9.25], "texture": "#3"},
				"up": {"uv": [0, 1.25, 0, 0], "texture": "#3"},
				"down": {"uv": [0, 0, 0, 1.25], "texture": "#3"}
			}
		},
		{
			"from": [7.95, -8.66121, 2.84929],
			"to": [7.95, -4.16121, 5.34929],
			"rotation": {"angle": -22.5, "axis": "x", "origin": [7.5, -5.91121, 4.09929]},
			"faces": {
				"north": {"uv": [0, 0, 0, 2.25], "texture": "#3"},
				"east": {"uv": [6.5, 6.75, 7.75, 9], "texture": "#3"},
				"south": {"uv": [0, 0, 0, 2.25], "texture": "#3"},
				"west": {"uv": [0, 7, 1.25, 9.25], "texture": "#3"},
				"up": {"uv": [0, 1.25, 0, 0], "texture": "#3"},
				"down": {"uv": [0, 0, 0, 1.25], "texture": "#3"}
			}
		},
		{
			"from": [8, -15.25, 9.35377],
			"to": [8, -12.75, 11.35377],
			"rotation": {"angle": -45, "axis": "x", "origin": [8, -14.62723, 9.60377]},
			"faces": {
				"north": {"uv": [0, 0, 0, 1.25], "texture": "#3"},
				"east": {"uv": [1, 9.5, 2, 10.75], "texture": "#3"},
				"south": {"uv": [0, 0, 0, 1.25], "texture": "#3"},
				"west": {"uv": [10, 0, 11, 1.25], "texture": "#3"},
				"up": {"uv": [0, 1, 0, 0], "texture": "#3"},
				"down": {"uv": [0, 0, 0, 1], "texture": "#3"}
			}
		},
		{
			"from": [7.75, -13.5, 6.67341],
			"to": [8.25, -3.5, 8.67341],
			"rotation": {"angle": -22.5, "axis": "x", "origin": [8.25, -8.90903, 6.42341]},
			"faces": {
				"north": {"uv": [8.75, 9, 9, 14], "texture": "#3"},
				"east": {"uv": [5, 0, 6, 5], "texture": "#3"},
				"south": {"uv": [9, 9, 9.25, 14], "texture": "#3"},
				"west": {"uv": [3, 5, 4, 10], "texture": "#3"},
				"up": {"uv": [2, 12.25, 1.75, 11.25], "texture": "#3"},
				"down": {"uv": [2.75, 11.25, 2.5, 12.25], "texture": "#3"}
			}
		},
		{
			"from": [7.501, -5.249, 5.57508],
			"to": [8.499, -2.251, 7.07308],
			"rotation": {"angle": 22.5, "axis": "x", "origin": [8, -3.75, 6.82408]},
			"faces": {
				"north": {"uv": [4.25, 10.5, 4.75, 12], "texture": "#3"},
				"east": {"uv": [10.25, 8, 11, 9.5], "texture": "#3"},
				"south": {"uv": [10.5, 4.25, 11, 5.75], "texture": "#3"},
				"west": {"uv": [9.25, 10.25, 10, 11.75], "texture": "#3"},
				"up": {"uv": [5.25, 12, 4.75, 11.25], "texture": "#3"},
				"down": {"uv": [5.75, 11.25, 5.25, 12], "texture": "#3"}
			}
		},
		{
			"from": [7.751, 7.676, 6.65008],
			"to": [8.249, 11.174, 10.14808],
			"rotation": {"angle": 45, "axis": "x", "origin": [8, 11.25, 7.07408]},
			"faces": {
				"north": {"uv": [2.5, 9.5, 2.75, 11.25], "texture": "#3"},
				"east": {"uv": [4, 5, 5.75, 6.75], "texture": "#3"},
				"south": {"uv": [6.25, 10.5, 6.5, 12.25], "texture": "#3"},
				"west": {"uv": [5.75, 5, 7.5, 6.75], "texture": "#3"},
				"up": {"uv": [11.25, 5, 11, 3.25], "texture": "#3"},
				"down": {"uv": [11, 11, 10.75, 12.75], "texture": "#3"}
			}
		},
		{
			"from": [7.25, -3, 6.32408],
			"to": [8.75, 11, 7.82408],
			"rotation": {"angle": 0, "axis": "y", "origin": [4, 7, 3.07408]},
			"faces": {
				"north": {"uv": [0, 0, 0.75, 7], "texture": "#3"},
				"east": {"uv": [0.75, 0, 1.5, 7], "texture": "#3"},
				"south": {"uv": [1.5, 0, 2.25, 7], "texture": "#3"},
				"west": {"uv": [2.25, 0, 3, 7], "texture": "#3"},
				"up": {"uv": [5.5, 11.25, 4.75, 10.5], "texture": "#3"},
				"down": {"uv": [6.25, 10.5, 5.5, 11.25], "texture": "#3"}
			}
		},
		{
			"from": [7.1, 1.35, 6.17408],
			"to": [8.9, 6.65, 7.97408],
			"rotation": {"angle": 0, "axis": "y", "origin": [4, 7, 3.07408]},
			"faces": {
				"north": {"uv": [1.25, 7, 2, 9.5], "texture": "#3"},
				"east": {"uv": [2, 7, 2.75, 9.5], "texture": "#3"},
				"south": {"uv": [7.75, 0, 8.5, 2.5], "texture": "#3"},
				"west": {"uv": [7.75, 6.5, 8.5, 9], "texture": "#3"},
				"up": {"uv": [11.25, 6.5, 10.5, 5.75], "texture": "#3"},
				"down": {"uv": [10.75, 10.5, 10, 11.25], "texture": "#3"}
			}
		},
		{
			"from": [7.5, 8.5, 3.32408],
			"to": [8.5, 10, 9.32408],
			"rotation": {"angle": 0, "axis": "y", "origin": [4, 7, 3.07408]},
			"faces": {
				"north": {"uv": [10, 1.75, 10.5, 2.5], "texture": "#3"},
				"east": {"uv": [6, 3.5, 9, 4.25], "texture": "#3"},
				"south": {"uv": [11, 5, 11.5, 5.75], "texture": "#3"},
				"west": {"uv": [6, 4.25, 9, 5], "texture": "#3"},
				"up": {"uv": [7, 12, 6.5, 9], "texture": "#3"},
				"down": {"uv": [7.5, 9, 7, 12], "texture": "#3"}
			}
		},
		{
			"from": [7, 6.5, 6.07408],
			"to": [9, 7.5, 8.07408],
			"rotation": {"angle": 0, "axis": "y", "origin": [4, 7, 3.07408]},
			"faces": {
				"north": {"uv": [10.75, 10.5, 11.75, 11], "texture": "#3"},
				"east": {"uv": [11, 0, 12, 0.5], "texture": "#3"},
				"south": {"uv": [11, 0.5, 12, 1], "texture": "#3"},
				"west": {"uv": [11, 2.75, 12, 3.25], "texture": "#3"},
				"up": {"uv": [1, 11.5, 0, 10.5], "texture": "#3"},
				"down": {"uv": [11.5, 1.75, 10.5, 2.75], "texture": "#3"}
			}
		},
		{
			"from": [7, 0.5, 6.07408],
			"to": [9, 1.5, 8.07408],
			"rotation": {"angle": 0, "axis": "y", "origin": [4, 15, 3.07408]},
			"faces": {
				"north": {"uv": [1, 10.75, 2, 11.25], "texture": "#3"},
				"east": {"uv": [10.75, 6.5, 11.75, 7], "texture": "#3"},
				"south": {"uv": [10.75, 7, 11.75, 7.5], "texture": "#3"},
				"west": {"uv": [10.75, 7.5, 11.75, 8], "texture": "#3"},
				"up": {"uv": [8.75, 3.5, 7.75, 2.5], "texture": "#3"},
				"down": {"uv": [11.25, 9.5, 10.25, 10.5], "texture": "#3"}
			}
		},
		{
			"from": [7.751, -3.174, 6.65008],
			"to": [8.249, 0.324, 10.14808],
			"rotation": {"angle": -45, "axis": "x", "origin": [8, -3.25, 7.07408]},
			"faces": {
				"north": {"uv": [11, 11, 11.25, 12.75], "texture": "#3"},
				"east": {"uv": [6, 0, 7.75, 1.75], "texture": "#3"},
				"south": {"uv": [1, 11.25, 1.25, 13], "texture": "#3"},
				"west": {"uv": [6, 1.75, 7.75, 3.5], "texture": "#3"},
				"up": {"uv": [1.5, 13, 1.25, 11.25], "texture": "#3"},
				"down": {"uv": [1.75, 11.25, 1.5, 13], "texture": "#3"}
			}
		},
		{
			"from": [7.5, -2, 3.32408],
			"to": [8.5, -0.5, 9.32408],
			"rotation": {"angle": 0, "axis": "y", "origin": [4, 1, 3.07408]},
			"faces": {
				"north": {"uv": [11, 8, 11.5, 8.75], "texture": "#3"},
				"east": {"uv": [7.5, 5, 10.5, 5.75], "texture": "#3"},
				"south": {"uv": [11, 8.75, 11.5, 9.5], "texture": "#3"},
				"west": {"uv": [7.5, 5.75, 10.5, 6.5], "texture": "#3"},
				"up": {"uv": [8, 12, 7.5, 9], "texture": "#3"},
				"down": {"uv": [8.5, 9, 8, 12], "texture": "#3"}
			}
		},
		{
			"from": [8.01, -12, 9.69908],
			"to": [8.01, 20, 15.19908],
			"rotation": {"angle": 0, "axis": "y", "origin": [8, 9.5, 3.33281]},
			"faces": {
				"north": {"uv": [0, 0, 0, 4.0625], "texture": "#2"},
				"east": {"uv": [9, 0, 6, 16], "texture": "#2"},
				"south": {"uv": [0, 0, 0, 4.0625], "texture": "#2"},
				"west": {"uv": [6, 0, 9, 16], "texture": "#2"},
				"up": {"uv": [0, 0.6875, 0, 0], "texture": "#2"},
				"down": {"uv": [0, 0, 0, 0.6875], "texture": "#2"}
			}
		},
		{
			"from": [7.75, 3.65902, 2.95092],
			"to": [8.25, 4.15902, 12.95092],
			"rotation": {"angle": 0, "axis": "y", "origin": [4, 7.15902, 4.45092]},
			"faces": {
				"north": {"uv": [7.5, 6.5, 7.75, 6.75], "texture": "#3"},
				"east": {"uv": [10, 1.25, 15, 1.5], "texture": "#3"},
				"south": {"uv": [1, 9.25, 1.25, 9.5], "texture": "#3"},
				"west": {"uv": [10, 1.5, 15, 1.75], "texture": "#3"},
				"up": {"uv": [2.25, 14.5, 2, 9.5], "texture": "#3"},
				"down": {"uv": [2.5, 9.5, 2.25, 14.5], "texture": "#3"}
			}
		},
		{
			"from": [8, 2.65902, 1.45092],
			"to": [8, 5.15902, 4.45092],
			"rotation": {"angle": -45, "axis": "z", "origin": [8, 3.90902, 3.20092]},
			"faces": {
				"north": {"uv": [0, 0, 0, 1.25], "texture": "#3"},
				"east": {"uv": [8.5, 0, 10, 1.25], "texture": "#3"},
				"south": {"uv": [0, 0, 0, 1.25], "texture": "#3"},
				"west": {"uv": [8.5, 1.25, 10, 2.5], "texture": "#3"},
				"up": {"uv": [0, 1.5, 0, 0], "texture": "#3"},
				"down": {"uv": [0, 0, 0, 1.5], "texture": "#3"}
			}
		},
		{
			"from": [8, 2.65902, 1.45092],
			"to": [8, 5.15902, 4.45092],
			"rotation": {"angle": 45, "axis": "z", "origin": [8, 3.90902, 2.95092]},
			"faces": {
				"north": {"uv": [0, 0, 0, 1.25], "texture": "#3"},
				"east": {"uv": [8.5, 6.5, 10, 7.75], "texture": "#3"},
				"south": {"uv": [0, 0, 0, 1.25], "texture": "#3"},
				"west": {"uv": [8.5, 7.75, 10, 9], "texture": "#3"},
				"up": {"uv": [0, 1.5, 0, 0], "texture": "#3"},
				"down": {"uv": [0, 0, 0, 1.5], "texture": "#3"}
			}
		},
		{
			"from": [8, 2.65902, 10.95092],
			"to": [8, 5.15902, 13.95092],
			"rotation": {"angle": -45, "axis": "z", "origin": [8, 3.90902, 12.20092]},
			"faces": {
				"north": {"uv": [0, 0, 0, 1.25], "texture": "#3"},
				"east": {"uv": [9, 2.5, 10.5, 3.75], "texture": "#3"},
				"south": {"uv": [0, 0, 0, 1.25], "texture": "#3"},
				"west": {"uv": [9, 3.75, 10.5, 5], "texture": "#3"},
				"up": {"uv": [0, 1.5, 0, 0], "texture": "#3"},
				"down": {"uv": [0, 0, 0, 1.5], "texture": "#3"}
			}
		},
		{
			"from": [6.75, 3.90902, 10.95092],
			"to": [9.25, 3.90902, 13.95092],
			"rotation": {"angle": -45, "axis": "z", "origin": [8, 3.90902, 12.45092]},
			"faces": {
				"north": {"uv": [0, 0, 1.25, 0], "texture": "#3"},
				"east": {"uv": [0, 0, 1.5, 0], "texture": "#3"},
				"south": {"uv": [0, 0, 1.25, 0], "texture": "#3"},
				"west": {"uv": [0, 0, 1.5, 0], "texture": "#3"},
				"up": {"uv": [5.25, 10.5, 4, 9], "texture": "#3"},
				"down": {"uv": [6.5, 9, 5.25, 10.5], "texture": "#3"}
			}
		}
	],
	"gui_light": "front",
	"display": {
		"thirdperson_righthand": {
			"translation": [0, 2, 2.75]
		},
		"thirdperson_lefthand": {
			"translation": [0, 2, 2.75]
		},
		"firstperson_righthand": {
			"rotation": [10, 7, 0],
			"translation": [4.75, 13, -4]
		},
		"firstperson_lefthand": {
			"rotation": [10, 7, 0],
			"translation": [4.75, 13, -4]
		},
		"ground": {
			"rotation": [-45, 0, 0],
			"translation": [0, 4.5, -0.5],
			"scale": [0.5, 0.5, 0.5]
		},
		"gui": {
			"rotation": [-90, 135, 90],
			"translation": [0.75, 2.25, 0],
			"scale": [0.55, 0.55, 0.55]
		},
		"fixed": {
			"rotation": [90, -45, 90],
			"translation": [-0.75, 3, -0.5],
			"scale": [0.7, 0.7, 0.7]
		}
	},
	"groups": [
		{
			"name": "group",
			"origin": [3.5, 2.75902, -4.06893],
			"color": 0,
			"children": [
				{
					"name": "bone",
					"origin": [0.25, 8.40903, -0.90067],
					"color": 0,
					"children": [
						0,
						1,
						{
							"name": "group",
							"origin": [8, 13.55813, 3.91014],
							"color": 0,
							"children": [2, 3]
						},
						4,
						{
							"name": "group",
							"origin": [7.5, -5.91121, 4.09929],
							"color": 0,
							"children": [5, 6]
						},
						7
					]
				},
				8,
				9,
				10
			]
		},
		{
			"name": "group3",
			"origin": [4, -2.5, 4],
			"color": 0,
			"children": [
				11,
				12,
				13,
				14,
				{
					"name": "group2",
					"origin": [0, -7, 0],
					"color": 0,
					"children": [15, 16, 17]
				}
			]
		},
		{
			"name": "group",
			"origin": [8, 9.5, 3.33281],
			"color": 0,
			"children": [18]
		},
		{
			"name": "arrow",
			"origin": [8, -1.98195, -5.63787],
			"color": 0,
			"children": [19, 20, 21, 22, 23]
		}
	]
}