{
	"providers": [
		{
            "type": "bitmap",
            "file": "space:font/space_split.png",
            "ascent": -32768,
            "height": -3,
            "chars": [
                "\uF801"
            ]
        },
        {
            "type": "bitmap",
            "file": "space:font/space_split.png",
            "ascent": -32768,
            "height": -4,
            "chars": [
                "\uF802"
            ]
        },
        {
            "type": "bitmap",
            "file": "space:font/space_split.png",
            "ascent": -32768,
            "height": -5,
            "chars": [
                "\uF803"
            ]
        },
        {
            "type": "bitmap",
            "file": "space:font/space_split.png",
            "ascent": -32768,
            "height": -6,
            "chars": [
                "\uF804"
            ]
        },
        {
            "type": "bitmap",
            "file": "space:font/space_split.png",
            "ascent": -32768,
            "height": -7,
            "chars": [
                "\uF805"
            ]
        },
        {
            "type": "bitmap",
            "file": "space:font/space_split.png",
            "ascent": -32768,
            "height": -8,
            "chars": [
                "\uF806"
            ]
        },
        {
            "type": "bitmap",
            "file": "space:font/space_split.png",
            "ascent": -32768,
            "height": -9,
            "chars": [
                "\uF807"
            ]
        },
        {
            "type": "bitmap",
            "file": "space:font/space_split.png",
            "ascent": -32768,
            "height": -10,
            "chars": [
                "\uF808"
            ]
        },
        {
            "type": "bitmap",
            "file": "space:font/space_split.png",
            "ascent": -32768,
            "height": -18,
            "chars": [
                "\uF809"
            ]
        },
        {
            "type": "bitmap",
            "file": "space:font/space_split.png",
            "ascent": -32768,
            "height": -34,
            "chars": [
                "\uF80A"
            ]
        },
        {
            "type": "bitmap",
            "file": "space:font/space_split.png",
            "ascent": -32768,
            "height": -66,
            "chars": [
                "\uF80B"
            ]
        },
        {
            "type": "bitmap",
            "file": "space:font/space_split.png",
            "ascent": -32768,
            "height": -130,
            "chars": [
                "\uF80C"
            ]
        },
        {
            "type": "bitmap",
            "file": "space:font/space_split.png",
            "ascent": -32768,
            "height": -258,
            "chars": [
                "\uF80D"
            ]
        },
        {
            "type": "bitmap",
            "file": "space:font/space_split.png",
            "ascent": -32768,
            "height": -514,
            "chars": [
                "\uF80E"
            ]
        },
        {
            "type": "bitmap",
            "file": "space:font/space_split.png",
            "ascent": -32768,
            "height": -1026,
            "chars": [
                "\uF80F"
            ]
        },
		{
            "type": "bitmap",
            "file": "minecraft:font/logo_1.png",
            "ascent": -10,
            "height": 10,
            "chars": [
                "\uE001"
            ]
        },
		{
            "type": "bitmap",
            "file": "minecraft:font/logo_2.png",
            "ascent": -10,
            "height": 10,
            "chars": [
                "\uE002"
            ]
        },
		{
            "type": "bitmap",
            "file": "minecraft:font/logo_3.png",
            "ascent": -20,
            "height": 10,
            "chars": [
                "\uE003"
            ]
        },
		{
            "type": "bitmap",
            "file": "minecraft:font/logo_4.png",
            "ascent": -20,
            "height": 10,
            "chars": [
                "\uE004"
            ]
        },
		{
            "type": "bitmap",
            "file": "minecraft:font/black.png",
            "ascent": 150,
            "height": 300,
            "chars": [
                "\uE005"
            ]
        },
		{
            "type": "bitmap",
            "file": "minecraft:font/black_2.png",
            "ascent": 100,
            "height": 200,
            "chars": [
                "\uE006"
            ]
        },
		{
            "type": "bitmap",
            "file": "minecraft:font/title_1.png",
            "ascent": 29,
            "height": 50,
            "chars": [
                "\uE007"
            ]
        },
		{
            "type": "bitmap",
            "file": "minecraft:misc/title_2.png",
            "ascent": 30,
            "height": 69,
            "chars": [
                "\uE008"
            ]
        },
		{
            "type": "bitmap",
            "file": "minecraft:font/title_3.png",
            "ascent": -25,
            "height": 10,
            "chars": [
                "\uE009"
            ]
        },
		{
            "type": "bitmap",
            "file": "minecraft:font/title_4.png",
            "ascent": -25,
            "height": 10,
            "chars": [
                "\uE010"
            ]
        },
		{
            "type": "bitmap",
            "file": "minecraft:font/title_5.png",
            "ascent": -25,
            "height": 10,
            "chars": [
                "\uE011"
            ]
        },
		{
            "type": "bitmap",
            "file": "minecraft:font/title_6.png",
            "ascent": -25,
            "height": 10,
            "chars": [
                "\uE012"
            ]
        },
		{
            "type": "bitmap",
            "file": "minecraft:font/title_7.png",
            "ascent": -25,
            "height": 10,
            "chars": [
                "\uE013"
            ]
        },
		{
            "type": "bitmap",
            "file": "minecraft:font/title_8.png",
            "ascent": 15,
            "height": 15,
            "chars": [
                "\uE014"
            ]
        }
	]
}