{
	"credit": "Made with Blockbench",
	"textures": {
		"0": "item/iron_sword"
	},
	"elements": [
		{
			"name": "diamond_sword_0",
			"from": [15.875, 10.14063, -15.75],
			"to": [18.875, 11.14063, -12.75],
			"rotation": {"angle": 0, "axis": "z", "origin": [7.875, 11, -5.75]},
			"faces": {
				"north": {"uv": [16, 0, 13, 1], "texture": "#0"},
				"east": {"uv": [15, 0, 16, 3], "rotation": 90, "texture": "#0"},
				"south": {"uv": [13, 2, 16, 3], "texture": "#0"},
				"west": {"uv": [13, 0, 14, 3], "rotation": 270, "texture": "#0"},
				"up": {"uv": [13, 0, 16, 3], "texture": "#0"},
				"down": {"uv": [13, 3, 16, 0], "texture": "#0"}
			}
		},
		{
			"name": "diamond_sword_1",
			"from": [14.875, 10.14063, -14.75],
			"to": [15.875, 11.14063, -9.75],
			"rotation": {"angle": 0, "axis": "z", "origin": [7.875, 11, -5.75]},
			"faces": {
				"north": {"uv": [13, 1, 12, 2], "texture": "#0"},
				"east": {"uv": [12, 1, 13, 6], "rotation": 90, "texture": "#0"},
				"south": {"uv": [12, 5, 13, 6], "texture": "#0"},
				"west": {"uv": [12, 1, 13, 6], "rotation": 270, "texture": "#0"},
				"up": {"uv": [12, 1, 13, 6], "texture": "#0"},
				"down": {"uv": [12, 6, 13, 1], "texture": "#0"}
			}
		},
		{
			"name": "diamond_sword_2",
			"from": [13.875, 10.14063, -13.75],
			"to": [14.875, 11.14063, -8.75],
			"rotation": {"angle": 0, "axis": "z", "origin": [7.875, 11, -5.75]},
			"faces": {
				"north": {"uv": [12, 2, 11, 3], "texture": "#0"},
				"east": {"uv": [11, 2, 12, 7], "rotation": 90, "texture": "#0"},
				"south": {"uv": [11, 6, 12, 7], "texture": "#0"},
				"west": {"uv": [11, 2, 12, 7], "rotation": 270, "texture": "#0"},
				"up": {"uv": [11, 2, 12, 7], "texture": "#0"},
				"down": {"uv": [11, 7, 12, 2], "texture": "#0"}
			}
		},
		{
			"name": "diamond_sword_3",
			"from": [12.875, 10.14063, -12.75],
			"to": [13.875, 11.14063, -7.75],
			"rotation": {"angle": 0, "axis": "z", "origin": [7.875, 11, -5.75]},
			"faces": {
				"north": {"uv": [11, 3, 10, 4], "texture": "#0"},
				"east": {"uv": [10, 3, 11, 8], "rotation": 90, "texture": "#0"},
				"south": {"uv": [10, 7, 11, 8], "texture": "#0"},
				"west": {"uv": [10, 3, 11, 8], "rotation": 270, "texture": "#0"},
				"up": {"uv": [10, 3, 11, 8], "texture": "#0"},
				"down": {"uv": [10, 8, 11, 3], "texture": "#0"}
			}
		},
		{
			"name": "diamond_sword_4",
			"from": [15.875, 10.14063, -12.75],
			"to": [17.875, 11.14063, -11.75],
			"rotation": {"angle": 0, "axis": "z", "origin": [7.875, 11, -5.75]},
			"faces": {
				"north": {"uv": [15, 3, 13, 4], "texture": "#0"},
				"east": {"uv": [14, 3, 15, 4], "rotation": 90, "texture": "#0"},
				"south": {"uv": [13, 3, 15, 4], "texture": "#0"},
				"west": {"uv": [13, 3, 14, 4], "rotation": 270, "texture": "#0"},
				"up": {"uv": [13, 3, 15, 4], "texture": "#0"},
				"down": {"uv": [13, 4, 15, 3], "texture": "#0"}
			}
		},
		{
			"name": "diamond_sword_5",
			"from": [11.875, 10.14063, -11.75],
			"to": [12.875, 11.14063, -6.75],
			"rotation": {"angle": 0, "axis": "z", "origin": [7.875, 11, -5.75]},
			"faces": {
				"north": {"uv": [10, 4, 9, 5], "texture": "#0"},
				"east": {"uv": [9, 4, 10, 9], "rotation": 90, "texture": "#0"},
				"south": {"uv": [9, 8, 10, 9], "texture": "#0"},
				"west": {"uv": [9, 4, 10, 9], "rotation": 270, "texture": "#0"},
				"up": {"uv": [9, 4, 10, 9], "texture": "#0"},
				"down": {"uv": [9, 9, 10, 4], "texture": "#0"}
			}
		},
		{
			"name": "diamond_sword_6",
			"from": [15.875, 10.14063, -11.75],
			"to": [16.875, 11.14063, -10.75],
			"rotation": {"angle": 0, "axis": "z", "origin": [7.875, 11, -5.75]},
			"faces": {
				"north": {"uv": [14, 4, 13, 5], "texture": "#0"},
				"east": {"uv": [13, 4, 14, 5], "rotation": 90, "texture": "#0"},
				"south": {"uv": [13, 4, 14, 5], "texture": "#0"},
				"west": {"uv": [13, 4, 14, 5], "rotation": 270, "texture": "#0"},
				"up": {"uv": [13, 4, 14, 5], "texture": "#0"},
				"down": {"uv": [13, 5, 14, 4], "texture": "#0"}
			}
		},
		{
			"name": "diamond_sword_7",
			"from": [10.875, 10.14063, -10.75],
			"to": [11.875, 11.14063, -5.75],
			"rotation": {"angle": 0, "axis": "z", "origin": [7.875, 11, -5.75]},
			"faces": {
				"north": {"uv": [9, 5, 8, 6], "texture": "#0"},
				"east": {"uv": [8, 5, 9, 10], "rotation": 90, "texture": "#0"},
				"south": {"uv": [8, 9, 9, 10], "texture": "#0"},
				"west": {"uv": [8, 5, 9, 10], "rotation": 270, "texture": "#0"},
				"up": {"uv": [8, 5, 9, 10], "texture": "#0"},
				"down": {"uv": [8, 10, 9, 5], "texture": "#0"}
			}
		},
		{
			"name": "diamond_sword_8",
			"from": [4.875, 10.14063, -9.75],
			"to": [6.875, 11.14063, -7.75],
			"rotation": {"angle": 0, "axis": "z", "origin": [7.875, 11, -5.75]},
			"faces": {
				"north": {"uv": [4, 6, 2, 7], "texture": "#0"},
				"east": {"uv": [3, 6, 4, 8], "rotation": 90, "texture": "#0"},
				"south": {"uv": [2, 7, 4, 8], "texture": "#0"},
				"west": {"uv": [2, 6, 3, 8], "rotation": 270, "texture": "#0"},
				"up": {"uv": [2, 6, 4, 8], "texture": "#0"},
				"down": {"uv": [2, 8, 4, 6], "texture": "#0"}
			}
		},
		{
			"name": "diamond_sword_9",
			"from": [9.875, 10.14063, -9.75],
			"to": [10.875, 11.14063, -2.75],
			"rotation": {"angle": 0, "axis": "z", "origin": [7.875, 11, -5.75]},
			"faces": {
				"north": {"uv": [8, 6, 7, 7], "texture": "#0"},
				"east": {"uv": [7, 6, 8, 13], "rotation": 90, "texture": "#0"},
				"south": {"uv": [7, 12, 8, 13], "texture": "#0"},
				"west": {"uv": [7, 6, 8, 13], "rotation": 270, "texture": "#0"},
				"up": {"uv": [7, 6, 8, 13], "texture": "#0"},
				"down": {"uv": [7, 13, 8, 6], "texture": "#0"}
			}
		},
		{
			"name": "diamond_sword_10",
			"from": [6.875, 10.14063, -8.75],
			"to": [7.875, 11.14063, -2.75],
			"rotation": {"angle": 0, "axis": "z", "origin": [7.875, 11, -5.75]},
			"faces": {
				"north": {"uv": [5, 7, 4, 8], "texture": "#0"},
				"east": {"uv": [4, 7, 5, 13], "rotation": 90, "texture": "#0"},
				"south": {"uv": [4, 12, 5, 13], "texture": "#0"},
				"west": {"uv": [4, 7, 5, 13], "rotation": 270, "texture": "#0"},
				"up": {"uv": [4, 7, 5, 13], "texture": "#0"},
				"down": {"uv": [4, 13, 5, 7], "texture": "#0"}
			}
		},
		{
			"name": "diamond_sword_11",
			"from": [8.875, 10.14063, -8.75],
			"to": [9.875, 11.14063, -2.75],
			"rotation": {"angle": 0, "axis": "z", "origin": [7.875, 11, -5.75]},
			"faces": {
				"north": {"uv": [7, 7, 6, 8], "texture": "#0"},
				"east": {"uv": [6, 7, 7, 13], "rotation": 90, "texture": "#0"},
				"south": {"uv": [6, 12, 7, 13], "texture": "#0"},
				"west": {"uv": [6, 7, 7, 13], "rotation": 270, "texture": "#0"},
				"up": {"uv": [6, 7, 7, 13], "texture": "#0"},
				"down": {"uv": [6, 13, 7, 7], "texture": "#0"}
			}
		},
		{
			"name": "diamond_sword_12",
			"from": [5.875, 10.14063, -7.75],
			"to": [6.875, 11.14063, -5.75],
			"rotation": {"angle": 0, "axis": "z", "origin": [7.875, 11, -5.75]},
			"faces": {
				"north": {"uv": [4, 8, 3, 9], "texture": "#0"},
				"east": {"uv": [3, 8, 4, 10], "rotation": 90, "texture": "#0"},
				"south": {"uv": [3, 9, 4, 10], "texture": "#0"},
				"west": {"uv": [3, 8, 4, 10], "rotation": 270, "texture": "#0"},
				"up": {"uv": [3, 8, 4, 10], "texture": "#0"},
				"down": {"uv": [3, 10, 4, 8], "texture": "#0"}
			}
		},
		{
			"name": "diamond_sword_13",
			"from": [7.875, 10.14063, -7.75],
			"to": [8.875, 11.14063, -3.75],
			"rotation": {"angle": 0, "axis": "z", "origin": [7.875, 11, -5.75]},
			"faces": {
				"north": {"uv": [6, 8, 5, 9], "texture": "#0"},
				"east": {"uv": [5, 8, 6, 12], "rotation": 90, "texture": "#0"},
				"south": {"uv": [5, 11, 6, 12], "texture": "#0"},
				"west": {"uv": [5, 8, 6, 12], "rotation": 270, "texture": "#0"},
				"up": {"uv": [5, 8, 6, 12], "texture": "#0"},
				"down": {"uv": [5, 12, 6, 8], "texture": "#0"}
			}
		},
		{
			"name": "diamond_sword_14",
			"from": [5.875, 10.14063, -4.75],
			"to": [6.875, 11.14063, -1.75],
			"rotation": {"angle": 0, "axis": "z", "origin": [7.875, 11, -5.75]},
			"faces": {
				"north": {"uv": [4, 11, 3, 12], "texture": "#0"},
				"east": {"uv": [3, 11, 4, 14], "rotation": 90, "texture": "#0"},
				"south": {"uv": [3, 13, 4, 14], "texture": "#0"},
				"west": {"uv": [3, 11, 4, 14], "rotation": 270, "texture": "#0"},
				"up": {"uv": [3, 11, 4, 14], "texture": "#0"},
				"down": {"uv": [3, 14, 4, 11], "texture": "#0"}
			}
		},
		{
			"name": "diamond_sword_15",
			"from": [10.875, 10.14063, -4.75],
			"to": [11.875, 11.14063, -1.75],
			"rotation": {"angle": 0, "axis": "z", "origin": [7.875, 11, -5.75]},
			"faces": {
				"north": {"uv": [9, 11, 8, 12], "texture": "#0"},
				"east": {"uv": [8, 11, 9, 14], "rotation": 90, "texture": "#0"},
				"south": {"uv": [8, 13, 9, 14], "texture": "#0"},
				"west": {"uv": [8, 11, 9, 14], "rotation": 270, "texture": "#0"},
				"up": {"uv": [8, 11, 9, 14], "texture": "#0"},
				"down": {"uv": [8, 14, 9, 11], "texture": "#0"}
			}
		},
		{
			"name": "diamond_sword_16",
			"from": [4.875, 10.14063, -3.75],
			"to": [5.875, 11.14063, 0.25],
			"rotation": {"angle": 0, "axis": "z", "origin": [7.875, 11, -5.75]},
			"faces": {
				"north": {"uv": [3, 12, 2, 13], "texture": "#0"},
				"east": {"uv": [2, 12, 3, 16], "rotation": 90, "texture": "#0"},
				"south": {"uv": [2, 15, 3, 16], "texture": "#0"},
				"west": {"uv": [2, 12, 3, 16], "rotation": 270, "texture": "#0"},
				"up": {"uv": [2, 12, 3, 16], "texture": "#0"},
				"down": {"uv": [2, 16, 3, 12], "texture": "#0"}
			}
		},
		{
			"name": "diamond_sword_17",
			"from": [11.875, 10.14063, -3.75],
			"to": [12.875, 11.14063, -1.75],
			"rotation": {"angle": 0, "axis": "z", "origin": [7.875, 11, -5.75]},
			"faces": {
				"north": {"uv": [10, 12, 9, 13], "texture": "#0"},
				"east": {"uv": [9, 12, 10, 14], "rotation": 90, "texture": "#0"},
				"south": {"uv": [9, 13, 10, 14], "texture": "#0"},
				"west": {"uv": [9, 12, 10, 14], "rotation": 270, "texture": "#0"},
				"up": {"uv": [9, 12, 10, 14], "texture": "#0"},
				"down": {"uv": [9, 14, 10, 12], "texture": "#0"}
			}
		},
		{
			"name": "diamond_sword_18",
			"from": [2.875, 10.14063, -2.75],
			"to": [4.875, 11.14063, 0.25],
			"rotation": {"angle": 0, "axis": "z", "origin": [7.875, 11, -5.75]},
			"faces": {
				"north": {"uv": [2, 13, 0, 14], "texture": "#0"},
				"east": {"uv": [1, 13, 2, 16], "rotation": 90, "texture": "#0"},
				"south": {"uv": [0, 15, 2, 16], "texture": "#0"},
				"west": {"uv": [0, 13, 1, 16], "rotation": 270, "texture": "#0"},
				"up": {"uv": [0, 13, 2, 16], "texture": "#0"},
				"down": {"uv": [0, 16, 2, 13], "texture": "#0"}
			}
		},
		{
			"name": "diamond_sword_1",
			"from": [15.32437, 10.17188, -15.73887],
			"to": [18.32437, 11.17188, -12.73887],
			"rotation": {"angle": -45, "axis": "y", "origin": [9, 7.78125, 4.5]},
			"faces": {
				"north": {"uv": [16, 0, 13, 1], "texture": "#0"},
				"east": {"uv": [15, 0, 16, 3], "rotation": 90, "texture": "#0"},
				"south": {"uv": [13, 2, 16, 3], "texture": "#0"},
				"west": {"uv": [13, 0, 14, 3], "rotation": 270, "texture": "#0"},
				"up": {"uv": [13, 0, 16, 3], "texture": "#0"},
				"down": {"uv": [13, 3, 16, 0], "texture": "#0"}
			}
		},
		{
			"name": "diamond_sword_2",
			"from": [14.32437, 10.17188, -14.73887],
			"to": [15.32437, 11.17188, -9.73887],
			"rotation": {"angle": -45, "axis": "y", "origin": [9, 7.78125, 4.5]},
			"faces": {
				"north": {"uv": [13, 1, 12, 2], "texture": "#0"},
				"east": {"uv": [12, 1, 13, 6], "rotation": 90, "texture": "#0"},
				"south": {"uv": [12, 5, 13, 6], "texture": "#0"},
				"west": {"uv": [12, 1, 13, 6], "rotation": 270, "texture": "#0"},
				"up": {"uv": [12, 1, 13, 6], "texture": "#0"},
				"down": {"uv": [12, 6, 13, 1], "texture": "#0"}
			}
		},
		{
			"name": "diamond_sword_3",
			"from": [13.32437, 10.17188, -13.73887],
			"to": [14.32437, 11.17188, -8.73887],
			"rotation": {"angle": -45, "axis": "y", "origin": [9, 7.78125, 4.5]},
			"faces": {
				"north": {"uv": [12, 2, 11, 3], "texture": "#0"},
				"east": {"uv": [11, 2, 12, 7], "rotation": 90, "texture": "#0"},
				"south": {"uv": [11, 6, 12, 7], "texture": "#0"},
				"west": {"uv": [11, 2, 12, 7], "rotation": 270, "texture": "#0"},
				"up": {"uv": [11, 2, 12, 7], "texture": "#0"},
				"down": {"uv": [11, 7, 12, 2], "texture": "#0"}
			}
		},
		{
			"name": "diamond_sword_4",
			"from": [12.32437, 10.17188, -12.73887],
			"to": [13.32437, 11.17188, -7.73887],
			"rotation": {"angle": -45, "axis": "y", "origin": [9, 7.78125, 4.5]},
			"faces": {
				"north": {"uv": [11, 3, 10, 4], "texture": "#0"},
				"east": {"uv": [10, 3, 11, 8], "rotation": 90, "texture": "#0"},
				"south": {"uv": [10, 7, 11, 8], "texture": "#0"},
				"west": {"uv": [10, 3, 11, 8], "rotation": 270, "texture": "#0"},
				"up": {"uv": [10, 3, 11, 8], "texture": "#0"},
				"down": {"uv": [10, 8, 11, 3], "texture": "#0"}
			}
		},
		{
			"name": "diamond_sword_5",
			"from": [15.32437, 10.17188, -12.73887],
			"to": [17.32437, 11.17188, -11.73887],
			"rotation": {"angle": -45, "axis": "y", "origin": [9, 7.78125, 4.5]},
			"faces": {
				"north": {"uv": [15, 3, 13, 4], "texture": "#0"},
				"east": {"uv": [14, 3, 15, 4], "rotation": 90, "texture": "#0"},
				"south": {"uv": [13, 3, 15, 4], "texture": "#0"},
				"west": {"uv": [13, 3, 14, 4], "rotation": 270, "texture": "#0"},
				"up": {"uv": [13, 3, 15, 4], "texture": "#0"},
				"down": {"uv": [13, 4, 15, 3], "texture": "#0"}
			}
		},
		{
			"name": "diamond_sword_6",
			"from": [11.32437, 10.17188, -11.73887],
			"to": [12.32437, 11.17188, -6.73887],
			"rotation": {"angle": -45, "axis": "y", "origin": [9, 7.78125, 4.5]},
			"faces": {
				"north": {"uv": [10, 4, 9, 5], "texture": "#0"},
				"east": {"uv": [9, 4, 10, 9], "rotation": 90, "texture": "#0"},
				"south": {"uv": [9, 8, 10, 9], "texture": "#0"},
				"west": {"uv": [9, 4, 10, 9], "rotation": 270, "texture": "#0"},
				"up": {"uv": [9, 4, 10, 9], "texture": "#0"},
				"down": {"uv": [9, 9, 10, 4], "texture": "#0"}
			}
		},
		{
			"name": "diamond_sword_7",
			"from": [15.32437, 10.17188, -11.73887],
			"to": [16.32437, 11.17188, -10.73887],
			"rotation": {"angle": -45, "axis": "y", "origin": [9, 7.78125, 4.5]},
			"faces": {
				"north": {"uv": [14, 4, 13, 5], "texture": "#0"},
				"east": {"uv": [13, 4, 14, 5], "rotation": 90, "texture": "#0"},
				"south": {"uv": [13, 4, 14, 5], "texture": "#0"},
				"west": {"uv": [13, 4, 14, 5], "rotation": 270, "texture": "#0"},
				"up": {"uv": [13, 4, 14, 5], "texture": "#0"},
				"down": {"uv": [13, 5, 14, 4], "texture": "#0"}
			}
		},
		{
			"name": "diamond_sword_8",
			"from": [10.32437, 10.17188, -10.73887],
			"to": [11.32437, 11.17188, -5.73887],
			"rotation": {"angle": -45, "axis": "y", "origin": [9, 7.78125, 4.5]},
			"faces": {
				"north": {"uv": [9, 5, 8, 6], "texture": "#0"},
				"east": {"uv": [8, 5, 9, 10], "rotation": 90, "texture": "#0"},
				"south": {"uv": [8, 9, 9, 10], "texture": "#0"},
				"west": {"uv": [8, 5, 9, 10], "rotation": 270, "texture": "#0"},
				"up": {"uv": [8, 5, 9, 10], "texture": "#0"},
				"down": {"uv": [8, 10, 9, 5], "texture": "#0"}
			}
		},
		{
			"name": "diamond_sword_9",
			"from": [4.32437, 10.17188, -9.73887],
			"to": [6.32437, 11.17188, -7.73887],
			"rotation": {"angle": -45, "axis": "y", "origin": [9, 7.78125, 4.5]},
			"faces": {
				"north": {"uv": [4, 6, 2, 7], "texture": "#0"},
				"east": {"uv": [3, 6, 4, 8], "rotation": 90, "texture": "#0"},
				"south": {"uv": [2, 7, 4, 8], "texture": "#0"},
				"west": {"uv": [2, 6, 3, 8], "rotation": 270, "texture": "#0"},
				"up": {"uv": [2, 6, 4, 8], "texture": "#0"},
				"down": {"uv": [2, 8, 4, 6], "texture": "#0"}
			}
		},
		{
			"name": "diamond_sword_10",
			"from": [9.32437, 10.17188, -9.73887],
			"to": [10.32437, 11.17188, -2.73887],
			"rotation": {"angle": -45, "axis": "y", "origin": [9, 7.78125, 4.5]},
			"faces": {
				"north": {"uv": [8, 6, 7, 7], "texture": "#0"},
				"east": {"uv": [7, 6, 8, 13], "rotation": 90, "texture": "#0"},
				"south": {"uv": [7, 12, 8, 13], "texture": "#0"},
				"west": {"uv": [7, 6, 8, 13], "rotation": 270, "texture": "#0"},
				"up": {"uv": [7, 6, 8, 13], "texture": "#0"},
				"down": {"uv": [7, 13, 8, 6], "texture": "#0"}
			}
		},
		{
			"name": "diamond_sword_11",
			"from": [6.32437, 10.17188, -8.73887],
			"to": [7.32437, 11.17188, -2.73887],
			"rotation": {"angle": -45, "axis": "y", "origin": [9, 7.78125, 4.5]},
			"faces": {
				"north": {"uv": [5, 7, 4, 8], "texture": "#0"},
				"east": {"uv": [4, 7, 5, 13], "rotation": 90, "texture": "#0"},
				"south": {"uv": [4, 12, 5, 13], "texture": "#0"},
				"west": {"uv": [4, 7, 5, 13], "rotation": 270, "texture": "#0"},
				"up": {"uv": [4, 7, 5, 13], "texture": "#0"},
				"down": {"uv": [4, 13, 5, 7], "texture": "#0"}
			}
		},
		{
			"name": "diamond_sword_12",
			"from": [8.32437, 10.17188, -8.73887],
			"to": [9.32437, 11.17188, -2.73887],
			"rotation": {"angle": -45, "axis": "y", "origin": [9, 7.78125, 4.5]},
			"faces": {
				"north": {"uv": [7, 7, 6, 8], "texture": "#0"},
				"east": {"uv": [6, 7, 7, 13], "rotation": 90, "texture": "#0"},
				"south": {"uv": [6, 12, 7, 13], "texture": "#0"},
				"west": {"uv": [6, 7, 7, 13], "rotation": 270, "texture": "#0"},
				"up": {"uv": [6, 7, 7, 13], "texture": "#0"},
				"down": {"uv": [6, 13, 7, 7], "texture": "#0"}
			}
		},
		{
			"name": "diamond_sword_13",
			"from": [5.32437, 10.17188, -7.73887],
			"to": [6.32437, 11.17188, -5.73887],
			"rotation": {"angle": -45, "axis": "y", "origin": [9, 7.78125, 4.5]},
			"faces": {
				"north": {"uv": [4, 8, 3, 9], "texture": "#0"},
				"east": {"uv": [3, 8, 4, 10], "rotation": 90, "texture": "#0"},
				"south": {"uv": [3, 9, 4, 10], "texture": "#0"},
				"west": {"uv": [3, 8, 4, 10], "rotation": 270, "texture": "#0"},
				"up": {"uv": [3, 8, 4, 10], "texture": "#0"},
				"down": {"uv": [3, 10, 4, 8], "texture": "#0"}
			}
		},
		{
			"name": "diamond_sword_14",
			"from": [7.32437, 10.17188, -7.73887],
			"to": [8.32437, 11.17188, -3.73887],
			"rotation": {"angle": -45, "axis": "y", "origin": [9, 7.78125, 4.5]},
			"faces": {
				"north": {"uv": [6, 8, 5, 9], "texture": "#0"},
				"east": {"uv": [5, 8, 6, 12], "rotation": 90, "texture": "#0"},
				"south": {"uv": [5, 11, 6, 12], "texture": "#0"},
				"west": {"uv": [5, 8, 6, 12], "rotation": 270, "texture": "#0"},
				"up": {"uv": [5, 8, 6, 12], "texture": "#0"},
				"down": {"uv": [5, 12, 6, 8], "texture": "#0"}
			}
		},
		{
			"name": "diamond_sword_15",
			"from": [5.32437, 10.17188, -4.73887],
			"to": [6.32437, 11.17188, -1.73887],
			"rotation": {"angle": -45, "axis": "y", "origin": [9, 7.78125, 4.5]},
			"faces": {
				"north": {"uv": [4, 11, 3, 12], "texture": "#0"},
				"east": {"uv": [3, 11, 4, 14], "rotation": 90, "texture": "#0"},
				"south": {"uv": [3, 13, 4, 14], "texture": "#0"},
				"west": {"uv": [3, 11, 4, 14], "rotation": 270, "texture": "#0"},
				"up": {"uv": [3, 11, 4, 14], "texture": "#0"},
				"down": {"uv": [3, 14, 4, 11], "texture": "#0"}
			}
		},
		{
			"name": "diamond_sword_16",
			"from": [10.32437, 10.17188, -4.73887],
			"to": [11.32437, 11.17188, -1.73887],
			"rotation": {"angle": -45, "axis": "y", "origin": [9, 7.78125, 4.5]},
			"faces": {
				"north": {"uv": [9, 11, 8, 12], "texture": "#0"},
				"east": {"uv": [8, 11, 9, 14], "rotation": 90, "texture": "#0"},
				"south": {"uv": [8, 13, 9, 14], "texture": "#0"},
				"west": {"uv": [8, 11, 9, 14], "rotation": 270, "texture": "#0"},
				"up": {"uv": [8, 11, 9, 14], "texture": "#0"},
				"down": {"uv": [8, 14, 9, 11], "texture": "#0"}
			}
		},
		{
			"name": "diamond_sword_17",
			"from": [4.32437, 10.17188, -3.73887],
			"to": [5.32437, 11.17188, 0.26113],
			"rotation": {"angle": -45, "axis": "y", "origin": [9, 7.78125, 4.5]},
			"faces": {
				"north": {"uv": [3, 12, 2, 13], "texture": "#0"},
				"east": {"uv": [2, 12, 3, 16], "rotation": 90, "texture": "#0"},
				"south": {"uv": [2, 15, 3, 16], "texture": "#0"},
				"west": {"uv": [2, 12, 3, 16], "rotation": 270, "texture": "#0"},
				"up": {"uv": [2, 12, 3, 16], "texture": "#0"},
				"down": {"uv": [2, 16, 3, 12], "texture": "#0"}
			}
		},
		{
			"name": "diamond_sword_18",
			"from": [11.32437, 10.17188, -3.73887],
			"to": [12.32437, 11.17188, -1.73887],
			"rotation": {"angle": -45, "axis": "y", "origin": [9, 7.78125, 4.5]},
			"faces": {
				"north": {"uv": [10, 12, 9, 13], "texture": "#0"},
				"east": {"uv": [9, 12, 10, 14], "rotation": 90, "texture": "#0"},
				"south": {"uv": [9, 13, 10, 14], "texture": "#0"},
				"west": {"uv": [9, 12, 10, 14], "rotation": 270, "texture": "#0"},
				"up": {"uv": [9, 12, 10, 14], "texture": "#0"},
				"down": {"uv": [9, 14, 10, 12], "texture": "#0"}
			}
		},
		{
			"name": "diamond_sword_19",
			"from": [2.32437, 10.17188, -2.73887],
			"to": [4.32437, 11.17188, 0.26113],
			"rotation": {"angle": -45, "axis": "y", "origin": [9, 7.78125, 4.5]},
			"faces": {
				"north": {"uv": [2, 13, 0, 14], "texture": "#0"},
				"east": {"uv": [1, 13, 2, 16], "rotation": 90, "texture": "#0"},
				"south": {"uv": [0, 15, 2, 16], "texture": "#0"},
				"west": {"uv": [0, 13, 1, 16], "rotation": 270, "texture": "#0"},
				"up": {"uv": [0, 13, 2, 16], "texture": "#0"},
				"down": {"uv": [0, 16, 2, 13], "texture": "#0"}
			}
		},
		{
			"name": "diamond_sword_2",
			"from": [25.87193, 10.20313, 10.7129],
			"to": [28.87193, 11.20313, 13.7129],
			"rotation": {"angle": 0, "axis": "y", "origin": [9, 7.78125, 4.5]},
			"faces": {
				"north": {"uv": [13, 0, 14, 3], "rotation": 270, "texture": "#0"},
				"east": {"uv": [16, 0, 13, 1], "texture": "#0"},
				"south": {"uv": [15, 0, 16, 3], "rotation": 90, "texture": "#0"},
				"west": {"uv": [13, 2, 16, 3], "texture": "#0"},
				"up": {"uv": [13, 0, 16, 3], "rotation": 90, "texture": "#0"},
				"down": {"uv": [13, 3, 16, 0], "rotation": 270, "texture": "#0"}
			}
		},
		{
			"name": "diamond_sword_3",
			"from": [22.87193, 10.20313, 9.7129],
			"to": [27.87193, 11.20313, 10.7129],
			"rotation": {"angle": 0, "axis": "y", "origin": [9, 7.78125, 4.5]},
			"faces": {
				"north": {"uv": [12, 1, 13, 6], "rotation": 270, "texture": "#0"},
				"east": {"uv": [13, 1, 12, 2], "texture": "#0"},
				"south": {"uv": [12, 1, 13, 6], "rotation": 90, "texture": "#0"},
				"west": {"uv": [12, 5, 13, 6], "texture": "#0"},
				"up": {"uv": [12, 1, 13, 6], "rotation": 90, "texture": "#0"},
				"down": {"uv": [12, 6, 13, 1], "rotation": 270, "texture": "#0"}
			}
		},
		{
			"name": "diamond_sword_4",
			"from": [21.87193, 10.20313, 8.7129],
			"to": [26.87193, 11.20313, 9.7129],
			"rotation": {"angle": 0, "axis": "y", "origin": [9, 7.78125, 4.5]},
			"faces": {
				"north": {"uv": [11, 2, 12, 7], "rotation": 270, "texture": "#0"},
				"east": {"uv": [12, 2, 11, 3], "texture": "#0"},
				"south": {"uv": [11, 2, 12, 7], "rotation": 90, "texture": "#0"},
				"west": {"uv": [11, 6, 12, 7], "texture": "#0"},
				"up": {"uv": [11, 2, 12, 7], "rotation": 90, "texture": "#0"},
				"down": {"uv": [11, 7, 12, 2], "rotation": 270, "texture": "#0"}
			}
		},
		{
			"name": "diamond_sword_5",
			"from": [20.87193, 10.20313, 7.7129],
			"to": [25.87193, 11.20313, 8.7129],
			"rotation": {"angle": 0, "axis": "y", "origin": [9, 7.78125, 4.5]},
			"faces": {
				"north": {"uv": [10, 3, 11, 8], "rotation": 270, "texture": "#0"},
				"east": {"uv": [11, 3, 10, 4], "texture": "#0"},
				"south": {"uv": [10, 3, 11, 8], "rotation": 90, "texture": "#0"},
				"west": {"uv": [10, 7, 11, 8], "texture": "#0"},
				"up": {"uv": [10, 3, 11, 8], "rotation": 90, "texture": "#0"},
				"down": {"uv": [10, 8, 11, 3], "rotation": 270, "texture": "#0"}
			}
		},
		{
			"name": "diamond_sword_6",
			"from": [24.87193, 10.20313, 10.7129],
			"to": [25.87193, 11.20313, 12.7129],
			"rotation": {"angle": 0, "axis": "y", "origin": [9, 7.78125, 4.5]},
			"faces": {
				"north": {"uv": [13, 3, 14, 4], "rotation": 270, "texture": "#0"},
				"east": {"uv": [15, 3, 13, 4], "texture": "#0"},
				"south": {"uv": [14, 3, 15, 4], "rotation": 90, "texture": "#0"},
				"west": {"uv": [13, 3, 15, 4], "texture": "#0"},
				"up": {"uv": [13, 3, 15, 4], "rotation": 90, "texture": "#0"},
				"down": {"uv": [13, 4, 15, 3], "rotation": 270, "texture": "#0"}
			}
		},
		{
			"name": "diamond_sword_7",
			"from": [19.87193, 10.20313, 6.7129],
			"to": [24.87193, 11.20313, 7.7129],
			"rotation": {"angle": 0, "axis": "y", "origin": [9, 7.78125, 4.5]},
			"faces": {
				"north": {"uv": [9, 4, 10, 9], "rotation": 270, "texture": "#0"},
				"east": {"uv": [10, 4, 9, 5], "texture": "#0"},
				"south": {"uv": [9, 4, 10, 9], "rotation": 90, "texture": "#0"},
				"west": {"uv": [9, 8, 10, 9], "texture": "#0"},
				"up": {"uv": [9, 4, 10, 9], "rotation": 90, "texture": "#0"},
				"down": {"uv": [9, 9, 10, 4], "rotation": 270, "texture": "#0"}
			}
		},
		{
			"name": "diamond_sword_8",
			"from": [23.87193, 10.20313, 10.7129],
			"to": [24.87193, 11.20313, 11.7129],
			"rotation": {"angle": 0, "axis": "y", "origin": [9, 7.78125, 4.5]},
			"faces": {
				"north": {"uv": [13, 4, 14, 5], "rotation": 270, "texture": "#0"},
				"east": {"uv": [14, 4, 13, 5], "texture": "#0"},
				"south": {"uv": [13, 4, 14, 5], "rotation": 90, "texture": "#0"},
				"west": {"uv": [13, 4, 14, 5], "texture": "#0"},
				"up": {"uv": [13, 4, 14, 5], "rotation": 90, "texture": "#0"},
				"down": {"uv": [13, 5, 14, 4], "rotation": 270, "texture": "#0"}
			}
		},
		{
			"name": "diamond_sword_9",
			"from": [18.87193, 10.20313, 5.7129],
			"to": [23.87193, 11.20313, 6.7129],
			"rotation": {"angle": 0, "axis": "y", "origin": [9, 7.78125, 4.5]},
			"faces": {
				"north": {"uv": [8, 5, 9, 10], "rotation": 270, "texture": "#0"},
				"east": {"uv": [9, 5, 8, 6], "texture": "#0"},
				"south": {"uv": [8, 5, 9, 10], "rotation": 90, "texture": "#0"},
				"west": {"uv": [8, 9, 9, 10], "texture": "#0"},
				"up": {"uv": [8, 5, 9, 10], "rotation": 90, "texture": "#0"},
				"down": {"uv": [8, 10, 9, 5], "rotation": 270, "texture": "#0"}
			}
		},
		{
			"name": "diamond_sword_10",
			"from": [20.87193, 10.20313, -0.2871],
			"to": [22.87193, 11.20313, 1.7129],
			"rotation": {"angle": 0, "axis": "y", "origin": [9, 7.78125, 4.5]},
			"faces": {
				"north": {"uv": [2, 6, 3, 8], "rotation": 270, "texture": "#0"},
				"east": {"uv": [4, 6, 2, 7], "texture": "#0"},
				"south": {"uv": [3, 6, 4, 8], "rotation": 90, "texture": "#0"},
				"west": {"uv": [2, 7, 4, 8], "texture": "#0"},
				"up": {"uv": [2, 6, 4, 8], "rotation": 90, "texture": "#0"},
				"down": {"uv": [2, 8, 4, 6], "rotation": 270, "texture": "#0"}
			}
		},
		{
			"name": "diamond_sword_11",
			"from": [15.87193, 10.20313, 4.7129],
			"to": [22.87193, 11.20313, 5.7129],
			"rotation": {"angle": 0, "axis": "y", "origin": [9, 7.78125, 4.5]},
			"faces": {
				"north": {"uv": [7, 6, 8, 13], "rotation": 270, "texture": "#0"},
				"east": {"uv": [8, 6, 7, 7], "texture": "#0"},
				"south": {"uv": [7, 6, 8, 13], "rotation": 90, "texture": "#0"},
				"west": {"uv": [7, 12, 8, 13], "texture": "#0"},
				"up": {"uv": [7, 6, 8, 13], "rotation": 90, "texture": "#0"},
				"down": {"uv": [7, 13, 8, 6], "rotation": 270, "texture": "#0"}
			}
		},
		{
			"name": "diamond_sword_12",
			"from": [15.87193, 10.20313, 1.7129],
			"to": [21.87193, 11.20313, 2.7129],
			"rotation": {"angle": 0, "axis": "y", "origin": [9, 7.78125, 4.5]},
			"faces": {
				"north": {"uv": [4, 7, 5, 13], "rotation": 270, "texture": "#0"},
				"east": {"uv": [5, 7, 4, 8], "texture": "#0"},
				"south": {"uv": [4, 7, 5, 13], "rotation": 90, "texture": "#0"},
				"west": {"uv": [4, 12, 5, 13], "texture": "#0"},
				"up": {"uv": [4, 7, 5, 13], "rotation": 90, "texture": "#0"},
				"down": {"uv": [4, 13, 5, 7], "rotation": 270, "texture": "#0"}
			}
		},
		{
			"name": "diamond_sword_13",
			"from": [15.87193, 10.20313, 3.7129],
			"to": [21.87193, 11.20313, 4.7129],
			"rotation": {"angle": 0, "axis": "y", "origin": [9, 7.78125, 4.5]},
			"faces": {
				"north": {"uv": [6, 7, 7, 13], "rotation": 270, "texture": "#0"},
				"east": {"uv": [7, 7, 6, 8], "texture": "#0"},
				"south": {"uv": [6, 7, 7, 13], "rotation": 90, "texture": "#0"},
				"west": {"uv": [6, 12, 7, 13], "texture": "#0"},
				"up": {"uv": [6, 7, 7, 13], "rotation": 90, "texture": "#0"},
				"down": {"uv": [6, 13, 7, 7], "rotation": 270, "texture": "#0"}
			}
		},
		{
			"name": "diamond_sword_14",
			"from": [18.87193, 10.20313, 0.7129],
			"to": [20.87193, 11.20313, 1.7129],
			"rotation": {"angle": 0, "axis": "y", "origin": [9, 7.78125, 4.5]},
			"faces": {
				"north": {"uv": [3, 8, 4, 10], "rotation": 270, "texture": "#0"},
				"east": {"uv": [4, 8, 3, 9], "texture": "#0"},
				"south": {"uv": [3, 8, 4, 10], "rotation": 90, "texture": "#0"},
				"west": {"uv": [3, 9, 4, 10], "texture": "#0"},
				"up": {"uv": [3, 8, 4, 10], "rotation": 90, "texture": "#0"},
				"down": {"uv": [3, 10, 4, 8], "rotation": 270, "texture": "#0"}
			}
		},
		{
			"name": "diamond_sword_15",
			"from": [16.87193, 10.20313, 2.7129],
			"to": [20.87193, 11.20313, 3.7129],
			"rotation": {"angle": 0, "axis": "y", "origin": [9, 7.78125, 4.5]},
			"faces": {
				"north": {"uv": [5, 8, 6, 12], "rotation": 270, "texture": "#0"},
				"east": {"uv": [6, 8, 5, 9], "texture": "#0"},
				"south": {"uv": [5, 8, 6, 12], "rotation": 90, "texture": "#0"},
				"west": {"uv": [5, 11, 6, 12], "texture": "#0"},
				"up": {"uv": [5, 8, 6, 12], "rotation": 90, "texture": "#0"},
				"down": {"uv": [5, 12, 6, 8], "rotation": 270, "texture": "#0"}
			}
		},
		{
			"name": "diamond_sword_16",
			"from": [14.87193, 10.20313, 0.7129],
			"to": [17.87193, 11.20313, 1.7129],
			"rotation": {"angle": 0, "axis": "y", "origin": [9, 7.78125, 4.5]},
			"faces": {
				"north": {"uv": [3, 11, 4, 14], "rotation": 270, "texture": "#0"},
				"east": {"uv": [4, 11, 3, 12], "texture": "#0"},
				"south": {"uv": [3, 11, 4, 14], "rotation": 90, "texture": "#0"},
				"west": {"uv": [3, 13, 4, 14], "texture": "#0"},
				"up": {"uv": [3, 11, 4, 14], "rotation": 90, "texture": "#0"},
				"down": {"uv": [3, 14, 4, 11], "rotation": 270, "texture": "#0"}
			}
		},
		{
			"name": "diamond_sword_17",
			"from": [14.87193, 10.20313, 5.7129],
			"to": [17.87193, 11.20313, 6.7129],
			"rotation": {"angle": 0, "axis": "y", "origin": [9, 7.78125, 4.5]},
			"faces": {
				"north": {"uv": [8, 11, 9, 14], "rotation": 270, "texture": "#0"},
				"east": {"uv": [9, 11, 8, 12], "texture": "#0"},
				"south": {"uv": [8, 11, 9, 14], "rotation": 90, "texture": "#0"},
				"west": {"uv": [8, 13, 9, 14], "texture": "#0"},
				"up": {"uv": [8, 11, 9, 14], "rotation": 90, "texture": "#0"},
				"down": {"uv": [8, 14, 9, 11], "rotation": 270, "texture": "#0"}
			}
		},
		{
			"name": "diamond_sword_18",
			"from": [12.87193, 10.20313, -0.2871],
			"to": [16.87193, 11.20313, 0.7129],
			"rotation": {"angle": 0, "axis": "y", "origin": [9, 7.78125, 4.5]},
			"faces": {
				"north": {"uv": [2, 12, 3, 16], "rotation": 270, "texture": "#0"},
				"east": {"uv": [3, 12, 2, 13], "texture": "#0"},
				"south": {"uv": [2, 12, 3, 16], "rotation": 90, "texture": "#0"},
				"west": {"uv": [2, 15, 3, 16], "texture": "#0"},
				"up": {"uv": [2, 12, 3, 16], "rotation": 90, "texture": "#0"},
				"down": {"uv": [2, 16, 3, 12], "rotation": 270, "texture": "#0"}
			}
		},
		{
			"name": "diamond_sword_19",
			"from": [14.87193, 10.20313, 6.7129],
			"to": [16.87193, 11.20313, 7.7129],
			"rotation": {"angle": 0, "axis": "y", "origin": [9, 7.78125, 4.5]},
			"faces": {
				"north": {"uv": [9, 12, 10, 14], "rotation": 270, "texture": "#0"},
				"east": {"uv": [10, 12, 9, 13], "texture": "#0"},
				"south": {"uv": [9, 12, 10, 14], "rotation": 90, "texture": "#0"},
				"west": {"uv": [9, 13, 10, 14], "texture": "#0"},
				"up": {"uv": [9, 12, 10, 14], "rotation": 90, "texture": "#0"},
				"down": {"uv": [9, 14, 10, 12], "rotation": 270, "texture": "#0"}
			}
		},
		{
			"name": "diamond_sword_20",
			"from": [12.87193, 10.20313, -2.2871],
			"to": [15.87193, 11.20313, -0.2871],
			"rotation": {"angle": 0, "axis": "y", "origin": [9, 7.78125, 4.5]},
			"faces": {
				"north": {"uv": [0, 13, 1, 16], "rotation": 270, "texture": "#0"},
				"east": {"uv": [2, 13, 0, 14], "texture": "#0"},
				"south": {"uv": [1, 13, 2, 16], "rotation": 90, "texture": "#0"},
				"west": {"uv": [0, 15, 2, 16], "texture": "#0"},
				"up": {"uv": [0, 13, 2, 16], "rotation": 90, "texture": "#0"},
				"down": {"uv": [0, 16, 2, 13], "rotation": 270, "texture": "#0"}
			}
		},
		{
			"name": "diamond_sword_3",
			"from": [25.47788, 10.21875, 10.71375],
			"to": [28.47788, 11.21875, 13.71375],
			"rotation": {"angle": -45, "axis": "y", "origin": [9, 7.78125, 4.5]},
			"faces": {
				"north": {"uv": [13, 0, 14, 3], "rotation": 270, "texture": "#0"},
				"east": {"uv": [16, 0, 13, 1], "texture": "#0"},
				"south": {"uv": [15, 0, 16, 3], "rotation": 90, "texture": "#0"},
				"west": {"uv": [13, 2, 16, 3], "texture": "#0"},
				"up": {"uv": [13, 0, 16, 3], "rotation": 90, "texture": "#0"},
				"down": {"uv": [13, 3, 16, 0], "rotation": 270, "texture": "#0"}
			}
		},
		{
			"name": "diamond_sword_4",
			"from": [22.47788, 10.21875, 9.71375],
			"to": [27.47788, 11.21875, 10.71375],
			"rotation": {"angle": -45, "axis": "y", "origin": [9, 7.78125, 4.5]},
			"faces": {
				"north": {"uv": [12, 1, 13, 6], "rotation": 270, "texture": "#0"},
				"east": {"uv": [13, 1, 12, 2], "texture": "#0"},
				"south": {"uv": [12, 1, 13, 6], "rotation": 90, "texture": "#0"},
				"west": {"uv": [12, 5, 13, 6], "texture": "#0"},
				"up": {"uv": [12, 1, 13, 6], "rotation": 90, "texture": "#0"},
				"down": {"uv": [12, 6, 13, 1], "rotation": 270, "texture": "#0"}
			}
		},
		{
			"name": "diamond_sword_5",
			"from": [21.47788, 10.21875, 8.71375],
			"to": [26.47788, 11.21875, 9.71375],
			"rotation": {"angle": -45, "axis": "y", "origin": [9, 7.78125, 4.5]},
			"faces": {
				"north": {"uv": [11, 2, 12, 7], "rotation": 270, "texture": "#0"},
				"east": {"uv": [12, 2, 11, 3], "texture": "#0"},
				"south": {"uv": [11, 2, 12, 7], "rotation": 90, "texture": "#0"},
				"west": {"uv": [11, 6, 12, 7], "texture": "#0"},
				"up": {"uv": [11, 2, 12, 7], "rotation": 90, "texture": "#0"},
				"down": {"uv": [11, 7, 12, 2], "rotation": 270, "texture": "#0"}
			}
		},
		{
			"name": "diamond_sword_6",
			"from": [20.47788, 10.21875, 7.71375],
			"to": [25.47788, 11.21875, 8.71375],
			"rotation": {"angle": -45, "axis": "y", "origin": [9, 7.78125, 4.5]},
			"faces": {
				"north": {"uv": [10, 3, 11, 8], "rotation": 270, "texture": "#0"},
				"east": {"uv": [11, 3, 10, 4], "texture": "#0"},
				"south": {"uv": [10, 3, 11, 8], "rotation": 90, "texture": "#0"},
				"west": {"uv": [10, 7, 11, 8], "texture": "#0"},
				"up": {"uv": [10, 3, 11, 8], "rotation": 90, "texture": "#0"},
				"down": {"uv": [10, 8, 11, 3], "rotation": 270, "texture": "#0"}
			}
		},
		{
			"name": "diamond_sword_7",
			"from": [24.47788, 10.21875, 10.71375],
			"to": [25.47788, 11.21875, 12.71375],
			"rotation": {"angle": -45, "axis": "y", "origin": [9, 7.78125, 4.5]},
			"faces": {
				"north": {"uv": [13, 3, 14, 4], "rotation": 270, "texture": "#0"},
				"east": {"uv": [15, 3, 13, 4], "texture": "#0"},
				"south": {"uv": [14, 3, 15, 4], "rotation": 90, "texture": "#0"},
				"west": {"uv": [13, 3, 15, 4], "texture": "#0"},
				"up": {"uv": [13, 3, 15, 4], "rotation": 90, "texture": "#0"},
				"down": {"uv": [13, 4, 15, 3], "rotation": 270, "texture": "#0"}
			}
		},
		{
			"name": "diamond_sword_8",
			"from": [19.47788, 10.21875, 6.71375],
			"to": [24.47788, 11.21875, 7.71375],
			"rotation": {"angle": -45, "axis": "y", "origin": [9, 7.78125, 4.5]},
			"faces": {
				"north": {"uv": [9, 4, 10, 9], "rotation": 270, "texture": "#0"},
				"east": {"uv": [10, 4, 9, 5], "texture": "#0"},
				"south": {"uv": [9, 4, 10, 9], "rotation": 90, "texture": "#0"},
				"west": {"uv": [9, 8, 10, 9], "texture": "#0"},
				"up": {"uv": [9, 4, 10, 9], "rotation": 90, "texture": "#0"},
				"down": {"uv": [9, 9, 10, 4], "rotation": 270, "texture": "#0"}
			}
		},
		{
			"name": "diamond_sword_9",
			"from": [23.47788, 10.21875, 10.71375],
			"to": [24.47788, 11.21875, 11.71375],
			"rotation": {"angle": -45, "axis": "y", "origin": [9, 7.78125, 4.5]},
			"faces": {
				"north": {"uv": [13, 4, 14, 5], "rotation": 270, "texture": "#0"},
				"east": {"uv": [14, 4, 13, 5], "texture": "#0"},
				"south": {"uv": [13, 4, 14, 5], "rotation": 90, "texture": "#0"},
				"west": {"uv": [13, 4, 14, 5], "texture": "#0"},
				"up": {"uv": [13, 4, 14, 5], "rotation": 90, "texture": "#0"},
				"down": {"uv": [13, 5, 14, 4], "rotation": 270, "texture": "#0"}
			}
		},
		{
			"name": "diamond_sword_10",
			"from": [18.47788, 10.21875, 5.71375],
			"to": [23.47788, 11.21875, 6.71375],
			"rotation": {"angle": -45, "axis": "y", "origin": [9, 7.78125, 4.5]},
			"faces": {
				"north": {"uv": [8, 5, 9, 10], "rotation": 270, "texture": "#0"},
				"east": {"uv": [9, 5, 8, 6], "texture": "#0"},
				"south": {"uv": [8, 5, 9, 10], "rotation": 90, "texture": "#0"},
				"west": {"uv": [8, 9, 9, 10], "texture": "#0"},
				"up": {"uv": [8, 5, 9, 10], "rotation": 90, "texture": "#0"},
				"down": {"uv": [8, 10, 9, 5], "rotation": 270, "texture": "#0"}
			}
		},
		{
			"name": "diamond_sword_11",
			"from": [20.47788, 10.21875, -0.28625],
			"to": [22.47788, 11.21875, 1.71375],
			"rotation": {"angle": -45, "axis": "y", "origin": [9, 7.78125, 4.5]},
			"faces": {
				"north": {"uv": [2, 6, 3, 8], "rotation": 270, "texture": "#0"},
				"east": {"uv": [4, 6, 2, 7], "texture": "#0"},
				"south": {"uv": [3, 6, 4, 8], "rotation": 90, "texture": "#0"},
				"west": {"uv": [2, 7, 4, 8], "texture": "#0"},
				"up": {"uv": [2, 6, 4, 8], "rotation": 90, "texture": "#0"},
				"down": {"uv": [2, 8, 4, 6], "rotation": 270, "texture": "#0"}
			}
		},
		{
			"name": "diamond_sword_12",
			"from": [15.47788, 10.21875, 4.71375],
			"to": [22.47788, 11.21875, 5.71375],
			"rotation": {"angle": -45, "axis": "y", "origin": [9, 7.78125, 4.5]},
			"faces": {
				"north": {"uv": [7, 6, 8, 13], "rotation": 270, "texture": "#0"},
				"east": {"uv": [8, 6, 7, 7], "texture": "#0"},
				"south": {"uv": [7, 6, 8, 13], "rotation": 90, "texture": "#0"},
				"west": {"uv": [7, 12, 8, 13], "texture": "#0"},
				"up": {"uv": [7, 6, 8, 13], "rotation": 90, "texture": "#0"},
				"down": {"uv": [7, 13, 8, 6], "rotation": 270, "texture": "#0"}
			}
		},
		{
			"name": "diamond_sword_13",
			"from": [15.47788, 10.21875, 1.71375],
			"to": [21.47788, 11.21875, 2.71375],
			"rotation": {"angle": -45, "axis": "y", "origin": [9, 7.78125, 4.5]},
			"faces": {
				"north": {"uv": [4, 7, 5, 13], "rotation": 270, "texture": "#0"},
				"east": {"uv": [5, 7, 4, 8], "texture": "#0"},
				"south": {"uv": [4, 7, 5, 13], "rotation": 90, "texture": "#0"},
				"west": {"uv": [4, 12, 5, 13], "texture": "#0"},
				"up": {"uv": [4, 7, 5, 13], "rotation": 90, "texture": "#0"},
				"down": {"uv": [4, 13, 5, 7], "rotation": 270, "texture": "#0"}
			}
		},
		{
			"name": "diamond_sword_14",
			"from": [15.47788, 10.21875, 3.71375],
			"to": [21.47788, 11.21875, 4.71375],
			"rotation": {"angle": -45, "axis": "y", "origin": [9, 7.78125, 4.5]},
			"faces": {
				"north": {"uv": [6, 7, 7, 13], "rotation": 270, "texture": "#0"},
				"east": {"uv": [7, 7, 6, 8], "texture": "#0"},
				"south": {"uv": [6, 7, 7, 13], "rotation": 90, "texture": "#0"},
				"west": {"uv": [6, 12, 7, 13], "texture": "#0"},
				"up": {"uv": [6, 7, 7, 13], "rotation": 90, "texture": "#0"},
				"down": {"uv": [6, 13, 7, 7], "rotation": 270, "texture": "#0"}
			}
		},
		{
			"name": "diamond_sword_15",
			"from": [18.47788, 10.21875, 0.71375],
			"to": [20.47788, 11.21875, 1.71375],
			"rotation": {"angle": -45, "axis": "y", "origin": [9, 7.78125, 4.5]},
			"faces": {
				"north": {"uv": [3, 8, 4, 10], "rotation": 270, "texture": "#0"},
				"east": {"uv": [4, 8, 3, 9], "texture": "#0"},
				"south": {"uv": [3, 8, 4, 10], "rotation": 90, "texture": "#0"},
				"west": {"uv": [3, 9, 4, 10], "texture": "#0"},
				"up": {"uv": [3, 8, 4, 10], "rotation": 90, "texture": "#0"},
				"down": {"uv": [3, 10, 4, 8], "rotation": 270, "texture": "#0"}
			}
		},
		{
			"name": "diamond_sword_16",
			"from": [16.47788, 10.21875, 2.71375],
			"to": [20.47788, 11.21875, 3.71375],
			"rotation": {"angle": -45, "axis": "y", "origin": [9, 7.78125, 4.5]},
			"faces": {
				"north": {"uv": [5, 8, 6, 12], "rotation": 270, "texture": "#0"},
				"east": {"uv": [6, 8, 5, 9], "texture": "#0"},
				"south": {"uv": [5, 8, 6, 12], "rotation": 90, "texture": "#0"},
				"west": {"uv": [5, 11, 6, 12], "texture": "#0"},
				"up": {"uv": [5, 8, 6, 12], "rotation": 90, "texture": "#0"},
				"down": {"uv": [5, 12, 6, 8], "rotation": 270, "texture": "#0"}
			}
		},
		{
			"name": "diamond_sword_17",
			"from": [14.47788, 10.21875, 0.71375],
			"to": [17.47788, 11.21875, 1.71375],
			"rotation": {"angle": -45, "axis": "y", "origin": [9, 7.78125, 4.5]},
			"faces": {
				"north": {"uv": [3, 11, 4, 14], "rotation": 270, "texture": "#0"},
				"east": {"uv": [4, 11, 3, 12], "texture": "#0"},
				"south": {"uv": [3, 11, 4, 14], "rotation": 90, "texture": "#0"},
				"west": {"uv": [3, 13, 4, 14], "texture": "#0"},
				"up": {"uv": [3, 11, 4, 14], "rotation": 90, "texture": "#0"},
				"down": {"uv": [3, 14, 4, 11], "rotation": 270, "texture": "#0"}
			}
		},
		{
			"name": "diamond_sword_18",
			"from": [14.47788, 10.21875, 5.71375],
			"to": [17.47788, 11.21875, 6.71375],
			"rotation": {"angle": -45, "axis": "y", "origin": [9, 7.78125, 4.5]},
			"faces": {
				"north": {"uv": [8, 11, 9, 14], "rotation": 270, "texture": "#0"},
				"east": {"uv": [9, 11, 8, 12], "texture": "#0"},
				"south": {"uv": [8, 11, 9, 14], "rotation": 90, "texture": "#0"},
				"west": {"uv": [8, 13, 9, 14], "texture": "#0"},
				"up": {"uv": [8, 11, 9, 14], "rotation": 90, "texture": "#0"},
				"down": {"uv": [8, 14, 9, 11], "rotation": 270, "texture": "#0"}
			}
		},
		{
			"name": "diamond_sword_19",
			"from": [12.47788, 10.21875, -0.28625],
			"to": [16.47788, 11.21875, 0.71375],
			"rotation": {"angle": -45, "axis": "y", "origin": [9, 7.78125, 4.5]},
			"faces": {
				"north": {"uv": [2, 12, 3, 16], "rotation": 270, "texture": "#0"},
				"east": {"uv": [3, 12, 2, 13], "texture": "#0"},
				"south": {"uv": [2, 12, 3, 16], "rotation": 90, "texture": "#0"},
				"west": {"uv": [2, 15, 3, 16], "texture": "#0"},
				"up": {"uv": [2, 12, 3, 16], "rotation": 90, "texture": "#0"},
				"down": {"uv": [2, 16, 3, 12], "rotation": 270, "texture": "#0"}
			}
		},
		{
			"name": "diamond_sword_20",
			"from": [14.47788, 10.21875, 6.71375],
			"to": [16.47788, 11.21875, 7.71375],
			"rotation": {"angle": -45, "axis": "y", "origin": [9, 7.78125, 4.5]},
			"faces": {
				"north": {"uv": [9, 12, 10, 14], "rotation": 270, "texture": "#0"},
				"east": {"uv": [10, 12, 9, 13], "texture": "#0"},
				"south": {"uv": [9, 12, 10, 14], "rotation": 90, "texture": "#0"},
				"west": {"uv": [9, 13, 10, 14], "texture": "#0"},
				"up": {"uv": [9, 12, 10, 14], "rotation": 90, "texture": "#0"},
				"down": {"uv": [9, 14, 10, 12], "rotation": 270, "texture": "#0"}
			}
		},
		{
			"name": "diamond_sword_21",
			"from": [12.47788, 10.21875, -2.28625],
			"to": [15.47788, 11.21875, -0.28625],
			"rotation": {"angle": -45, "axis": "y", "origin": [9, 7.78125, 4.5]},
			"faces": {
				"north": {"uv": [0, 13, 1, 16], "rotation": 270, "texture": "#0"},
				"east": {"uv": [2, 13, 0, 14], "texture": "#0"},
				"south": {"uv": [1, 13, 2, 16], "rotation": 90, "texture": "#0"},
				"west": {"uv": [0, 15, 2, 16], "texture": "#0"},
				"up": {"uv": [0, 13, 2, 16], "rotation": 90, "texture": "#0"},
				"down": {"uv": [0, 16, 2, 13], "rotation": 270, "texture": "#0"}
			}
		},
		{
			"name": "diamond_sword_4",
			"from": [-0.476, 10.26563, 20.68438],
			"to": [2.524, 11.26563, 23.68438],
			"rotation": {"angle": 0, "axis": "y", "origin": [9, 7.78125, 4.5]},
			"faces": {
				"north": {"uv": [13, 2, 16, 3], "texture": "#0"},
				"east": {"uv": [13, 0, 14, 3], "rotation": 270, "texture": "#0"},
				"south": {"uv": [16, 0, 13, 1], "texture": "#0"},
				"west": {"uv": [15, 0, 16, 3], "rotation": 90, "texture": "#0"},
				"up": {"uv": [13, 0, 16, 3], "rotation": 180, "texture": "#0"},
				"down": {"uv": [13, 3, 16, 0], "rotation": 180, "texture": "#0"}
			}
		},
		{
			"name": "diamond_sword_5",
			"from": [2.524, 10.26563, 17.68438],
			"to": [3.524, 11.26563, 22.68438],
			"rotation": {"angle": 0, "axis": "y", "origin": [9, 7.78125, 4.5]},
			"faces": {
				"north": {"uv": [12, 5, 13, 6], "texture": "#0"},
				"east": {"uv": [12, 1, 13, 6], "rotation": 270, "texture": "#0"},
				"south": {"uv": [13, 1, 12, 2], "texture": "#0"},
				"west": {"uv": [12, 1, 13, 6], "rotation": 90, "texture": "#0"},
				"up": {"uv": [12, 1, 13, 6], "rotation": 180, "texture": "#0"},
				"down": {"uv": [12, 6, 13, 1], "rotation": 180, "texture": "#0"}
			}
		},
		{
			"name": "diamond_sword_6",
			"from": [3.524, 10.26563, 16.68438],
			"to": [4.524, 11.26563, 21.68438],
			"rotation": {"angle": 0, "axis": "y", "origin": [9, 7.78125, 4.5]},
			"faces": {
				"north": {"uv": [11, 6, 12, 7], "texture": "#0"},
				"east": {"uv": [11, 2, 12, 7], "rotation": 270, "texture": "#0"},
				"south": {"uv": [12, 2, 11, 3], "texture": "#0"},
				"west": {"uv": [11, 2, 12, 7], "rotation": 90, "texture": "#0"},
				"up": {"uv": [11, 2, 12, 7], "rotation": 180, "texture": "#0"},
				"down": {"uv": [11, 7, 12, 2], "rotation": 180, "texture": "#0"}
			}
		},
		{
			"name": "diamond_sword_7",
			"from": [4.524, 10.26563, 15.68438],
			"to": [5.524, 11.26563, 20.68438],
			"rotation": {"angle": 0, "axis": "y", "origin": [9, 7.78125, 4.5]},
			"faces": {
				"north": {"uv": [10, 7, 11, 8], "texture": "#0"},
				"east": {"uv": [10, 3, 11, 8], "rotation": 270, "texture": "#0"},
				"south": {"uv": [11, 3, 10, 4], "texture": "#0"},
				"west": {"uv": [10, 3, 11, 8], "rotation": 90, "texture": "#0"},
				"up": {"uv": [10, 3, 11, 8], "rotation": 180, "texture": "#0"},
				"down": {"uv": [10, 8, 11, 3], "rotation": 180, "texture": "#0"}
			}
		},
		{
			"name": "diamond_sword_8",
			"from": [0.524, 10.26563, 19.68438],
			"to": [2.524, 11.26563, 20.68438],
			"rotation": {"angle": 0, "axis": "y", "origin": [9, 7.78125, 4.5]},
			"faces": {
				"north": {"uv": [13, 3, 15, 4], "texture": "#0"},
				"east": {"uv": [13, 3, 14, 4], "rotation": 270, "texture": "#0"},
				"south": {"uv": [15, 3, 13, 4], "texture": "#0"},
				"west": {"uv": [14, 3, 15, 4], "rotation": 90, "texture": "#0"},
				"up": {"uv": [13, 3, 15, 4], "rotation": 180, "texture": "#0"},
				"down": {"uv": [13, 4, 15, 3], "rotation": 180, "texture": "#0"}
			}
		},
		{
			"name": "diamond_sword_9",
			"from": [5.524, 10.26563, 14.68438],
			"to": [6.524, 11.26563, 19.68438],
			"rotation": {"angle": 0, "axis": "y", "origin": [9, 7.78125, 4.5]},
			"faces": {
				"north": {"uv": [9, 8, 10, 9], "texture": "#0"},
				"east": {"uv": [9, 4, 10, 9], "rotation": 270, "texture": "#0"},
				"south": {"uv": [10, 4, 9, 5], "texture": "#0"},
				"west": {"uv": [9, 4, 10, 9], "rotation": 90, "texture": "#0"},
				"up": {"uv": [9, 4, 10, 9], "rotation": 180, "texture": "#0"},
				"down": {"uv": [9, 9, 10, 4], "rotation": 180, "texture": "#0"}
			}
		},
		{
			"name": "diamond_sword_10",
			"from": [1.524, 10.26563, 18.68438],
			"to": [2.524, 11.26563, 19.68438],
			"rotation": {"angle": 0, "axis": "y", "origin": [9, 7.78125, 4.5]},
			"faces": {
				"north": {"uv": [13, 4, 14, 5], "texture": "#0"},
				"east": {"uv": [13, 4, 14, 5], "rotation": 270, "texture": "#0"},
				"south": {"uv": [14, 4, 13, 5], "texture": "#0"},
				"west": {"uv": [13, 4, 14, 5], "rotation": 90, "texture": "#0"},
				"up": {"uv": [13, 4, 14, 5], "rotation": 180, "texture": "#0"},
				"down": {"uv": [13, 5, 14, 4], "rotation": 180, "texture": "#0"}
			}
		},
		{
			"name": "diamond_sword_11",
			"from": [6.524, 10.26563, 13.68438],
			"to": [7.524, 11.26563, 18.68438],
			"rotation": {"angle": 0, "axis": "y", "origin": [9, 7.78125, 4.5]},
			"faces": {
				"north": {"uv": [8, 9, 9, 10], "texture": "#0"},
				"east": {"uv": [8, 5, 9, 10], "rotation": 270, "texture": "#0"},
				"south": {"uv": [9, 5, 8, 6], "texture": "#0"},
				"west": {"uv": [8, 5, 9, 10], "rotation": 90, "texture": "#0"},
				"up": {"uv": [8, 5, 9, 10], "rotation": 180, "texture": "#0"},
				"down": {"uv": [8, 10, 9, 5], "rotation": 180, "texture": "#0"}
			}
		},
		{
			"name": "diamond_sword_12",
			"from": [11.524, 10.26563, 15.68438],
			"to": [13.524, 11.26563, 17.68438],
			"rotation": {"angle": 0, "axis": "y", "origin": [9, 7.78125, 4.5]},
			"faces": {
				"north": {"uv": [2, 7, 4, 8], "texture": "#0"},
				"east": {"uv": [2, 6, 3, 8], "rotation": 270, "texture": "#0"},
				"south": {"uv": [4, 6, 2, 7], "texture": "#0"},
				"west": {"uv": [3, 6, 4, 8], "rotation": 90, "texture": "#0"},
				"up": {"uv": [2, 6, 4, 8], "rotation": 180, "texture": "#0"},
				"down": {"uv": [2, 8, 4, 6], "rotation": 180, "texture": "#0"}
			}
		},
		{
			"name": "diamond_sword_13",
			"from": [7.524, 10.26563, 10.68438],
			"to": [8.524, 11.26563, 17.68438],
			"rotation": {"angle": 0, "axis": "y", "origin": [9, 7.78125, 4.5]},
			"faces": {
				"north": {"uv": [7, 12, 8, 13], "texture": "#0"},
				"east": {"uv": [7, 6, 8, 13], "rotation": 270, "texture": "#0"},
				"south": {"uv": [8, 6, 7, 7], "texture": "#0"},
				"west": {"uv": [7, 6, 8, 13], "rotation": 90, "texture": "#0"},
				"up": {"uv": [7, 6, 8, 13], "rotation": 180, "texture": "#0"},
				"down": {"uv": [7, 13, 8, 6], "rotation": 180, "texture": "#0"}
			}
		},
		{
			"name": "diamond_sword_14",
			"from": [10.524, 10.26563, 10.68438],
			"to": [11.524, 11.26563, 16.68438],
			"rotation": {"angle": 0, "axis": "y", "origin": [9, 7.78125, 4.5]},
			"faces": {
				"north": {"uv": [4, 12, 5, 13], "texture": "#0"},
				"east": {"uv": [4, 7, 5, 13], "rotation": 270, "texture": "#0"},
				"south": {"uv": [5, 7, 4, 8], "texture": "#0"},
				"west": {"uv": [4, 7, 5, 13], "rotation": 90, "texture": "#0"},
				"up": {"uv": [4, 7, 5, 13], "rotation": 180, "texture": "#0"},
				"down": {"uv": [4, 13, 5, 7], "rotation": 180, "texture": "#0"}
			}
		},
		{
			"name": "diamond_sword_15",
			"from": [8.524, 10.26563, 10.68438],
			"to": [9.524, 11.26563, 16.68438],
			"rotation": {"angle": 0, "axis": "y", "origin": [9, 7.78125, 4.5]},
			"faces": {
				"north": {"uv": [6, 12, 7, 13], "texture": "#0"},
				"east": {"uv": [6, 7, 7, 13], "rotation": 270, "texture": "#0"},
				"south": {"uv": [7, 7, 6, 8], "texture": "#0"},
				"west": {"uv": [6, 7, 7, 13], "rotation": 90, "texture": "#0"},
				"up": {"uv": [6, 7, 7, 13], "rotation": 180, "texture": "#0"},
				"down": {"uv": [6, 13, 7, 7], "rotation": 180, "texture": "#0"}
			}
		},
		{
			"name": "diamond_sword_16",
			"from": [11.524, 10.26563, 13.68438],
			"to": [12.524, 11.26563, 15.68438],
			"rotation": {"angle": 0, "axis": "y", "origin": [9, 7.78125, 4.5]},
			"faces": {
				"north": {"uv": [3, 9, 4, 10], "texture": "#0"},
				"east": {"uv": [3, 8, 4, 10], "rotation": 270, "texture": "#0"},
				"south": {"uv": [4, 8, 3, 9], "texture": "#0"},
				"west": {"uv": [3, 8, 4, 10], "rotation": 90, "texture": "#0"},
				"up": {"uv": [3, 8, 4, 10], "rotation": 180, "texture": "#0"},
				"down": {"uv": [3, 10, 4, 8], "rotation": 180, "texture": "#0"}
			}
		},
		{
			"name": "diamond_sword_17",
			"from": [9.524, 10.26563, 11.68438],
			"to": [10.524, 11.26563, 15.68438],
			"rotation": {"angle": 0, "axis": "y", "origin": [9, 7.78125, 4.5]},
			"faces": {
				"north": {"uv": [5, 11, 6, 12], "texture": "#0"},
				"east": {"uv": [5, 8, 6, 12], "rotation": 270, "texture": "#0"},
				"south": {"uv": [6, 8, 5, 9], "texture": "#0"},
				"west": {"uv": [5, 8, 6, 12], "rotation": 90, "texture": "#0"},
				"up": {"uv": [5, 8, 6, 12], "rotation": 180, "texture": "#0"},
				"down": {"uv": [5, 12, 6, 8], "rotation": 180, "texture": "#0"}
			}
		},
		{
			"name": "diamond_sword_18",
			"from": [11.524, 10.26563, 9.68438],
			"to": [12.524, 11.26563, 12.68438],
			"rotation": {"angle": 0, "axis": "y", "origin": [9, 7.78125, 4.5]},
			"faces": {
				"north": {"uv": [3, 13, 4, 14], "texture": "#0"},
				"east": {"uv": [3, 11, 4, 14], "rotation": 270, "texture": "#0"},
				"south": {"uv": [4, 11, 3, 12], "texture": "#0"},
				"west": {"uv": [3, 11, 4, 14], "rotation": 90, "texture": "#0"},
				"up": {"uv": [3, 11, 4, 14], "rotation": 180, "texture": "#0"},
				"down": {"uv": [3, 14, 4, 11], "rotation": 180, "texture": "#0"}
			}
		},
		{
			"name": "diamond_sword_19",
			"from": [6.524, 10.26563, 9.68438],
			"to": [7.524, 11.26563, 12.68438],
			"rotation": {"angle": 0, "axis": "y", "origin": [9, 7.78125, 4.5]},
			"faces": {
				"north": {"uv": [8, 13, 9, 14], "texture": "#0"},
				"east": {"uv": [8, 11, 9, 14], "rotation": 270, "texture": "#0"},
				"south": {"uv": [9, 11, 8, 12], "texture": "#0"},
				"west": {"uv": [8, 11, 9, 14], "rotation": 90, "texture": "#0"},
				"up": {"uv": [8, 11, 9, 14], "rotation": 180, "texture": "#0"},
				"down": {"uv": [8, 14, 9, 11], "rotation": 180, "texture": "#0"}
			}
		},
		{
			"name": "diamond_sword_20",
			"from": [12.524, 10.26563, 7.68438],
			"to": [13.524, 11.26563, 11.68438],
			"rotation": {"angle": 0, "axis": "y", "origin": [9, 7.78125, 4.5]},
			"faces": {
				"north": {"uv": [2, 15, 3, 16], "texture": "#0"},
				"east": {"uv": [2, 12, 3, 16], "rotation": 270, "texture": "#0"},
				"south": {"uv": [3, 12, 2, 13], "texture": "#0"},
				"west": {"uv": [2, 12, 3, 16], "rotation": 90, "texture": "#0"},
				"up": {"uv": [2, 12, 3, 16], "rotation": 180, "texture": "#0"},
				"down": {"uv": [2, 16, 3, 12], "rotation": 180, "texture": "#0"}
			}
		},
		{
			"name": "diamond_sword_21",
			"from": [5.524, 10.26563, 9.68438],
			"to": [6.524, 11.26563, 11.68438],
			"rotation": {"angle": 0, "axis": "y", "origin": [9, 7.78125, 4.5]},
			"faces": {
				"north": {"uv": [9, 13, 10, 14], "texture": "#0"},
				"east": {"uv": [9, 12, 10, 14], "rotation": 270, "texture": "#0"},
				"south": {"uv": [10, 12, 9, 13], "texture": "#0"},
				"west": {"uv": [9, 12, 10, 14], "rotation": 90, "texture": "#0"},
				"up": {"uv": [9, 12, 10, 14], "rotation": 180, "texture": "#0"},
				"down": {"uv": [9, 14, 10, 12], "rotation": 180, "texture": "#0"}
			}
		},
		{
			"name": "diamond_sword_22",
			"from": [13.524, 10.26563, 7.68438],
			"to": [15.524, 11.26563, 10.68438],
			"rotation": {"angle": 0, "axis": "y", "origin": [9, 7.78125, 4.5]},
			"faces": {
				"north": {"uv": [0, 15, 2, 16], "texture": "#0"},
				"east": {"uv": [0, 13, 1, 16], "rotation": 270, "texture": "#0"},
				"south": {"uv": [2, 13, 0, 14], "texture": "#0"},
				"west": {"uv": [1, 13, 2, 16], "rotation": 90, "texture": "#0"},
				"up": {"uv": [0, 13, 2, 16], "rotation": 180, "texture": "#0"},
				"down": {"uv": [0, 16, 2, 13], "rotation": 180, "texture": "#0"}
			}
		},
		{
			"name": "diamond_sword_5",
			"from": [-10.20358, 10.32813, -5.55094],
			"to": [-7.20358, 11.32813, -2.55094],
			"rotation": {"angle": 45, "axis": "y", "origin": [9, 7.78125, 4.5]},
			"faces": {
				"north": {"uv": [15, 0, 16, 3], "rotation": 90, "texture": "#0"},
				"east": {"uv": [13, 2, 16, 3], "texture": "#0"},
				"south": {"uv": [13, 0, 14, 3], "rotation": 270, "texture": "#0"},
				"west": {"uv": [16, 0, 13, 1], "texture": "#0"},
				"up": {"uv": [13, 0, 16, 3], "rotation": 270, "texture": "#0"},
				"down": {"uv": [13, 3, 16, 0], "rotation": 90, "texture": "#0"}
			}
		},
		{
			"name": "diamond_sword_6",
			"from": [-9.20358, 10.32813, -2.55094],
			"to": [-4.20358, 11.32813, -1.55094],
			"rotation": {"angle": 45, "axis": "y", "origin": [9, 7.78125, 4.5]},
			"faces": {
				"north": {"uv": [12, 1, 13, 6], "rotation": 90, "texture": "#0"},
				"east": {"uv": [12, 5, 13, 6], "texture": "#0"},
				"south": {"uv": [12, 1, 13, 6], "rotation": 270, "texture": "#0"},
				"west": {"uv": [13, 1, 12, 2], "texture": "#0"},
				"up": {"uv": [12, 1, 13, 6], "rotation": 270, "texture": "#0"},
				"down": {"uv": [12, 6, 13, 1], "rotation": 90, "texture": "#0"}
			}
		},
		{
			"name": "diamond_sword_7",
			"from": [-8.20358, 10.32813, -1.55094],
			"to": [-3.20358, 11.32813, -0.55094],
			"rotation": {"angle": 45, "axis": "y", "origin": [9, 7.78125, 4.5]},
			"faces": {
				"north": {"uv": [11, 2, 12, 7], "rotation": 90, "texture": "#0"},
				"east": {"uv": [11, 6, 12, 7], "texture": "#0"},
				"south": {"uv": [11, 2, 12, 7], "rotation": 270, "texture": "#0"},
				"west": {"uv": [12, 2, 11, 3], "texture": "#0"},
				"up": {"uv": [11, 2, 12, 7], "rotation": 270, "texture": "#0"},
				"down": {"uv": [11, 7, 12, 2], "rotation": 90, "texture": "#0"}
			}
		},
		{
			"name": "diamond_sword_8",
			"from": [-7.20358, 10.32813, -0.55094],
			"to": [-2.20358, 11.32813, 0.44906],
			"rotation": {"angle": 45, "axis": "y", "origin": [9, 7.78125, 4.5]},
			"faces": {
				"north": {"uv": [10, 3, 11, 8], "rotation": 90, "texture": "#0"},
				"east": {"uv": [10, 7, 11, 8], "texture": "#0"},
				"south": {"uv": [10, 3, 11, 8], "rotation": 270, "texture": "#0"},
				"west": {"uv": [11, 3, 10, 4], "texture": "#0"},
				"up": {"uv": [10, 3, 11, 8], "rotation": 270, "texture": "#0"},
				"down": {"uv": [10, 8, 11, 3], "rotation": 90, "texture": "#0"}
			}
		},
		{
			"name": "diamond_sword_9",
			"from": [-7.20358, 10.32813, -4.55094],
			"to": [-6.20358, 11.32813, -2.55094],
			"rotation": {"angle": 45, "axis": "y", "origin": [9, 7.78125, 4.5]},
			"faces": {
				"north": {"uv": [14, 3, 15, 4], "rotation": 90, "texture": "#0"},
				"east": {"uv": [13, 3, 15, 4], "texture": "#0"},
				"south": {"uv": [13, 3, 14, 4], "rotation": 270, "texture": "#0"},
				"west": {"uv": [15, 3, 13, 4], "texture": "#0"},
				"up": {"uv": [13, 3, 15, 4], "rotation": 270, "texture": "#0"},
				"down": {"uv": [13, 4, 15, 3], "rotation": 90, "texture": "#0"}
			}
		},
		{
			"name": "diamond_sword_10",
			"from": [-6.20358, 10.32813, 0.44906],
			"to": [-1.20358, 11.32813, 1.44906],
			"rotation": {"angle": 45, "axis": "y", "origin": [9, 7.78125, 4.5]},
			"faces": {
				"north": {"uv": [9, 4, 10, 9], "rotation": 90, "texture": "#0"},
				"east": {"uv": [9, 8, 10, 9], "texture": "#0"},
				"south": {"uv": [9, 4, 10, 9], "rotation": 270, "texture": "#0"},
				"west": {"uv": [10, 4, 9, 5], "texture": "#0"},
				"up": {"uv": [9, 4, 10, 9], "rotation": 270, "texture": "#0"},
				"down": {"uv": [9, 9, 10, 4], "rotation": 90, "texture": "#0"}
			}
		},
		{
			"name": "diamond_sword_11",
			"from": [-6.20358, 10.32813, -3.55094],
			"to": [-5.20358, 11.32813, -2.55094],
			"rotation": {"angle": 45, "axis": "y", "origin": [9, 7.78125, 4.5]},
			"faces": {
				"north": {"uv": [13, 4, 14, 5], "rotation": 90, "texture": "#0"},
				"east": {"uv": [13, 4, 14, 5], "texture": "#0"},
				"south": {"uv": [13, 4, 14, 5], "rotation": 270, "texture": "#0"},
				"west": {"uv": [14, 4, 13, 5], "texture": "#0"},
				"up": {"uv": [13, 4, 14, 5], "rotation": 270, "texture": "#0"},
				"down": {"uv": [13, 5, 14, 4], "rotation": 90, "texture": "#0"}
			}
		},
		{
			"name": "diamond_sword_12",
			"from": [-5.20358, 10.32813, 1.44906],
			"to": [-0.20358, 11.32813, 2.44906],
			"rotation": {"angle": 45, "axis": "y", "origin": [9, 7.78125, 4.5]},
			"faces": {
				"north": {"uv": [8, 5, 9, 10], "rotation": 90, "texture": "#0"},
				"east": {"uv": [8, 9, 9, 10], "texture": "#0"},
				"south": {"uv": [8, 5, 9, 10], "rotation": 270, "texture": "#0"},
				"west": {"uv": [9, 5, 8, 6], "texture": "#0"},
				"up": {"uv": [8, 5, 9, 10], "rotation": 270, "texture": "#0"},
				"down": {"uv": [8, 10, 9, 5], "rotation": 90, "texture": "#0"}
			}
		},
		{
			"name": "diamond_sword_13",
			"from": [-4.20358, 10.32813, 6.44906],
			"to": [-2.20358, 11.32813, 8.44906],
			"rotation": {"angle": 45, "axis": "y", "origin": [9, 7.78125, 4.5]},
			"faces": {
				"north": {"uv": [3, 6, 4, 8], "rotation": 90, "texture": "#0"},
				"east": {"uv": [2, 7, 4, 8], "texture": "#0"},
				"south": {"uv": [2, 6, 3, 8], "rotation": 270, "texture": "#0"},
				"west": {"uv": [4, 6, 2, 7], "texture": "#0"},
				"up": {"uv": [2, 6, 4, 8], "rotation": 270, "texture": "#0"},
				"down": {"uv": [2, 8, 4, 6], "rotation": 90, "texture": "#0"}
			}
		},
		{
			"name": "diamond_sword_14",
			"from": [-4.20358, 10.32813, 2.44906],
			"to": [2.79642, 11.32813, 3.44906],
			"rotation": {"angle": 45, "axis": "y", "origin": [9, 7.78125, 4.5]},
			"faces": {
				"north": {"uv": [7, 6, 8, 13], "rotation": 90, "texture": "#0"},
				"east": {"uv": [7, 12, 8, 13], "texture": "#0"},
				"south": {"uv": [7, 6, 8, 13], "rotation": 270, "texture": "#0"},
				"west": {"uv": [8, 6, 7, 7], "texture": "#0"},
				"up": {"uv": [7, 6, 8, 13], "rotation": 270, "texture": "#0"},
				"down": {"uv": [7, 13, 8, 6], "rotation": 90, "texture": "#0"}
			}
		},
		{
			"name": "diamond_sword_15",
			"from": [-3.20358, 10.32813, 5.44906],
			"to": [2.79642, 11.32813, 6.44906],
			"rotation": {"angle": 45, "axis": "y", "origin": [9, 7.78125, 4.5]},
			"faces": {
				"north": {"uv": [4, 7, 5, 13], "rotation": 90, "texture": "#0"},
				"east": {"uv": [4, 12, 5, 13], "texture": "#0"},
				"south": {"uv": [4, 7, 5, 13], "rotation": 270, "texture": "#0"},
				"west": {"uv": [5, 7, 4, 8], "texture": "#0"},
				"up": {"uv": [4, 7, 5, 13], "rotation": 270, "texture": "#0"},
				"down": {"uv": [4, 13, 5, 7], "rotation": 90, "texture": "#0"}
			}
		},
		{
			"name": "diamond_sword_16",
			"from": [-3.20358, 10.32813, 3.44906],
			"to": [2.79642, 11.32813, 4.44906],
			"rotation": {"angle": 45, "axis": "y", "origin": [9, 7.78125, 4.5]},
			"faces": {
				"north": {"uv": [6, 7, 7, 13], "rotation": 90, "texture": "#0"},
				"east": {"uv": [6, 12, 7, 13], "texture": "#0"},
				"south": {"uv": [6, 7, 7, 13], "rotation": 270, "texture": "#0"},
				"west": {"uv": [7, 7, 6, 8], "texture": "#0"},
				"up": {"uv": [6, 7, 7, 13], "rotation": 270, "texture": "#0"},
				"down": {"uv": [6, 13, 7, 7], "rotation": 90, "texture": "#0"}
			}
		},
		{
			"name": "diamond_sword_17",
			"from": [-2.20358, 10.32813, 6.44906],
			"to": [-0.20358, 11.32813, 7.44906],
			"rotation": {"angle": 45, "axis": "y", "origin": [9, 7.78125, 4.5]},
			"faces": {
				"north": {"uv": [3, 8, 4, 10], "rotation": 90, "texture": "#0"},
				"east": {"uv": [3, 9, 4, 10], "texture": "#0"},
				"south": {"uv": [3, 8, 4, 10], "rotation": 270, "texture": "#0"},
				"west": {"uv": [4, 8, 3, 9], "texture": "#0"},
				"up": {"uv": [3, 8, 4, 10], "rotation": 270, "texture": "#0"},
				"down": {"uv": [3, 10, 4, 8], "rotation": 90, "texture": "#0"}
			}
		},
		{
			"name": "diamond_sword_18",
			"from": [-2.20358, 10.32813, 4.44906],
			"to": [1.79642, 11.32813, 5.44906],
			"rotation": {"angle": 45, "axis": "y", "origin": [9, 7.78125, 4.5]},
			"faces": {
				"north": {"uv": [5, 8, 6, 12], "rotation": 90, "texture": "#0"},
				"east": {"uv": [5, 11, 6, 12], "texture": "#0"},
				"south": {"uv": [5, 8, 6, 12], "rotation": 270, "texture": "#0"},
				"west": {"uv": [6, 8, 5, 9], "texture": "#0"},
				"up": {"uv": [5, 8, 6, 12], "rotation": 270, "texture": "#0"},
				"down": {"uv": [5, 12, 6, 8], "rotation": 90, "texture": "#0"}
			}
		},
		{
			"name": "diamond_sword_19",
			"from": [0.79642, 10.32813, 6.44906],
			"to": [3.79642, 11.32813, 7.44906],
			"rotation": {"angle": 45, "axis": "y", "origin": [9, 7.78125, 4.5]},
			"faces": {
				"north": {"uv": [3, 11, 4, 14], "rotation": 90, "texture": "#0"},
				"east": {"uv": [3, 13, 4, 14], "texture": "#0"},
				"south": {"uv": [3, 11, 4, 14], "rotation": 270, "texture": "#0"},
				"west": {"uv": [4, 11, 3, 12], "texture": "#0"},
				"up": {"uv": [3, 11, 4, 14], "rotation": 270, "texture": "#0"},
				"down": {"uv": [3, 14, 4, 11], "rotation": 90, "texture": "#0"}
			}
		},
		{
			"name": "diamond_sword_20",
			"from": [0.79642, 10.32813, 1.44906],
			"to": [3.79642, 11.32813, 2.44906],
			"rotation": {"angle": 45, "axis": "y", "origin": [9, 7.78125, 4.5]},
			"faces": {
				"north": {"uv": [8, 11, 9, 14], "rotation": 90, "texture": "#0"},
				"east": {"uv": [8, 13, 9, 14], "texture": "#0"},
				"south": {"uv": [8, 11, 9, 14], "rotation": 270, "texture": "#0"},
				"west": {"uv": [9, 11, 8, 12], "texture": "#0"},
				"up": {"uv": [8, 11, 9, 14], "rotation": 270, "texture": "#0"},
				"down": {"uv": [8, 14, 9, 11], "rotation": 90, "texture": "#0"}
			}
		},
		{
			"name": "diamond_sword_21",
			"from": [1.79642, 10.32813, 7.44906],
			"to": [5.79642, 11.32813, 8.44906],
			"rotation": {"angle": 45, "axis": "y", "origin": [9, 7.78125, 4.5]},
			"faces": {
				"north": {"uv": [2, 12, 3, 16], "rotation": 90, "texture": "#0"},
				"east": {"uv": [2, 15, 3, 16], "texture": "#0"},
				"south": {"uv": [2, 12, 3, 16], "rotation": 270, "texture": "#0"},
				"west": {"uv": [3, 12, 2, 13], "texture": "#0"},
				"up": {"uv": [2, 12, 3, 16], "rotation": 270, "texture": "#0"},
				"down": {"uv": [2, 16, 3, 12], "rotation": 90, "texture": "#0"}
			}
		},
		{
			"name": "diamond_sword_22",
			"from": [1.79642, 10.32813, 0.44906],
			"to": [3.79642, 11.32813, 1.44906],
			"rotation": {"angle": 45, "axis": "y", "origin": [9, 7.78125, 4.5]},
			"faces": {
				"north": {"uv": [9, 12, 10, 14], "rotation": 90, "texture": "#0"},
				"east": {"uv": [9, 13, 10, 14], "texture": "#0"},
				"south": {"uv": [9, 12, 10, 14], "rotation": 270, "texture": "#0"},
				"west": {"uv": [10, 12, 9, 13], "texture": "#0"},
				"up": {"uv": [9, 12, 10, 14], "rotation": 270, "texture": "#0"},
				"down": {"uv": [9, 14, 10, 12], "rotation": 90, "texture": "#0"}
			}
		},
		{
			"name": "diamond_sword_23",
			"from": [2.79642, 10.32813, 8.44906],
			"to": [5.79642, 11.32813, 10.44906],
			"rotation": {"angle": 45, "axis": "y", "origin": [9, 7.78125, 4.5]},
			"faces": {
				"north": {"uv": [1, 13, 2, 16], "rotation": 90, "texture": "#0"},
				"east": {"uv": [0, 15, 2, 16], "texture": "#0"},
				"south": {"uv": [0, 13, 1, 16], "rotation": 270, "texture": "#0"},
				"west": {"uv": [2, 13, 0, 14], "texture": "#0"},
				"up": {"uv": [0, 13, 2, 16], "rotation": 270, "texture": "#0"},
				"down": {"uv": [0, 16, 2, 13], "rotation": 90, "texture": "#0"}
			}
		},
		{
			"name": "diamond_sword_6",
			"from": [-10.58992, 10.35938, -5.7896],
			"to": [-7.58992, 11.35938, -2.7896],
			"rotation": {"angle": 0, "axis": "y", "origin": [9, 7.78125, 4.5]},
			"faces": {
				"north": {"uv": [15, 0, 16, 3], "rotation": 90, "texture": "#0"},
				"east": {"uv": [13, 2, 16, 3], "texture": "#0"},
				"south": {"uv": [13, 0, 14, 3], "rotation": 270, "texture": "#0"},
				"west": {"uv": [16, 0, 13, 1], "texture": "#0"},
				"up": {"uv": [13, 0, 16, 3], "rotation": 270, "texture": "#0"},
				"down": {"uv": [13, 3, 16, 0], "rotation": 90, "texture": "#0"}
			}
		},
		{
			"name": "diamond_sword_7",
			"from": [-9.58992, 10.35938, -2.7896],
			"to": [-4.58992, 11.35938, -1.7896],
			"rotation": {"angle": 0, "axis": "y", "origin": [9, 7.78125, 4.5]},
			"faces": {
				"north": {"uv": [12, 1, 13, 6], "rotation": 90, "texture": "#0"},
				"east": {"uv": [12, 5, 13, 6], "texture": "#0"},
				"south": {"uv": [12, 1, 13, 6], "rotation": 270, "texture": "#0"},
				"west": {"uv": [13, 1, 12, 2], "texture": "#0"},
				"up": {"uv": [12, 1, 13, 6], "rotation": 270, "texture": "#0"},
				"down": {"uv": [12, 6, 13, 1], "rotation": 90, "texture": "#0"}
			}
		},
		{
			"name": "diamond_sword_8",
			"from": [-8.58992, 10.35938, -1.7896],
			"to": [-3.58992, 11.35938, -0.7896],
			"rotation": {"angle": 0, "axis": "y", "origin": [9, 7.78125, 4.5]},
			"faces": {
				"north": {"uv": [11, 2, 12, 7], "rotation": 90, "texture": "#0"},
				"east": {"uv": [11, 6, 12, 7], "texture": "#0"},
				"south": {"uv": [11, 2, 12, 7], "rotation": 270, "texture": "#0"},
				"west": {"uv": [12, 2, 11, 3], "texture": "#0"},
				"up": {"uv": [11, 2, 12, 7], "rotation": 270, "texture": "#0"},
				"down": {"uv": [11, 7, 12, 2], "rotation": 90, "texture": "#0"}
			}
		},
		{
			"name": "diamond_sword_9",
			"from": [-7.58992, 10.35938, -0.7896],
			"to": [-2.58992, 11.35938, 0.2104],
			"rotation": {"angle": 0, "axis": "y", "origin": [9, 7.78125, 4.5]},
			"faces": {
				"north": {"uv": [10, 3, 11, 8], "rotation": 90, "texture": "#0"},
				"east": {"uv": [10, 7, 11, 8], "texture": "#0"},
				"south": {"uv": [10, 3, 11, 8], "rotation": 270, "texture": "#0"},
				"west": {"uv": [11, 3, 10, 4], "texture": "#0"},
				"up": {"uv": [10, 3, 11, 8], "rotation": 270, "texture": "#0"},
				"down": {"uv": [10, 8, 11, 3], "rotation": 90, "texture": "#0"}
			}
		},
		{
			"name": "diamond_sword_10",
			"from": [-7.58992, 10.35938, -4.7896],
			"to": [-6.58992, 11.35938, -2.7896],
			"rotation": {"angle": 0, "axis": "y", "origin": [9, 7.78125, 4.5]},
			"faces": {
				"north": {"uv": [14, 3, 15, 4], "rotation": 90, "texture": "#0"},
				"east": {"uv": [13, 3, 15, 4], "texture": "#0"},
				"south": {"uv": [13, 3, 14, 4], "rotation": 270, "texture": "#0"},
				"west": {"uv": [15, 3, 13, 4], "texture": "#0"},
				"up": {"uv": [13, 3, 15, 4], "rotation": 270, "texture": "#0"},
				"down": {"uv": [13, 4, 15, 3], "rotation": 90, "texture": "#0"}
			}
		},
		{
			"name": "diamond_sword_11",
			"from": [-6.58992, 10.35938, 0.2104],
			"to": [-1.58992, 11.35938, 1.2104],
			"rotation": {"angle": 0, "axis": "y", "origin": [9, 7.78125, 4.5]},
			"faces": {
				"north": {"uv": [9, 4, 10, 9], "rotation": 90, "texture": "#0"},
				"east": {"uv": [9, 8, 10, 9], "texture": "#0"},
				"south": {"uv": [9, 4, 10, 9], "rotation": 270, "texture": "#0"},
				"west": {"uv": [10, 4, 9, 5], "texture": "#0"},
				"up": {"uv": [9, 4, 10, 9], "rotation": 270, "texture": "#0"},
				"down": {"uv": [9, 9, 10, 4], "rotation": 90, "texture": "#0"}
			}
		},
		{
			"name": "diamond_sword_12",
			"from": [-6.58992, 10.35938, -3.7896],
			"to": [-5.58992, 11.35938, -2.7896],
			"rotation": {"angle": 0, "axis": "y", "origin": [9, 7.78125, 4.5]},
			"faces": {
				"north": {"uv": [13, 4, 14, 5], "rotation": 90, "texture": "#0"},
				"east": {"uv": [13, 4, 14, 5], "texture": "#0"},
				"south": {"uv": [13, 4, 14, 5], "rotation": 270, "texture": "#0"},
				"west": {"uv": [14, 4, 13, 5], "texture": "#0"},
				"up": {"uv": [13, 4, 14, 5], "rotation": 270, "texture": "#0"},
				"down": {"uv": [13, 5, 14, 4], "rotation": 90, "texture": "#0"}
			}
		},
		{
			"name": "diamond_sword_13",
			"from": [-5.58992, 10.35938, 1.2104],
			"to": [-0.58992, 11.35938, 2.2104],
			"rotation": {"angle": 0, "axis": "y", "origin": [9, 7.78125, 4.5]},
			"faces": {
				"north": {"uv": [8, 5, 9, 10], "rotation": 90, "texture": "#0"},
				"east": {"uv": [8, 9, 9, 10], "texture": "#0"},
				"south": {"uv": [8, 5, 9, 10], "rotation": 270, "texture": "#0"},
				"west": {"uv": [9, 5, 8, 6], "texture": "#0"},
				"up": {"uv": [8, 5, 9, 10], "rotation": 270, "texture": "#0"},
				"down": {"uv": [8, 10, 9, 5], "rotation": 90, "texture": "#0"}
			}
		},
		{
			"name": "diamond_sword_14",
			"from": [-4.58992, 10.35938, 6.2104],
			"to": [-2.58992, 11.35938, 8.2104],
			"rotation": {"angle": 0, "axis": "y", "origin": [9, 7.78125, 4.5]},
			"faces": {
				"north": {"uv": [3, 6, 4, 8], "rotation": 90, "texture": "#0"},
				"east": {"uv": [2, 7, 4, 8], "texture": "#0"},
				"south": {"uv": [2, 6, 3, 8], "rotation": 270, "texture": "#0"},
				"west": {"uv": [4, 6, 2, 7], "texture": "#0"},
				"up": {"uv": [2, 6, 4, 8], "rotation": 270, "texture": "#0"},
				"down": {"uv": [2, 8, 4, 6], "rotation": 90, "texture": "#0"}
			}
		},
		{
			"name": "diamond_sword_15",
			"from": [-4.58992, 10.35938, 2.2104],
			"to": [2.41008, 11.35938, 3.2104],
			"rotation": {"angle": 0, "axis": "y", "origin": [9, 7.78125, 4.5]},
			"faces": {
				"north": {"uv": [7, 6, 8, 13], "rotation": 90, "texture": "#0"},
				"east": {"uv": [7, 12, 8, 13], "texture": "#0"},
				"south": {"uv": [7, 6, 8, 13], "rotation": 270, "texture": "#0"},
				"west": {"uv": [8, 6, 7, 7], "texture": "#0"},
				"up": {"uv": [7, 6, 8, 13], "rotation": 270, "texture": "#0"},
				"down": {"uv": [7, 13, 8, 6], "rotation": 90, "texture": "#0"}
			}
		},
		{
			"name": "diamond_sword_16",
			"from": [-3.58992, 10.35938, 5.2104],
			"to": [2.41008, 11.35938, 6.2104],
			"rotation": {"angle": 0, "axis": "y", "origin": [9, 7.78125, 4.5]},
			"faces": {
				"north": {"uv": [4, 7, 5, 13], "rotation": 90, "texture": "#0"},
				"east": {"uv": [4, 12, 5, 13], "texture": "#0"},
				"south": {"uv": [4, 7, 5, 13], "rotation": 270, "texture": "#0"},
				"west": {"uv": [5, 7, 4, 8], "texture": "#0"},
				"up": {"uv": [4, 7, 5, 13], "rotation": 270, "texture": "#0"},
				"down": {"uv": [4, 13, 5, 7], "rotation": 90, "texture": "#0"}
			}
		},
		{
			"name": "diamond_sword_17",
			"from": [-3.58992, 10.35938, 3.2104],
			"to": [2.41008, 11.35938, 4.2104],
			"rotation": {"angle": 0, "axis": "y", "origin": [9, 7.78125, 4.5]},
			"faces": {
				"north": {"uv": [6, 7, 7, 13], "rotation": 90, "texture": "#0"},
				"east": {"uv": [6, 12, 7, 13], "texture": "#0"},
				"south": {"uv": [6, 7, 7, 13], "rotation": 270, "texture": "#0"},
				"west": {"uv": [7, 7, 6, 8], "texture": "#0"},
				"up": {"uv": [6, 7, 7, 13], "rotation": 270, "texture": "#0"},
				"down": {"uv": [6, 13, 7, 7], "rotation": 90, "texture": "#0"}
			}
		},
		{
			"name": "diamond_sword_18",
			"from": [-2.58992, 10.35938, 6.2104],
			"to": [-0.58992, 11.35938, 7.2104],
			"rotation": {"angle": 0, "axis": "y", "origin": [9, 7.78125, 4.5]},
			"faces": {
				"north": {"uv": [3, 8, 4, 10], "rotation": 90, "texture": "#0"},
				"east": {"uv": [3, 9, 4, 10], "texture": "#0"},
				"south": {"uv": [3, 8, 4, 10], "rotation": 270, "texture": "#0"},
				"west": {"uv": [4, 8, 3, 9], "texture": "#0"},
				"up": {"uv": [3, 8, 4, 10], "rotation": 270, "texture": "#0"},
				"down": {"uv": [3, 10, 4, 8], "rotation": 90, "texture": "#0"}
			}
		},
		{
			"name": "diamond_sword_19",
			"from": [-2.58992, 10.35938, 4.2104],
			"to": [1.41008, 11.35938, 5.2104],
			"rotation": {"angle": 0, "axis": "y", "origin": [9, 7.78125, 4.5]},
			"faces": {
				"north": {"uv": [5, 8, 6, 12], "rotation": 90, "texture": "#0"},
				"east": {"uv": [5, 11, 6, 12], "texture": "#0"},
				"south": {"uv": [5, 8, 6, 12], "rotation": 270, "texture": "#0"},
				"west": {"uv": [6, 8, 5, 9], "texture": "#0"},
				"up": {"uv": [5, 8, 6, 12], "rotation": 270, "texture": "#0"},
				"down": {"uv": [5, 12, 6, 8], "rotation": 90, "texture": "#0"}
			}
		},
		{
			"name": "diamond_sword_20",
			"from": [0.41008, 10.35938, 6.2104],
			"to": [3.41008, 11.35938, 7.2104],
			"rotation": {"angle": 0, "axis": "y", "origin": [9, 7.78125, 4.5]},
			"faces": {
				"north": {"uv": [3, 11, 4, 14], "rotation": 90, "texture": "#0"},
				"east": {"uv": [3, 13, 4, 14], "texture": "#0"},
				"south": {"uv": [3, 11, 4, 14], "rotation": 270, "texture": "#0"},
				"west": {"uv": [4, 11, 3, 12], "texture": "#0"},
				"up": {"uv": [3, 11, 4, 14], "rotation": 270, "texture": "#0"},
				"down": {"uv": [3, 14, 4, 11], "rotation": 90, "texture": "#0"}
			}
		},
		{
			"name": "diamond_sword_21",
			"from": [0.41008, 10.35938, 1.2104],
			"to": [3.41008, 11.35938, 2.2104],
			"rotation": {"angle": 0, "axis": "y", "origin": [9, 7.78125, 4.5]},
			"faces": {
				"north": {"uv": [8, 11, 9, 14], "rotation": 90, "texture": "#0"},
				"east": {"uv": [8, 13, 9, 14], "texture": "#0"},
				"south": {"uv": [8, 11, 9, 14], "rotation": 270, "texture": "#0"},
				"west": {"uv": [9, 11, 8, 12], "texture": "#0"},
				"up": {"uv": [8, 11, 9, 14], "rotation": 270, "texture": "#0"},
				"down": {"uv": [8, 14, 9, 11], "rotation": 90, "texture": "#0"}
			}
		},
		{
			"name": "diamond_sword_22",
			"from": [1.41008, 10.35938, 7.2104],
			"to": [5.41008, 11.35938, 8.2104],
			"rotation": {"angle": 0, "axis": "y", "origin": [9, 7.78125, 4.5]},
			"faces": {
				"north": {"uv": [2, 12, 3, 16], "rotation": 90, "texture": "#0"},
				"east": {"uv": [2, 15, 3, 16], "texture": "#0"},
				"south": {"uv": [2, 12, 3, 16], "rotation": 270, "texture": "#0"},
				"west": {"uv": [3, 12, 2, 13], "texture": "#0"},
				"up": {"uv": [2, 12, 3, 16], "rotation": 270, "texture": "#0"},
				"down": {"uv": [2, 16, 3, 12], "rotation": 90, "texture": "#0"}
			}
		},
		{
			"name": "diamond_sword_23",
			"from": [1.41008, 10.35938, 0.2104],
			"to": [3.41008, 11.35938, 1.2104],
			"rotation": {"angle": 0, "axis": "y", "origin": [9, 7.78125, 4.5]},
			"faces": {
				"north": {"uv": [9, 12, 10, 14], "rotation": 90, "texture": "#0"},
				"east": {"uv": [9, 13, 10, 14], "texture": "#0"},
				"south": {"uv": [9, 12, 10, 14], "rotation": 270, "texture": "#0"},
				"west": {"uv": [10, 12, 9, 13], "texture": "#0"},
				"up": {"uv": [9, 12, 10, 14], "rotation": 270, "texture": "#0"},
				"down": {"uv": [9, 14, 10, 12], "rotation": 90, "texture": "#0"}
			}
		},
		{
			"name": "diamond_sword_24",
			"from": [2.41008, 10.35938, 8.2104],
			"to": [5.41008, 11.35938, 10.2104],
			"rotation": {"angle": 0, "axis": "y", "origin": [9, 7.78125, 4.5]},
			"faces": {
				"north": {"uv": [1, 13, 2, 16], "rotation": 90, "texture": "#0"},
				"east": {"uv": [0, 15, 2, 16], "texture": "#0"},
				"south": {"uv": [0, 13, 1, 16], "rotation": 270, "texture": "#0"},
				"west": {"uv": [2, 13, 0, 14], "texture": "#0"},
				"up": {"uv": [0, 13, 2, 16], "rotation": 270, "texture": "#0"},
				"down": {"uv": [0, 16, 2, 13], "rotation": 90, "texture": "#0"}
			}
		},
		{
			"name": "diamond_sword_7",
			"from": [-10.99287, 10.375, -5.735],
			"to": [-7.99287, 11.375, -2.735],
			"rotation": {"angle": -45, "axis": "y", "origin": [9, 7.78125, 4.5]},
			"faces": {
				"north": {"uv": [15, 0, 16, 3], "rotation": 90, "texture": "#0"},
				"east": {"uv": [13, 2, 16, 3], "texture": "#0"},
				"south": {"uv": [13, 0, 14, 3], "rotation": 270, "texture": "#0"},
				"west": {"uv": [16, 0, 13, 1], "texture": "#0"},
				"up": {"uv": [13, 0, 16, 3], "rotation": 270, "texture": "#0"},
				"down": {"uv": [13, 3, 16, 0], "rotation": 90, "texture": "#0"}
			}
		},
		{
			"name": "diamond_sword_8",
			"from": [-9.99287, 10.375, -2.735],
			"to": [-4.99287, 11.375, -1.735],
			"rotation": {"angle": -45, "axis": "y", "origin": [9, 7.78125, 4.5]},
			"faces": {
				"north": {"uv": [12, 1, 13, 6], "rotation": 90, "texture": "#0"},
				"east": {"uv": [12, 5, 13, 6], "texture": "#0"},
				"south": {"uv": [12, 1, 13, 6], "rotation": 270, "texture": "#0"},
				"west": {"uv": [13, 1, 12, 2], "texture": "#0"},
				"up": {"uv": [12, 1, 13, 6], "rotation": 270, "texture": "#0"},
				"down": {"uv": [12, 6, 13, 1], "rotation": 90, "texture": "#0"}
			}
		},
		{
			"name": "diamond_sword_9",
			"from": [-8.99287, 10.375, -1.735],
			"to": [-3.99287, 11.375, -0.735],
			"rotation": {"angle": -45, "axis": "y", "origin": [9, 7.78125, 4.5]},
			"faces": {
				"north": {"uv": [11, 2, 12, 7], "rotation": 90, "texture": "#0"},
				"east": {"uv": [11, 6, 12, 7], "texture": "#0"},
				"south": {"uv": [11, 2, 12, 7], "rotation": 270, "texture": "#0"},
				"west": {"uv": [12, 2, 11, 3], "texture": "#0"},
				"up": {"uv": [11, 2, 12, 7], "rotation": 270, "texture": "#0"},
				"down": {"uv": [11, 7, 12, 2], "rotation": 90, "texture": "#0"}
			}
		},
		{
			"name": "diamond_sword_10",
			"from": [-7.99287, 10.375, -0.735],
			"to": [-2.99287, 11.375, 0.265],
			"rotation": {"angle": -45, "axis": "y", "origin": [9, 7.78125, 4.5]},
			"faces": {
				"north": {"uv": [10, 3, 11, 8], "rotation": 90, "texture": "#0"},
				"east": {"uv": [10, 7, 11, 8], "texture": "#0"},
				"south": {"uv": [10, 3, 11, 8], "rotation": 270, "texture": "#0"},
				"west": {"uv": [11, 3, 10, 4], "texture": "#0"},
				"up": {"uv": [10, 3, 11, 8], "rotation": 270, "texture": "#0"},
				"down": {"uv": [10, 8, 11, 3], "rotation": 90, "texture": "#0"}
			}
		},
		{
			"name": "diamond_sword_11",
			"from": [-7.99287, 10.375, -4.735],
			"to": [-6.99287, 11.375, -2.735],
			"rotation": {"angle": -45, "axis": "y", "origin": [9, 7.78125, 4.5]},
			"faces": {
				"north": {"uv": [14, 3, 15, 4], "rotation": 90, "texture": "#0"},
				"east": {"uv": [13, 3, 15, 4], "texture": "#0"},
				"south": {"uv": [13, 3, 14, 4], "rotation": 270, "texture": "#0"},
				"west": {"uv": [15, 3, 13, 4], "texture": "#0"},
				"up": {"uv": [13, 3, 15, 4], "rotation": 270, "texture": "#0"},
				"down": {"uv": [13, 4, 15, 3], "rotation": 90, "texture": "#0"}
			}
		},
		{
			"name": "diamond_sword_12",
			"from": [-6.99287, 10.375, 0.265],
			"to": [-1.99287, 11.375, 1.265],
			"rotation": {"angle": -45, "axis": "y", "origin": [9, 7.78125, 4.5]},
			"faces": {
				"north": {"uv": [9, 4, 10, 9], "rotation": 90, "texture": "#0"},
				"east": {"uv": [9, 8, 10, 9], "texture": "#0"},
				"south": {"uv": [9, 4, 10, 9], "rotation": 270, "texture": "#0"},
				"west": {"uv": [10, 4, 9, 5], "texture": "#0"},
				"up": {"uv": [9, 4, 10, 9], "rotation": 270, "texture": "#0"},
				"down": {"uv": [9, 9, 10, 4], "rotation": 90, "texture": "#0"}
			}
		},
		{
			"name": "diamond_sword_13",
			"from": [-6.99287, 10.375, -3.735],
			"to": [-5.99287, 11.375, -2.735],
			"rotation": {"angle": -45, "axis": "y", "origin": [9, 7.78125, 4.5]},
			"faces": {
				"north": {"uv": [13, 4, 14, 5], "rotation": 90, "texture": "#0"},
				"east": {"uv": [13, 4, 14, 5], "texture": "#0"},
				"south": {"uv": [13, 4, 14, 5], "rotation": 270, "texture": "#0"},
				"west": {"uv": [14, 4, 13, 5], "texture": "#0"},
				"up": {"uv": [13, 4, 14, 5], "rotation": 270, "texture": "#0"},
				"down": {"uv": [13, 5, 14, 4], "rotation": 90, "texture": "#0"}
			}
		},
		{
			"name": "diamond_sword_14",
			"from": [-5.99287, 10.375, 1.265],
			"to": [-0.99287, 11.375, 2.265],
			"rotation": {"angle": -45, "axis": "y", "origin": [9, 7.78125, 4.5]},
			"faces": {
				"north": {"uv": [8, 5, 9, 10], "rotation": 90, "texture": "#0"},
				"east": {"uv": [8, 9, 9, 10], "texture": "#0"},
				"south": {"uv": [8, 5, 9, 10], "rotation": 270, "texture": "#0"},
				"west": {"uv": [9, 5, 8, 6], "texture": "#0"},
				"up": {"uv": [8, 5, 9, 10], "rotation": 270, "texture": "#0"},
				"down": {"uv": [8, 10, 9, 5], "rotation": 90, "texture": "#0"}
			}
		},
		{
			"name": "diamond_sword_15",
			"from": [-4.99287, 10.375, 6.265],
			"to": [-2.99287, 11.375, 8.265],
			"rotation": {"angle": -45, "axis": "y", "origin": [9, 7.78125, 4.5]},
			"faces": {
				"north": {"uv": [3, 6, 4, 8], "rotation": 90, "texture": "#0"},
				"east": {"uv": [2, 7, 4, 8], "texture": "#0"},
				"south": {"uv": [2, 6, 3, 8], "rotation": 270, "texture": "#0"},
				"west": {"uv": [4, 6, 2, 7], "texture": "#0"},
				"up": {"uv": [2, 6, 4, 8], "rotation": 270, "texture": "#0"},
				"down": {"uv": [2, 8, 4, 6], "rotation": 90, "texture": "#0"}
			}
		},
		{
			"name": "diamond_sword_16",
			"from": [-4.99287, 10.375, 2.265],
			"to": [2.00713, 11.375, 3.265],
			"rotation": {"angle": -45, "axis": "y", "origin": [9, 7.78125, 4.5]},
			"faces": {
				"north": {"uv": [7, 6, 8, 13], "rotation": 90, "texture": "#0"},
				"east": {"uv": [7, 12, 8, 13], "texture": "#0"},
				"south": {"uv": [7, 6, 8, 13], "rotation": 270, "texture": "#0"},
				"west": {"uv": [8, 6, 7, 7], "texture": "#0"},
				"up": {"uv": [7, 6, 8, 13], "rotation": 270, "texture": "#0"},
				"down": {"uv": [7, 13, 8, 6], "rotation": 90, "texture": "#0"}
			}
		},
		{
			"name": "diamond_sword_17",
			"from": [-3.99287, 10.375, 5.265],
			"to": [2.00713, 11.375, 6.265],
			"rotation": {"angle": -45, "axis": "y", "origin": [9, 7.78125, 4.5]},
			"faces": {
				"north": {"uv": [4, 7, 5, 13], "rotation": 90, "texture": "#0"},
				"east": {"uv": [4, 12, 5, 13], "texture": "#0"},
				"south": {"uv": [4, 7, 5, 13], "rotation": 270, "texture": "#0"},
				"west": {"uv": [5, 7, 4, 8], "texture": "#0"},
				"up": {"uv": [4, 7, 5, 13], "rotation": 270, "texture": "#0"},
				"down": {"uv": [4, 13, 5, 7], "rotation": 90, "texture": "#0"}
			}
		},
		{
			"name": "diamond_sword_18",
			"from": [-4.01497, 10.375, 3.24291],
			"to": [1.98503, 11.375, 4.24291],
			"rotation": {"angle": -45, "axis": "y", "origin": [9, 7.78125, 4.5]},
			"faces": {
				"north": {"uv": [6, 7, 7, 13], "rotation": 90, "texture": "#0"},
				"east": {"uv": [6, 12, 7, 13], "texture": "#0"},
				"south": {"uv": [6, 7, 7, 13], "rotation": 270, "texture": "#0"},
				"west": {"uv": [7, 7, 6, 8], "texture": "#0"},
				"up": {"uv": [6, 7, 7, 13], "rotation": 270, "texture": "#0"},
				"down": {"uv": [6, 13, 7, 7], "rotation": 90, "texture": "#0"}
			}
		},
		{
			"name": "diamond_sword_19",
			"from": [-2.99287, 10.375, 6.265],
			"to": [-0.99287, 11.375, 7.265],
			"rotation": {"angle": -45, "axis": "y", "origin": [9, 7.78125, 4.5]},
			"faces": {
				"north": {"uv": [3, 8, 4, 10], "rotation": 90, "texture": "#0"},
				"east": {"uv": [3, 9, 4, 10], "texture": "#0"},
				"south": {"uv": [3, 8, 4, 10], "rotation": 270, "texture": "#0"},
				"west": {"uv": [4, 8, 3, 9], "texture": "#0"},
				"up": {"uv": [3, 8, 4, 10], "rotation": 270, "texture": "#0"},
				"down": {"uv": [3, 10, 4, 8], "rotation": 90, "texture": "#0"}
			}
		},
		{
			"name": "diamond_sword_20",
			"from": [-2.99287, 10.375, 4.265],
			"to": [1.00713, 11.375, 5.265],
			"rotation": {"angle": -45, "axis": "y", "origin": [9, 7.78125, 4.5]},
			"faces": {
				"north": {"uv": [5, 8, 6, 12], "rotation": 90, "texture": "#0"},
				"east": {"uv": [5, 11, 6, 12], "texture": "#0"},
				"south": {"uv": [5, 8, 6, 12], "rotation": 270, "texture": "#0"},
				"west": {"uv": [6, 8, 5, 9], "texture": "#0"},
				"up": {"uv": [5, 8, 6, 12], "rotation": 270, "texture": "#0"},
				"down": {"uv": [5, 12, 6, 8], "rotation": 90, "texture": "#0"}
			}
		},
		{
			"name": "diamond_sword_21",
			"from": [0.00713, 10.375, 6.265],
			"to": [3.00713, 11.375, 7.265],
			"rotation": {"angle": -45, "axis": "y", "origin": [9, 7.78125, 4.5]},
			"faces": {
				"north": {"uv": [3, 11, 4, 14], "rotation": 90, "texture": "#0"},
				"east": {"uv": [3, 13, 4, 14], "texture": "#0"},
				"south": {"uv": [3, 11, 4, 14], "rotation": 270, "texture": "#0"},
				"west": {"uv": [4, 11, 3, 12], "texture": "#0"},
				"up": {"uv": [3, 11, 4, 14], "rotation": 270, "texture": "#0"},
				"down": {"uv": [3, 14, 4, 11], "rotation": 90, "texture": "#0"}
			}
		},
		{
			"name": "diamond_sword_22",
			"from": [0.00713, 10.375, 1.265],
			"to": [3.00713, 11.375, 2.265],
			"rotation": {"angle": -45, "axis": "y", "origin": [9, 7.78125, 4.5]},
			"faces": {
				"north": {"uv": [8, 11, 9, 14], "rotation": 90, "texture": "#0"},
				"east": {"uv": [8, 13, 9, 14], "texture": "#0"},
				"south": {"uv": [8, 11, 9, 14], "rotation": 270, "texture": "#0"},
				"west": {"uv": [9, 11, 8, 12], "texture": "#0"},
				"up": {"uv": [8, 11, 9, 14], "rotation": 270, "texture": "#0"},
				"down": {"uv": [8, 14, 9, 11], "rotation": 90, "texture": "#0"}
			}
		},
		{
			"name": "diamond_sword_23",
			"from": [1.00713, 10.375, 7.265],
			"to": [5.00713, 11.375, 8.265],
			"rotation": {"angle": -45, "axis": "y", "origin": [9, 7.78125, 4.5]},
			"faces": {
				"north": {"uv": [2, 12, 3, 16], "rotation": 90, "texture": "#0"},
				"east": {"uv": [2, 15, 3, 16], "texture": "#0"},
				"south": {"uv": [2, 12, 3, 16], "rotation": 270, "texture": "#0"},
				"west": {"uv": [3, 12, 2, 13], "texture": "#0"},
				"up": {"uv": [2, 12, 3, 16], "rotation": 270, "texture": "#0"},
				"down": {"uv": [2, 16, 3, 12], "rotation": 90, "texture": "#0"}
			}
		},
		{
			"name": "diamond_sword_24",
			"from": [1.00713, 10.375, 0.265],
			"to": [3.00713, 11.375, 1.265],
			"rotation": {"angle": -45, "axis": "y", "origin": [9, 7.78125, 4.5]},
			"faces": {
				"north": {"uv": [9, 12, 10, 14], "rotation": 90, "texture": "#0"},
				"east": {"uv": [9, 13, 10, 14], "texture": "#0"},
				"south": {"uv": [9, 12, 10, 14], "rotation": 270, "texture": "#0"},
				"west": {"uv": [10, 12, 9, 13], "texture": "#0"},
				"up": {"uv": [9, 12, 10, 14], "rotation": 270, "texture": "#0"},
				"down": {"uv": [9, 14, 10, 12], "rotation": 90, "texture": "#0"}
			}
		},
		{
			"name": "diamond_sword_25",
			"from": [2.00713, 10.375, 8.265],
			"to": [5.00713, 11.375, 10.265],
			"rotation": {"angle": -45, "axis": "y", "origin": [9, 7.78125, 4.5]},
			"faces": {
				"north": {"uv": [1, 13, 2, 16], "rotation": 90, "texture": "#0"},
				"east": {"uv": [0, 15, 2, 16], "texture": "#0"},
				"south": {"uv": [0, 13, 1, 16], "rotation": 270, "texture": "#0"},
				"west": {"uv": [2, 13, 0, 14], "texture": "#0"},
				"up": {"uv": [0, 13, 2, 16], "rotation": 270, "texture": "#0"},
				"down": {"uv": [0, 16, 2, 13], "rotation": 90, "texture": "#0"}
			}
		}
	],
	"gui_light": "front",
	"display": {
		"thirdperson_righthand": {
			"rotation": [0, 0, -90],
			"translation": [-2.25, -0.75, 9.25],
			"scale": [0.75, 0.75, 0.75]
		},
		"thirdperson_lefthand": {
			"rotation": [0, -180, -90],
			"translation": [1.75, -2.5, 3.25],
			"scale": [0.75, 0.75, 0.75]
		},
		"firstperson_righthand": {
			"rotation": [-28, -2, 80],
			"translation": [5.5, -3, 4.25],
			"scale": [0.9, 0.9, 0.9]
		},
		"firstperson_lefthand": {
			"rotation": [133, 11, 89],
			"translation": [6.5, -7.25, -4.75],
			"scale": [0.9, 0.9, 0.9]
		},
		"ground": {
			"translation": [-0.75, -4.5, 3.5],
			"scale": [0.9, 0.9, 0.9]
		},
		"gui": {
			"rotation": [-90, 0, 0],
			"translation": [-0.25, 1.75, 0],
			"scale": [0.4, 1, 0.4]
		},
		"head": {
			"translation": [-1.75, 0, 3.75],
			"scale": [0.9, 0.9, 0.9]
		},
		"fixed": {
			"rotation": [-90, 0, 0],
			"translation": [-0.5, 2, 0.75],
			"scale": [0.5, 0.5, 0.5]
		}
	},
	"groups": [
		{
			"name": "diamond_sword",
			"origin": [7.875, 8, 6.25],
			"children": [0, 1, 2, 3, 4, 5, 6, 7, 8, 9, 10, 11, 12, 13, 14, 15, 16, 17, 18]
		},
		{
			"name": "diamond_sword2",
			"origin": [9, 7.78125, 4.5],
			"children": [19, 20, 21, 22, 23, 24, 25, 26, 27, 28, 29, 30, 31, 32, 33, 34, 35, 36, 37]
		},
		{
			"name": "diamond_sword2",
			"origin": [9, 7.78125, 4.5],
			"children": [38, 39, 40, 41, 42, 43, 44, 45, 46, 47, 48, 49, 50, 51, 52, 53, 54, 55, 56]
		},
		{
			"name": "diamond_sword2",
			"origin": [9, 7.78125, 4.5],
			"children": [57, 58, 59, 60, 61, 62, 63, 64, 65, 66, 67, 68, 69, 70, 71, 72, 73, 74, 75]
		},
		{
			"name": "diamond_sword2",
			"origin": [9, 7.78125, 4.5],
			"children": [76, 77, 78, 79, 80, 81, 82, 83, 84, 85, 86, 87, 88, 89, 90, 91, 92, 93, 94]
		},
		{
			"name": "diamond_sword2",
			"origin": [9, 7.78125, 4.5],
			"children": [95, 96, 97, 98, 99, 100, 101, 102, 103, 104, 105, 106, 107, 108, 109, 110, 111, 112, 113]
		},
		{
			"name": "diamond_sword2",
			"origin": [9, 7.78125, 4.5],
			"children": [114, 115, 116, 117, 118, 119, 120, 121, 122, 123, 124, 125, 126, 127, 128, 129, 130, 131, 132]
		},
		{
			"name": "diamond_sword2",
			"origin": [9, 7.78125, 4.5],
			"children": [133, 134, 135, 136, 137, 138, 139, 140, 141, 142, 143, 144, 145, 146, 147, 148, 149, 150, 151]
		}
	]
}