{
"parent": "item/handheld",
"textures": {
"layer0": "item/netherite_sword"
},
"overrides": [
{"predicate": {"custom_model_data":1}, "model": "item/sakura_story/operator_tool/zero_sword"},
{"predicate": {"custom_model_data":2}, "model": "item/sakura_story/amethyst_armed/netherite_sword"},
{"predicate": {"custom_model_data":3}, "model": "item/sakura_shiro/absolute_excalibur"},
{"predicate": {"custom_model_data":4}, "model": "item/sakura_shiro/christmas_sword"},
{"predicate": {"custom_model_data":5}, "model": "item/sakura_story/whitemark/netherite_sword"},
{"predicate": {"custom_model_data":6}, "model": "item/sakura_story/other/demon_lord_sword"},
{"predicate": {"custom_model_data":7}, "model": "item/sakura_shiro/storm_reaper"},
{"predicate": {"custom_model_data":8}, "model": "item/sakura_story/ruined_king/netherite_sword"}
]
}