{
  "parent": "minecraft:item/generated",
  "textures": {
    "layer0": "minecraft:item/netherite_chestplate"
  },
  "overrides": [
    {"predicate": {"custom_model_data":1}, "model": "item/sakura_story/operator_tool/zero_chestplate"},
    {"predicate": {"custom_model_data":2}, "model": "item/sakura_story/amethyst_mosaic/netherite_chestplate"},
    {"predicate": {"custom_model_data":3}, "model": "item/sakura_story/whitemark/netherite_chestplate"},
    {"predicate": {"custom_model_data":8}, "model": "item/sakura_story/ruined_king/netherite_chestplate"}
  ]
}