{
  "parent": "minecraft:item/generated",
  "textures": {
    "layer0": "minecraft:item/paper"
  },
  "overrides": [
	{"predicate": {"custom_model_data":1}, "model": "item/more_mobs/escape_amulet"},
	{"predicate": {"custom_model_data":2}, "model": "item/sakura_story/other/reverse_amulet"},
	{"predicate": {"custom_model_data":3}, "model": "item/sakura_shiro/ticket_50"},
	{"predicate": {"custom_model_data":4}, "model": "item/sakura_shiro/ticket_100"},
	{"predicate": {"custom_model_data":5}, "model": "item/sakura_shiro/ticket_1000"},
	{"predicate": {"custom_model_data":6}, "model": "item/sakura_shiro/ticket_10000"},
	{"predicate": {"custom_model_data":7}, "model": "item/sakura_shiro/ticket_100000"}
  ]
}