{
	"credit": "Made with Blockbench",
	"texture_size": [64, 64],
	"textures": {
		"1": "minecraft:item/sakura_story/ares/bow",
		"3": "minecraft:item/sakura_story/ares/bowstring",
		"particle": "minecraft:item/sakura_story/ares/bowstring"
	},
	"elements": [
		{
			"from": [7.75, 5.75437, 8.9799],
			"to": [8.25, 9.25437, 10.4799],
			"rotation": {"angle": -22.5, "axis": "x", "origin": [8, 1.5, 9.75]},
			"faces": {
				"north": {"uv": [1.75, 5, 2, 6.75], "texture": "#1"},
				"east": {"uv": [2, 5, 1.25, 6.75], "texture": "#1"},
				"south": {"uv": [1.25, 5, 1.5, 6.75], "texture": "#1"},
				"west": {"uv": [1.25, 5, 2, 6.75], "texture": "#1"},
				"up": {"uv": [2, 5.25, 1.25, 5], "rotation": 270, "texture": "#1"},
				"down": {"uv": [1.25, 6.75, 2, 6.5], "rotation": 270, "texture": "#1"}
			}
		},
		{
			"from": [7.5, 4.75218, 3.47867],
			"to": [8.5, 15.75218, 4.97867],
			"rotation": {"angle": 22.5, "axis": "x", "origin": [8, 1.5, 9.75]},
			"faces": {
				"north": {"uv": [3.75, 0.25, 4, 5.75], "texture": "#1"},
				"east": {"uv": [4.5, 0.25, 3.75, 5.75], "texture": "#1"},
				"south": {"uv": [4.25, 0.25, 4.5, 5.75], "texture": "#1"},
				"west": {"uv": [3.75, 0.25, 4.5, 5.75], "texture": "#1"},
				"up": {"uv": [4.5, 0.5, 3.75, 0.25], "rotation": 270, "texture": "#1"},
				"down": {"uv": [3.75, 5.75, 4.5, 5.5], "rotation": 270, "texture": "#1"}
			}
		},
		{
			"from": [7.75, 13.99008, 15.51448],
			"to": [8.25, 14.99008, 17.01448],
			"rotation": {"angle": -22.5, "axis": "x", "origin": [8, 1.5, 9.75]},
			"faces": {
				"north": {"uv": [2.25, 6.25, 2.5, 6.75], "texture": "#1"},
				"east": {"uv": [3, 6.25, 2.25, 6.75], "texture": "#1"},
				"south": {"uv": [2.75, 6.25, 3, 6.75], "texture": "#1"},
				"west": {"uv": [2.25, 6.25, 3, 6.75], "texture": "#1"},
				"up": {"uv": [3, 6.5, 2.25, 6.25], "rotation": 90, "texture": "#1"},
				"down": {"uv": [2.25, 6.75, 3, 6.5], "rotation": 270, "texture": "#1"}
			}
		},
		{
			"from": [8, 11.25218, 2.72867],
			"to": [8, 18.75218, 4.22867],
			"rotation": {"angle": 22.5, "axis": "x", "origin": [8, 1.5, 9.75]},
			"faces": {
				"north": {"uv": [0, 0, 0, 3.75], "texture": "#1"},
				"east": {"uv": [2, 0.5, 1.25, 4.25], "texture": "#1"},
				"south": {"uv": [0, 0, 0, 3.75], "texture": "#1"},
				"west": {"uv": [1.25, 0.5, 2, 4.25], "texture": "#1"},
				"up": {"uv": [0, 0.75, 0, 0], "texture": "#1"},
				"down": {"uv": [0, 0, 0, 0.75], "texture": "#1"}
			}
		},
		{
			"from": [7.7495, 6.75168, 1.97817],
			"to": [8.2505, 8.25268, 6.47917],
			"rotation": {"angle": 22.5, "axis": "x", "origin": [8, 1.5, 9.75]},
			"faces": {
				"north": {"uv": [3, 7, 3.25, 7.75], "texture": "#1"},
				"east": {"uv": [5.25, 7, 3, 7.75], "texture": "#1"},
				"south": {"uv": [5, 7, 5.25, 7.75], "texture": "#1"},
				"west": {"uv": [3, 7, 5.25, 7.75], "texture": "#1"},
				"up": {"uv": [5.25, 7.25, 3, 7], "rotation": 270, "texture": "#1"},
				"down": {"uv": [3, 7.75, 5.25, 7.5], "rotation": 270, "texture": "#1"}
			}
		},
		{
			"from": [7.7495, 9.75168, 2.47817],
			"to": [8.2505, 11.25268, 5.97917],
			"rotation": {"angle": 22.5, "axis": "x", "origin": [8, 1.5, 9.75]},
			"faces": {
				"north": {"uv": [3.25, 6, 3.5, 6.75], "texture": "#1"},
				"east": {"uv": [5, 6, 3.25, 6.75], "texture": "#1"},
				"south": {"uv": [4.75, 6, 5, 6.75], "texture": "#1"},
				"west": {"uv": [3.25, 6, 5, 6.75], "texture": "#1"},
				"up": {"uv": [5, 6.25, 3.25, 6], "rotation": 270, "texture": "#1"},
				"down": {"uv": [3.25, 6.75, 5, 6.5], "rotation": 90, "texture": "#1"}
			}
		},
		{
			"from": [7.25, -1.5, 7.24127],
			"to": [8.75, 4.5, 8.74127],
			"rotation": {"angle": 0, "axis": "y", "origin": [8, 1.5, 9.75]},
			"faces": {
				"north": {"uv": [0.25, 8, 1, 11], "texture": "#1"},
				"east": {"uv": [2, 8, 1.25, 11], "texture": "#1"},
				"south": {"uv": [2.25, 8, 3, 11], "texture": "#1"},
				"west": {"uv": [1.25, 8, 2, 11], "texture": "#1"},
				"up": {"uv": [9.25, 11.75, 8.5, 11], "texture": "#1"},
				"down": {"uv": [13.25, 4.75, 12.5, 5.5], "texture": "#1"}
			}
		},
		{
			"from": [8, -13.25, 10.74127],
			"to": [8, 16.25, 16.24127],
			"rotation": {"angle": 0, "axis": "y", "origin": [8, 1.5, 9.75]},
			"faces": {
				"north": {"uv": [0, 0, 0, 14.75], "texture": "#3"},
				"east": {"uv": [5.5, 0, 2.75, 14.75], "texture": "#3"},
				"south": {"uv": [0, 0, 0, 14.75], "texture": "#3"},
				"west": {"uv": [2.75, 0, 5.5, 14.75], "texture": "#3"},
				"up": {"uv": [0, 2.75, 0, 0], "texture": "#3"},
				"down": {"uv": [0, 0, 0, 2.75], "texture": "#3"}
			}
		},
		{
			"from": [7.125, -1.625, 7.11627],
			"to": [8.875, 4.625, 8.86627],
			"rotation": {"angle": 0, "axis": "y", "origin": [8, 1.5, 9.75]},
			"faces": {
				"north": {"uv": [4.75, 3, 5.5, 6], "texture": "#1"},
				"east": {"uv": [6.25, 3, 5.5, 6], "texture": "#1"},
				"south": {"uv": [6.25, 3, 7, 6], "texture": "#1"},
				"west": {"uv": [5.5, 3, 6.25, 6], "texture": "#1"},
				"up": {"uv": [0, 0, 0, 0], "texture": "#1"},
				"down": {"uv": [0, 0, 0, 0], "texture": "#1"}
			}
		},
		{
			"from": [7.75, 5.34691, 6.50103],
			"to": [8.25, 6.34691, 8.50103],
			"rotation": {"angle": -22.5, "axis": "x", "origin": [8, 1.5, 9.75]},
			"faces": {
				"north": {"uv": [0, 7.25, 0.25, 7.75], "texture": "#1"},
				"east": {"uv": [1, 7.25, 0, 7.75], "texture": "#1"},
				"south": {"uv": [0.75, 7.25, 1, 7.75], "texture": "#1"},
				"west": {"uv": [0, 7.25, 1, 7.75], "texture": "#1"},
				"up": {"uv": [1, 7.5, 0, 7.25], "rotation": 270, "texture": "#1"},
				"down": {"uv": [0, 7.5, 1, 7.75], "rotation": 270, "texture": "#1"}
			}
		},
		{
			"from": [7.75, 4.00084, 7.62426],
			"to": [8.25, 5.00084, 8.62426],
			"rotation": {"angle": 22.5, "axis": "x", "origin": [8, 1.5, 9.75]},
			"faces": {
				"north": {"uv": [2.25, 7.25, 2.5, 7.75], "texture": "#1"},
				"east": {"uv": [2.75, 7.25, 2.25, 7.75], "texture": "#1"},
				"south": {"uv": [2.5, 7.25, 2.75, 7.75], "texture": "#1"},
				"west": {"uv": [2.25, 7.25, 2.75, 7.75], "texture": "#1"},
				"up": {"uv": [2.75, 7.5, 2.25, 7.25], "rotation": 270, "texture": "#1"},
				"down": {"uv": [2.25, 7.75, 2.75, 7.5], "rotation": 270, "texture": "#1"}
			}
		},
		{
			"from": [7.75, -2.00084, 7.62426],
			"to": [8.25, -1.00084, 8.62426],
			"rotation": {"angle": -22.5, "axis": "x", "origin": [8, 1.5, 9.75]},
			"faces": {
				"north": {"uv": [2.25, 11.25, 2.5, 11.75], "texture": "#1"},
				"east": {"uv": [2.75, 11.25, 2.25, 11.75], "texture": "#1"},
				"south": {"uv": [2.5, 11.25, 2.75, 11.75], "texture": "#1"},
				"west": {"uv": [2.25, 11.25, 2.75, 11.75], "texture": "#1"},
				"up": {"uv": [2.75, 11.5, 2.25, 11.25], "rotation": 270, "texture": "#1"},
				"down": {"uv": [2.25, 11.75, 2.75, 11.5], "rotation": 270, "texture": "#1"}
			}
		},
		{
			"from": [7, -3, 6.74127],
			"to": [9, -1.5, 9.24127],
			"rotation": {"angle": 0, "axis": "y", "origin": [8, 1.5, 9.75]},
			"faces": {
				"north": {"uv": [1, 11.25, 1.25, 12], "texture": "#1"},
				"east": {"uv": [2.25, 11.25, 1, 12], "texture": "#1"},
				"south": {"uv": [2, 11.25, 2.25, 12], "texture": "#1"},
				"west": {"uv": [1, 11.25, 2.25, 12], "texture": "#1"},
				"up": {"uv": [2.25, 11.5, 1, 11.25], "rotation": 270, "texture": "#1"},
				"down": {"uv": [1, 12, 2.25, 11.75], "rotation": 270, "texture": "#1"}
			}
		},
		{
			"from": [7.75, -3.34691, 6.50103],
			"to": [8.25, -2.34691, 8.50103],
			"rotation": {"angle": 22.5, "axis": "x", "origin": [8, 1.5, 9.75]},
			"faces": {
				"north": {"uv": [0, 11.25, 0.25, 11.75], "texture": "#1"},
				"east": {"uv": [1, 11.25, 0, 11.75], "texture": "#1"},
				"south": {"uv": [0.75, 11.25, 1, 11.75], "texture": "#1"},
				"west": {"uv": [0, 11.25, 1, 11.75], "texture": "#1"},
				"up": {"uv": [1, 11.5, 0, 11.25], "rotation": 270, "texture": "#1"},
				"down": {"uv": [0, 11.75, 1, 11.5], "rotation": 270, "texture": "#1"}
			}
		},
		{
			"from": [7, 4.5, 6.74127],
			"to": [9, 6, 9.24127],
			"rotation": {"angle": 0, "axis": "y", "origin": [8, 1.5, 9.75]},
			"faces": {
				"north": {"uv": [1, 7, 1.25, 7.75], "texture": "#1"},
				"east": {"uv": [2.25, 7, 1, 7.75], "texture": "#1"},
				"south": {"uv": [2, 7, 2.25, 7.75], "texture": "#1"},
				"west": {"uv": [1, 7, 2.25, 7.75], "texture": "#1"},
				"up": {"uv": [2.25, 7.25, 1, 7], "rotation": 270, "texture": "#1"},
				"down": {"uv": [1, 7.75, 2.25, 7.5], "rotation": 270, "texture": "#1"}
			}
		},
		{
			"from": [7.75, -6.25437, 8.9799],
			"to": [8.25, -2.75437, 10.4799],
			"rotation": {"angle": 22.5, "axis": "x", "origin": [8, 1.5, 9.75]},
			"faces": {
				"north": {"uv": [1.25, 12.25, 1.5, 14], "texture": "#1"},
				"east": {"uv": [2, 12.25, 1.25, 14], "texture": "#1"},
				"south": {"uv": [1.75, 12.25, 2, 14], "texture": "#1"},
				"west": {"uv": [1.25, 12.25, 2, 14], "texture": "#1"},
				"up": {"uv": [2, 12.5, 1.25, 12.25], "rotation": 270, "texture": "#1"},
				"down": {"uv": [1.25, 13.75, 2, 14], "rotation": 270, "texture": "#1"}
			}
		},
		{
			"from": [7.5, -12.75218, 3.47867],
			"to": [8.5, -1.75218, 4.97867],
			"rotation": {"angle": -22.5, "axis": "x", "origin": [8, 1.5, 9.75]},
			"faces": {
				"north": {"uv": [4, 10, 4.25, 15.5], "texture": "#1"},
				"east": {"uv": [4.75, 10, 4, 15.5], "texture": "#1"},
				"south": {"uv": [4.5, 10, 4.75, 15.5], "texture": "#1"},
				"west": {"uv": [4, 10, 4.75, 15.5], "texture": "#1"},
				"up": {"uv": [4.75, 10.25, 4, 10], "rotation": 270, "texture": "#1"},
				"down": {"uv": [4, 15.5, 4.75, 15.25], "rotation": 270, "texture": "#1"}
			}
		},
		{
			"from": [7.75, -11.99008, 15.51448],
			"to": [8.25, -10.99008, 17.01448],
			"rotation": {"angle": 22.5, "axis": "x", "origin": [8, 1.5, 9.75]},
			"faces": {
				"north": {"uv": [3, 11.25, 3.25, 11.75], "texture": "#1"},
				"east": {"uv": [3.75, 11.25, 3, 11.75], "texture": "#1"},
				"south": {"uv": [3.5, 11.25, 3.75, 11.75], "texture": "#1"},
				"west": {"uv": [3, 11.25, 3.75, 11.75], "texture": "#1"},
				"up": {"uv": [3.75, 11.5, 3, 11.25], "rotation": 270, "texture": "#1"},
				"down": {"uv": [3, 11.75, 3.75, 11.5], "rotation": 270, "texture": "#1"}
			}
		},
		{
			"from": [8, -15.75218, 2.72867],
			"to": [8, -8.25218, 4.22867],
			"rotation": {"angle": -22.5, "axis": "x", "origin": [8, 1.5, 9.75]},
			"faces": {
				"north": {"uv": [0, 0, 0, 3.75], "texture": "#1"},
				"east": {"uv": [1, 12.25, 0.25, 16], "texture": "#1"},
				"south": {"uv": [0, 0, 0, 3.75], "texture": "#1"},
				"west": {"uv": [0.25, 12.25, 1, 16], "texture": "#1"},
				"up": {"uv": [0, 0.75, 0, 0], "texture": "#1"},
				"down": {"uv": [0, 0, 0, 0.75], "texture": "#1"}
			}
		},
		{
			"from": [7.7495, -5.25268, 1.97817],
			"to": [8.2505, -3.75168, 6.47917],
			"rotation": {"angle": -22.5, "axis": "x", "origin": [8, 1.5, 9.75]},
			"faces": {
				"north": {"uv": [3.25, 8, 3.5, 8.75], "texture": "#1"},
				"east": {"uv": [5.5, 8, 3.25, 8.75], "texture": "#1"},
				"south": {"uv": [5.25, 8, 5.5, 8.75], "texture": "#1"},
				"west": {"uv": [3.25, 8, 5.5, 8.75], "texture": "#1"},
				"up": {"uv": [5.5, 8.25, 3.25, 8], "rotation": 270, "texture": "#1"},
				"down": {"uv": [3.25, 8.75, 5.5, 8.5], "rotation": 270, "texture": "#1"}
			}
		},
		{
			"from": [7.7495, -8.25268, 2.47817],
			"to": [8.2505, -6.75168, 5.97917],
			"rotation": {"angle": -22.5, "axis": "x", "origin": [8, 1.5, 9.75]},
			"faces": {
				"north": {"uv": [3.5, 9, 3.75, 9.75], "texture": "#1"},
				"east": {"uv": [5.25, 9, 3.5, 9.75], "texture": "#1"},
				"south": {"uv": [5, 9, 5.25, 9.75], "texture": "#1"},
				"west": {"uv": [3.5, 9, 5.25, 9.75], "texture": "#1"},
				"up": {"uv": [5.25, 9.25, 3.5, 9], "rotation": 270, "texture": "#1"},
				"down": {"uv": [3.5, 9.75, 5.25, 9.5], "rotation": 270, "texture": "#1"}
			}
		},
		{
			"from": [7.75, 1.15902, 3.18107],
			"to": [8.25, 1.65902, 13.18107],
			"rotation": {"angle": 0, "axis": "y", "origin": [4, 4.65902, 4.68107]},
			"faces": {
				"north": {"uv": [7.5, 15.775, 7.7, 15.975], "texture": "#1"},
				"east": {"uv": [12.5, 15.775, 7.5, 15.975], "texture": "#1"},
				"south": {"uv": [12.3, 15.775, 12.5, 15.975], "texture": "#1"},
				"west": {"uv": [7.5, 15.775, 12.5, 15.975], "texture": "#1"},
				"up": {"uv": [12.5, 15.975, 7.5, 15.775], "rotation": 270, "texture": "#1"},
				"down": {"uv": [7.5, 15.975, 12.5, 15.775], "rotation": 270, "texture": "#1"}
			}
		},
		{
			"from": [8, 0.15902, 1.68107],
			"to": [8, 2.65902, 4.68107],
			"rotation": {"angle": -45, "axis": "z", "origin": [8, 1.40902, 3.43107]},
			"faces": {
				"north": {"uv": [9.8, 3, 9.8, 4], "texture": "#1"},
				"east": {"uv": [6.9875, 14.75, 5.4875, 16], "texture": "#1"},
				"south": {"uv": [11, 3, 11, 4], "texture": "#1"},
				"west": {"uv": [5.5, 14.75, 7, 16], "texture": "#1"},
				"up": {"uv": [9.8, 3, 9.8, 1.8], "texture": "#1"},
				"down": {"uv": [9.8, 1.8, 9.8, 3], "texture": "#1"}
			}
		},
		{
			"from": [8, 0.15902, 1.68107],
			"to": [8, 2.65902, 4.68107],
			"rotation": {"angle": 45, "axis": "z", "origin": [8, 1.40902, 3.18107]},
			"faces": {
				"north": {"uv": [9.8, 3, 9.8, 4], "texture": "#1"},
				"east": {"uv": [6.9875, 14.75, 5.4875, 16], "texture": "#1"},
				"south": {"uv": [11, 3, 11, 4], "texture": "#1"},
				"west": {"uv": [5.5, 14.75, 7, 16], "texture": "#1"},
				"up": {"uv": [9.8, 3, 9.8, 1.8], "texture": "#1"},
				"down": {"uv": [9.8, 1.8, 9.8, 3], "texture": "#1"}
			}
		},
		{
			"from": [8, 0.15902, 11.18107],
			"to": [8, 2.65902, 14.18107],
			"rotation": {"angle": -45, "axis": "z", "origin": [8, 1.40902, 12.43107]},
			"faces": {
				"north": {"uv": [11.8, 3, 11.8, 4], "texture": "#1"},
				"east": {"uv": [14.2375, 14.75, 12.7375, 16], "texture": "#1"},
				"south": {"uv": [13, 3, 13, 4], "texture": "#1"},
				"west": {"uv": [12.75, 14.75, 14.25, 16], "texture": "#1"},
				"up": {"uv": [11.8, 3, 11.8, 1.8], "texture": "#1"},
				"down": {"uv": [11.8, 1.8, 11.8, 3], "texture": "#1"}
			}
		},
		{
			"from": [6.75, 1.40902, 11.18107],
			"to": [9.25, 1.40902, 14.18107],
			"rotation": {"angle": -45, "axis": "z", "origin": [8, 1.40902, 12.68107]},
			"faces": {
				"north": {"uv": [9.8, 3, 9.8, 4], "rotation": 90, "texture": "#1"},
				"east": {"uv": [9.8, 1.8, 9.8, 3], "rotation": 270, "texture": "#1"},
				"south": {"uv": [11, 3, 11, 4], "rotation": 270, "texture": "#1"},
				"west": {"uv": [9.8, 3, 9.8, 1.8], "rotation": 270, "texture": "#1"},
				"up": {"uv": [14.2375, 14.75, 12.7375, 16], "rotation": 270, "texture": "#1"},
				"down": {"uv": [12.75, 14.75, 14.25, 16], "rotation": 270, "texture": "#1"}
			}
		}
	],
	"gui_light": "front",
	"display": {
		"thirdperson_righthand": {
			"translation": [0, 4.5, 1.5]
		},
		"thirdperson_lefthand": {
			"translation": [0, 4.5, 1.75]
		},
		"firstperson_righthand": {
			"rotation": [9, 7, 0],
			"translation": [4.75, 16, -4]
		},
		"firstperson_lefthand": {
			"rotation": [9, 7, 0],
			"translation": [4.75, 16, -4]
		},
		"ground": {
			"rotation": [-45, 0, 0],
			"translation": [0, 13.5, -0.5]
		},
		"gui": {
			"rotation": [-90, 135, 90],
			"translation": [1.5, 3.75, 0],
			"scale": [0.55, 0.55, 0.55]
		},
		"fixed": {
			"rotation": [90, -45, 90],
			"translation": [-1.75, 4.25, -0.25],
			"scale": [0.7, 0.7, 0.7]
		}
	},
	"groups": [
		{
			"name": "group",
			"origin": [1.75, 1.37951, -2.03447],
			"color": 0,
			"children": [0, 1, 2, 3, 4, 5]
		},
		{
			"name": "group2",
			"origin": [2, -1.25, 2],
			"color": 0,
			"children": [6, 7, 8, 9, 10, 11, 12, 13, 14]
		},
		{
			"name": "group3",
			"origin": [1.75, -8.37951, -2.03447],
			"color": 0,
			"children": [15, 16, 17, 18, 19, 20]
		},
		{
			"name": "arrow",
			"origin": [8, -1.98195, -5.63787],
			"color": 0,
			"children": [21, 22, 23, 24, 25]
		}
	]
}